time,enrolled,available,waitlisted,total
2022-02-12T07:04:24,0,60,0,60
2022-02-12T07:12:32,0,60,0,60
2022-02-12T07:20:46,0,60,0,60
2022-02-12T07:28:54,0,60,0,60
2022-02-12T07:37:01,0,60,0,60
2022-02-12T07:45:08,0,60,0,60
2022-02-12T07:53:16,0,60,0,60
2022-02-12T08:01:24,0,60,0,60
2022-02-12T08:09:32,0,60,0,60
2022-02-12T08:17:39,0,60,0,60
2022-02-12T08:25:47,0,60,0,60
2022-02-12T08:33:54,0,60,0,60
2022-02-12T08:42:09,0,60,0,60
2022-02-12T08:50:17,0,60,0,60
2022-02-12T08:58:24,0,60,0,60
2022-02-12T09:06:32,0,60,0,60
2022-02-12T09:14:39,0,60,0,60
2022-02-12T09:22:46,0,60,0,60
2022-02-12T09:30:54,0,60,0,60
2022-02-12T09:39:01,0,60,0,60
2022-02-12T09:47:09,0,60,0,60
2022-02-12T09:55:16,0,60,0,60
2022-02-12T10:03:24,0,60,0,60
2022-02-12T10:11:31,0,60,0,60
2022-02-12T10:19:39,0,60,0,60
2022-02-12T10:27:46,0,60,0,60
2022-02-12T10:36:02,0,60,0,60
2022-02-12T10:44:09,0,60,0,60
2022-02-12T10:52:17,0,60,0,60
2022-02-12T11:00:24,0,60,0,60
2022-02-12T11:08:32,0,60,0,60
2022-02-12T11:16:39,0,60,0,60
2022-02-12T11:24:47,0,60,0,60
2022-02-12T11:32:55,1,59,0,60
2022-02-12T11:41:02,1,59,0,60
2022-02-12T11:49:10,1,59,0,60
2022-02-12T11:57:26,1,59,0,60
2022-02-12T12:05:34,1,59,0,60
2022-02-12T12:13:41,2,58,0,60
2022-02-12T12:21:49,2,58,0,60
2022-02-12T12:29:56,2,58,0,60
2022-02-12T12:38:03,2,58,0,60
2022-02-12T12:46:18,2,58,0,60
2022-02-12T12:54:25,2,58,0,60
2022-02-12T13:02:33,2,58,0,60
2022-02-12T13:10:40,2,58,0,60
2022-02-12T13:18:48,2,58,0,60
2022-02-12T13:26:55,2,58,0,60
2022-02-12T13:35:03,2,58,0,60
2022-02-12T13:43:10,2,58,0,60
2022-02-12T13:51:17,2,58,0,60
2022-02-12T13:59:25,2,58,0,60
2022-02-12T14:07:32,2,58,0,60
2022-02-12T14:15:40,2,58,0,60
2022-02-12T14:23:47,2,58,0,60
2022-02-12T14:32:05,2,58,0,60
2022-02-12T14:40:13,2,58,0,60
2022-02-12T14:48:20,2,58,0,60
2022-02-12T14:56:28,2,58,0,60
2022-02-12T15:04:35,2,58,0,60
2022-02-12T15:12:43,2,58,0,60
2022-02-12T15:20:51,2,58,0,60
2022-02-12T15:28:59,2,58,0,60
2022-02-12T15:37:07,2,58,0,60
2022-02-12T15:45:15,2,58,0,60
2022-02-12T15:53:30,2,58,0,60
2022-02-12T16:01:37,2,58,0,60
2022-02-12T16:09:44,2,58,0,60
2022-02-12T16:17:52,2,58,0,60
2022-02-12T16:26:00,2,58,0,60
2022-02-12T16:34:07,2,58,0,60
2022-02-12T16:42:14,2,58,0,60
2022-02-12T16:50:22,2,58,0,60
2022-02-12T16:58:29,2,58,0,60
2022-02-12T17:06:46,2,58,0,60
2022-02-12T17:14:54,2,58,0,60
2022-02-12T17:23:01,2,58,0,60
2022-02-12T17:31:09,2,58,0,60
2022-02-12T17:39:16,2,58,0,60
2022-02-12T17:47:24,2,58,0,60
2022-02-12T17:55:31,2,58,0,60
2022-02-12T18:03:39,2,58,0,60
2022-02-12T18:11:46,2,58,0,60
2022-02-12T18:20:01,2,58,0,60
2022-02-12T18:28:08,2,58,0,60
2022-02-12T18:36:16,2,58,0,60
2022-02-12T18:44:23,2,58,0,60
2022-02-12T18:52:30,2,58,0,60
2022-02-12T19:00:38,2,58,0,60
2022-02-12T19:08:45,2,58,0,60
2022-02-12T19:16:53,2,58,0,60
2022-02-12T19:25:00,2,58,0,60
2022-02-12T19:33:08,2,58,0,60
2022-02-12T19:41:15,2,58,0,60
2022-02-12T19:49:31,2,58,0,60
2022-02-12T19:57:38,2,58,0,60
2022-02-12T20:05:46,2,58,0,60
2022-02-12T20:13:53,2,58,0,60
2022-02-12T20:22:01,2,58,0,60
2022-02-12T20:30:08,2,58,0,60
2022-02-12T20:38:16,2,58,0,60
2022-02-12T20:46:23,2,58,0,60
2022-02-12T20:54:30,2,58,0,60
2022-02-12T21:02:39,2,58,0,60
2022-02-12T21:10:46,2,58,0,60
2022-02-12T21:18:53,2,58,0,60
2022-02-12T21:27:10,2,58,0,60
2022-02-12T21:35:17,2,58,0,60
2022-02-12T21:43:24,2,58,0,60
2022-02-12T21:51:32,2,58,0,60
2022-02-12T21:59:39,2,58,0,60
2022-02-12T22:07:47,2,58,0,60
2022-02-12T22:15:54,2,58,0,60
2022-02-12T22:24:01,2,58,0,60
2022-02-12T22:32:09,2,58,0,60
2022-02-12T22:40:16,2,58,0,60
2022-02-12T22:48:24,2,58,0,60
2022-02-12T22:56:31,2,58,0,60
2022-02-12T23:04:49,2,58,0,60
2022-02-12T23:12:57,2,58,0,60
2022-02-12T23:21:04,2,58,0,60
2022-02-12T23:29:12,2,58,0,60
2022-02-12T23:37:19,2,58,0,60
2022-02-13T00:37:52,2,58,0,60
2022-02-13T00:45:59,2,58,0,60
2022-02-13T00:54:07,2,58,0,60
2022-02-13T01:02:14,2,58,0,60
2022-02-13T01:10:22,2,58,0,60
2022-02-13T01:18:37,2,58,0,60
2022-02-13T01:26:45,2,58,0,60
2022-02-13T01:34:52,2,58,0,60
2022-02-13T01:43:00,2,58,0,60
2022-02-13T01:51:07,2,58,0,60
2022-02-13T01:59:14,2,58,0,60
2022-02-13T02:07:22,2,58,0,60
2022-02-13T02:15:29,2,58,0,60
2022-02-13T02:23:37,2,58,0,60
2022-02-13T02:31:46,2,58,0,60
2022-02-13T02:39:54,2,58,0,60
2022-02-13T02:48:02,2,58,0,60
2022-02-13T02:56:10,2,58,0,60
2022-02-13T03:04:18,2,58,0,60
2022-02-13T03:12:26,2,58,0,60
2022-02-13T03:20:34,2,58,0,60
2022-02-13T03:28:42,2,58,0,60
2022-02-13T03:36:49,2,58,0,60
2022-02-13T03:44:57,2,58,0,60
2022-02-13T03:53:05,2,58,0,60
2022-02-13T04:01:13,2,58,0,60
2022-02-13T04:21:25,2,58,0,60
2022-02-13T04:30:40,2,58,0,60
2022-02-13T04:39:06,2,58,0,60
2022-02-13T04:47:14,2,58,0,60
2022-02-13T04:55:22,2,58,0,60
2022-02-13T05:03:30,2,58,0,60
2022-02-13T05:11:38,2,58,0,60
2022-02-13T05:19:46,2,58,0,60
2022-02-13T05:27:54,2,58,0,60
2022-02-13T05:36:02,2,58,0,60
2022-02-13T05:44:10,2,58,0,60
2022-02-13T05:52:18,2,58,0,60
2022-02-13T06:00:26,2,58,0,60
2022-02-13T06:08:34,2,58,0,60
2022-02-13T06:16:41,2,58,0,60
2022-02-13T06:24:49,2,58,0,60
2022-02-13T06:32:57,2,58,0,60
2022-02-13T06:41:05,2,58,0,60
2022-02-13T06:49:13,2,58,0,60
2022-02-13T06:57:20,2,58,0,60
2022-02-13T07:05:28,2,58,0,60
2022-02-13T07:13:35,2,58,0,60
2022-02-13T07:21:43,2,58,0,60
2022-02-13T07:29:50,2,58,0,60
2022-02-13T07:37:58,2,58,0,60
2022-02-13T07:46:05,2,58,0,60
2022-02-13T07:54:13,2,58,0,60
2022-02-13T08:02:20,2,58,0,60
2022-02-13T08:10:28,2,58,0,60
2022-02-13T08:18:35,2,58,0,60
2022-02-13T08:26:43,2,58,0,60
2022-02-13T08:34:50,2,58,0,60
2022-02-13T08:42:59,2,58,0,60
2022-02-13T08:51:06,2,58,0,60
2022-02-13T08:59:14,2,58,0,60
2022-02-13T09:07:21,2,58,0,60
2022-02-13T09:15:29,2,58,0,60
2022-02-13T09:23:36,2,58,0,60
2022-02-13T09:32:04,2,58,0,60
2022-02-13T09:40:11,2,58,0,60
2022-02-13T09:48:19,2,58,0,60
2022-02-13T09:56:26,2,58,0,60
2022-02-13T10:04:33,2,58,0,60
2022-02-13T10:12:41,2,58,0,60
2022-02-13T10:20:48,2,58,0,60
2022-02-13T10:28:56,2,58,0,60
2022-02-13T10:37:03,2,58,0,60
2022-02-13T10:45:11,2,58,0,60
2022-02-13T10:53:18,2,58,0,60
2022-02-13T11:01:26,2,58,0,60
2022-02-13T11:09:33,2,58,0,60
2022-02-13T11:17:41,2,58,0,60
2022-02-13T11:25:48,2,58,0,60
2022-02-13T11:33:56,2,58,0,60
2022-02-13T11:42:12,2,58,0,60
2022-02-13T11:50:20,2,58,0,60
2022-02-13T11:58:27,2,58,0,60
2022-02-13T12:06:35,2,58,0,60
2022-02-13T12:14:42,2,58,0,60
2022-02-13T12:22:50,2,58,0,60
2022-02-13T12:30:57,2,58,0,60
2022-02-13T12:39:05,2,58,0,60
2022-02-13T12:47:12,2,58,0,60
2022-02-13T12:55:20,2,58,0,60
2022-02-13T13:03:27,2,58,0,60
2022-02-13T13:11:34,2,58,0,60
2022-02-13T13:19:42,2,58,0,60
2022-02-13T13:27:49,2,58,0,60
2022-02-13T13:35:57,2,58,0,60
2022-02-13T13:44:13,2,58,0,60
2022-02-13T13:52:21,2,58,0,60
2022-02-13T14:00:28,2,58,0,60
2022-02-13T14:08:35,2,58,0,60
2022-02-13T14:16:43,2,58,0,60
2022-02-13T14:24:50,2,58,0,60
2022-02-13T14:32:58,2,58,0,60
2022-02-13T14:41:05,2,58,0,60
2022-02-13T14:49:12,2,58,0,60
2022-02-13T14:57:20,2,58,0,60
2022-02-13T15:05:27,2,58,0,60
2022-02-13T15:13:50,2,58,0,60
2022-02-13T15:21:57,2,58,0,60
2022-02-13T15:30:05,2,58,0,60
2022-02-13T15:38:12,2,58,0,60
2022-02-13T15:46:20,2,58,0,60
2022-02-13T15:54:27,2,58,0,60
2022-02-13T16:02:35,2,58,0,60
2022-02-13T16:10:42,2,58,0,60
2022-02-13T16:18:50,2,58,0,60
2022-02-13T16:26:57,2,58,0,60
2022-02-13T16:35:05,2,58,0,60
2022-02-13T16:43:12,2,58,0,60
2022-02-13T16:51:20,2,58,0,60
2022-02-13T16:59:27,2,58,0,60
2022-02-13T17:07:35,2,58,0,60
2022-02-13T17:15:52,2,58,0,60
2022-02-13T17:23:59,2,58,0,60
2022-02-13T17:32:07,2,58,0,60
2022-02-13T17:40:14,2,58,0,60
2022-02-13T17:48:22,2,58,0,60
2022-02-13T17:56:29,2,58,0,60
2022-02-13T18:04:37,2,58,0,60
2022-02-13T18:13:01,2,58,0,60
2022-02-13T18:21:09,2,58,0,60
2022-02-13T18:29:16,2,58,0,60
2022-02-13T18:37:23,2,58,0,60
2022-02-13T18:45:31,2,58,0,60
2022-02-13T18:53:38,2,58,0,60
2022-02-13T19:01:46,2,58,0,60
2022-02-13T19:09:53,2,58,0,60
2022-02-13T19:18:00,2,58,0,60
2022-02-13T19:26:08,2,58,0,60
2022-02-13T19:34:15,2,58,0,60
2022-02-13T19:42:23,2,58,0,60
2022-02-13T19:50:30,2,58,0,60
2022-02-13T19:58:38,2,58,0,60
2022-02-13T20:06:54,2,58,0,60
2022-02-13T20:15:01,2,58,0,60
2022-02-13T20:23:09,2,58,0,60
2022-02-13T20:31:16,2,58,0,60
2022-02-13T20:39:23,2,58,0,60
2022-02-13T20:47:31,2,58,0,60
2022-02-13T20:55:38,2,58,0,60
2022-02-13T21:03:46,2,58,0,60
2022-02-13T21:11:53,2,58,0,60
2022-02-13T21:20:12,2,58,0,60
2022-02-13T21:28:19,2,58,0,60
2022-02-13T21:36:27,2,58,0,60
2022-02-13T21:44:34,2,58,0,60
2022-02-13T21:52:42,2,58,0,60
2022-02-13T22:00:49,2,58,0,60
2022-02-13T22:08:57,2,58,0,60
2022-02-13T22:17:04,2,58,0,60
2022-02-13T22:25:12,2,58,0,60
2022-02-13T22:33:38,2,58,0,60
2022-02-13T22:41:45,2,58,0,60
2022-02-13T22:49:52,2,58,0,60
2022-02-13T22:58:00,2,58,0,60
2022-02-13T23:06:07,2,58,0,60
2022-02-13T23:14:15,2,58,0,60
2022-02-13T23:22:23,2,58,0,60
2022-02-13T23:30:30,2,58,0,60
2022-02-13T23:38:38,2,58,0,60
2022-02-13T23:46:45,2,58,0,60
2022-02-13T23:55:03,2,58,0,60
2022-02-14T00:03:10,2,58,0,60
2022-02-14T00:11:18,2,58,0,60
2022-02-14T00:19:26,2,58,0,60
2022-02-14T00:27:34,2,58,0,60
2022-02-14T00:35:41,2,58,0,60
2022-02-14T00:43:50,2,58,0,60
2022-02-14T00:51:57,2,58,0,60
2022-02-14T01:00:05,2,58,0,60
2022-02-14T01:08:12,2,58,0,60
2022-02-14T01:16:20,2,58,0,60
2022-02-14T01:24:28,2,58,0,60
2022-02-14T01:32:36,2,58,0,60
2022-02-14T01:40:44,2,58,0,60
2022-02-14T01:49:08,2,58,0,60
2022-02-14T01:57:16,2,58,0,60
2022-02-14T02:05:24,2,58,0,60
2022-02-14T02:10:00,2,58,0,60
2022-02-14T02:18:08,2,58,0,60
2022-02-14T02:26:16,2,58,0,60
2022-02-14T02:34:23,2,58,0,60
2022-02-14T02:42:31,2,58,0,60
2022-02-14T02:50:38,2,58,0,60
2022-02-14T02:58:46,2,58,0,60
2022-02-14T03:06:53,2,58,0,60
2022-02-14T03:15:01,2,58,0,60
2022-02-14T03:23:09,2,58,0,60
2022-02-14T03:31:16,2,58,0,60
2022-02-14T03:39:24,2,58,0,60
2022-02-14T03:47:32,2,58,0,60
2022-02-14T03:55:39,2,58,0,60
2022-02-14T04:03:47,2,58,0,60
2022-02-14T04:16:09,2,58,0,60
2022-02-14T04:24:18,2,58,0,60
2022-02-14T04:28:31,2,58,0,60
2022-02-14T04:36:41,2,58,0,60
2022-02-14T04:45:59,2,58,0,60
2022-02-14T04:54:27,2,58,0,60
2022-02-14T05:02:35,2,58,0,60
2022-02-14T05:10:44,2,58,0,60
2022-02-14T05:18:52,2,58,0,60
2022-02-14T05:27:00,2,58,0,60
2022-02-14T05:35:08,2,58,0,60
2022-02-14T05:43:15,2,58,0,60
2022-02-14T05:51:23,2,58,0,60
2022-02-14T05:59:31,2,58,0,60
2022-02-14T06:07:38,2,58,0,60
2022-02-14T06:15:46,2,58,0,60
2022-02-14T06:23:54,2,58,0,60
2022-02-14T06:32:02,2,58,0,60
2022-02-14T06:40:11,2,58,0,60
2022-02-14T06:48:19,2,58,0,60
2022-02-14T06:56:26,2,58,0,60
2022-02-14T07:04:34,2,58,0,60
2022-02-14T07:12:42,2,58,0,60
2022-02-14T07:20:49,2,58,0,60
2022-02-14T07:28:57,2,58,0,60
2022-02-14T07:37:04,2,58,0,60
2022-02-14T07:45:12,2,58,0,60
2022-02-14T07:53:20,2,58,0,60
2022-02-14T08:01:27,2,58,0,60
2022-02-14T08:09:35,2,58,0,60
2022-02-14T08:17:42,2,58,0,60
2022-02-14T08:25:50,2,58,0,60
2022-02-14T08:34:06,2,58,0,60
2022-02-14T08:42:14,2,58,0,60
2022-02-14T08:50:22,2,58,0,60
2022-02-14T08:58:29,2,58,0,60
2022-02-14T09:06:37,2,58,0,60
2022-02-14T09:14:45,2,58,0,60
2022-02-14T09:22:52,2,58,0,60
2022-02-14T09:31:00,2,58,0,60
2022-02-14T09:39:08,2,58,0,60
2022-02-14T09:47:16,2,58,0,60
2022-02-14T09:55:23,2,58,0,60
2022-02-14T10:03:31,2,58,0,60
2022-02-14T10:11:52,2,58,0,60
2022-02-14T10:20:00,2,58,0,60
2022-02-14T10:28:08,2,58,0,60
2022-02-14T10:36:16,2,58,0,60
2022-02-14T10:44:24,2,58,0,60
2022-02-14T10:52:33,2,58,0,60
2022-02-14T11:00:41,2,58,0,60
2022-02-14T11:08:57,2,58,0,60
2022-02-14T11:17:06,2,58,0,60
2022-02-14T11:25:14,2,58,0,60
2022-02-14T11:33:22,2,58,0,60
2022-02-14T11:41:30,1,59,0,60
2022-02-14T11:49:38,1,59,0,60
2022-02-14T11:57:55,1,59,0,60
2022-02-14T12:06:03,1,59,0,60
2022-02-14T12:14:11,1,59,0,60
2022-02-14T12:22:19,1,59,0,60
2022-02-14T12:30:27,1,59,0,60
2022-02-14T12:38:34,1,59,0,60
2022-02-14T12:46:42,1,59,0,60
2022-02-14T12:54:59,1,59,0,60
2022-02-14T13:03:07,1,59,0,60
2022-02-14T13:11:15,1,59,0,60
2022-02-14T13:19:23,1,59,0,60
2022-02-14T13:27:41,2,58,0,60
2022-02-14T13:35:48,2,58,0,60
2022-02-14T13:43:57,2,58,0,60
2022-02-14T13:52:05,2,58,0,60
2022-02-14T14:00:13,2,58,0,60
2022-02-14T14:08:30,2,58,0,60
2022-02-14T14:16:38,2,58,0,60
2022-02-14T14:24:46,2,58,0,60
2022-02-14T14:32:53,2,58,0,60
2022-02-14T14:41:02,2,58,0,60
2022-02-14T14:49:10,2,58,0,60
2022-02-14T14:57:27,2,58,0,60
2022-02-14T15:05:35,2,58,0,60
2022-02-14T15:13:43,2,58,0,60
2022-02-14T15:21:51,2,58,0,60
2022-02-14T15:29:59,2,58,0,60
2022-02-14T15:38:07,2,58,0,60
2022-02-14T15:46:25,2,58,0,60
2022-02-14T15:54:33,2,58,0,60
2022-02-14T16:02:41,2,58,0,60
2022-02-14T16:10:49,2,58,0,60
2022-02-14T16:18:57,2,58,0,60
2022-02-14T16:27:16,2,58,0,60
2022-02-14T16:35:23,2,58,0,60
2022-02-14T16:43:31,2,58,0,60
2022-02-14T16:51:38,2,58,0,60
2022-02-14T16:59:46,2,58,0,60
2022-02-14T17:08:04,2,58,0,60
2022-02-14T17:16:11,2,58,0,60
2022-02-14T17:24:19,2,58,0,60
2022-02-14T17:32:27,2,58,0,60
2022-02-14T17:40:34,2,58,0,60
2022-02-14T17:48:54,2,58,0,60
2022-02-14T17:57:02,2,58,0,60
2022-02-14T18:05:10,2,58,0,60
2022-02-14T18:13:17,2,58,0,60
2022-02-14T18:21:25,2,58,0,60
2022-02-14T18:29:43,2,58,0,60
2022-02-14T18:37:51,2,58,0,60
2022-02-14T18:45:58,2,58,0,60
2022-02-14T18:54:06,2,58,0,60
2022-02-14T19:02:14,2,58,0,60
2022-02-14T19:10:22,2,58,0,60
2022-02-14T19:18:38,2,58,0,60
2022-02-14T19:26:45,2,58,0,60
2022-02-14T19:34:53,3,57,0,60
2022-02-14T19:43:00,3,57,0,60
2022-02-14T19:51:08,3,57,0,60
2022-02-14T19:59:25,3,57,0,60
2022-02-14T20:07:32,3,57,0,60
2022-02-14T20:15:40,4,56,0,60
2022-02-14T20:23:47,4,56,0,60
2022-02-14T20:32:06,4,56,0,60
2022-02-14T20:40:14,4,56,0,60
2022-02-14T20:48:21,4,56,0,60
2022-02-14T20:56:29,4,56,0,60
2022-02-14T21:04:36,4,56,0,60
2022-02-14T21:12:44,4,56,0,60
2022-02-14T21:21:03,4,56,0,60
2022-02-14T21:29:11,4,56,0,60
2022-02-14T21:37:19,4,56,0,60
2022-02-14T21:45:27,4,56,0,60
2022-02-14T21:53:35,4,56,0,60
2022-02-14T22:01:42,4,56,0,60
2022-02-14T22:09:50,4,56,0,60
2022-02-14T22:18:08,4,56,0,60
2022-02-14T22:26:16,4,56,0,60
2022-02-14T22:34:24,4,56,0,60
2022-02-14T22:42:31,4,56,0,60
2022-02-14T22:50:39,4,56,0,60
2022-02-14T22:58:46,4,56,0,60
2022-02-14T23:07:03,4,56,0,60
2022-02-14T23:15:11,4,56,0,60
2022-02-14T23:23:19,4,56,0,60
2022-02-14T23:31:26,4,56,0,60
2022-02-14T23:39:34,4,56,0,60
2022-02-14T23:47:42,4,56,0,60
2022-02-14T23:55:49,4,56,0,60
2022-02-15T00:03:57,4,56,0,60
2022-02-15T00:12:05,4,56,0,60
2022-02-15T00:20:13,4,56,0,60
2022-02-15T00:28:29,4,56,0,60
2022-02-15T00:36:37,4,56,0,60
2022-02-15T00:44:44,4,56,0,60
2022-02-15T00:52:52,4,56,0,60
2022-02-15T01:01:00,4,56,0,60
2022-02-15T01:09:08,4,56,0,60
2022-02-15T01:17:16,4,56,0,60
2022-02-15T01:25:23,4,56,0,60
2022-02-15T01:33:31,4,56,0,60
2022-02-15T01:41:38,4,56,0,60
2022-02-15T01:49:54,4,56,0,60
2022-02-15T01:58:02,4,56,0,60
2022-02-15T02:06:10,4,56,0,60
2022-02-15T02:15:32,4,56,0,60
2022-02-15T02:23:40,4,56,0,60
2022-02-15T02:31:47,4,56,0,60
2022-02-15T02:39:54,4,56,0,60
2022-02-15T02:48:02,4,56,0,60
2022-02-15T02:56:09,4,56,0,60
2022-02-15T03:04:17,4,56,0,60
2022-02-15T03:12:25,4,56,0,60
2022-02-15T03:20:32,4,56,0,60
2022-02-15T03:28:40,4,56,0,60
2022-02-15T03:36:48,4,56,0,60
2022-02-15T03:44:56,4,56,0,60
2022-02-15T03:53:03,4,56,0,60
2022-02-15T04:01:11,4,56,0,60
2022-02-15T04:09:19,4,56,0,60
2022-02-15T04:37:17,4,56,0,60
2022-02-15T04:45:43,4,56,0,60
2022-02-15T04:53:51,4,56,0,60
2022-02-15T05:01:59,4,56,0,60
2022-02-15T05:10:08,4,56,0,60
2022-02-15T05:18:16,4,56,0,60
2022-02-15T05:26:24,4,56,0,60
2022-02-15T05:34:32,4,56,0,60
2022-02-15T05:42:40,4,56,0,60
2022-02-15T05:50:49,4,56,0,60
2022-02-15T05:58:57,4,56,0,60
2022-02-15T06:07:05,4,56,0,60
2022-02-15T06:15:13,4,56,0,60
2022-02-15T06:23:22,4,56,0,60
2022-02-15T06:31:30,4,56,0,60
2022-02-15T06:39:38,4,56,0,60
2022-02-15T06:47:46,4,56,0,60
2022-02-15T06:55:54,4,56,0,60
2022-02-15T07:04:01,4,56,0,60
2022-02-15T07:12:09,4,56,0,60
2022-02-15T07:20:17,4,56,0,60
2022-02-15T07:28:24,4,56,0,60
2022-02-15T07:36:32,4,56,0,60
2022-02-15T07:44:40,4,56,0,60
2022-02-15T07:52:48,4,56,0,60
2022-02-15T08:00:57,4,56,0,60
2022-02-15T08:09:04,4,56,0,60
2022-02-15T08:17:12,4,56,0,60
2022-02-15T08:25:29,4,56,0,60
2022-02-15T08:33:37,4,56,0,60
2022-02-15T08:41:45,4,56,0,60
2022-02-15T08:49:53,4,56,0,60
2022-02-15T08:58:00,4,56,0,60
2022-02-15T09:06:08,4,56,0,60
2022-02-15T09:14:16,4,56,0,60
2022-02-15T09:22:24,4,56,0,60
2022-02-15T09:30:32,4,56,0,60
2022-02-15T09:38:48,4,56,0,60
2022-02-15T09:46:55,4,56,0,60
2022-02-15T09:55:03,4,56,0,60
2022-02-15T10:03:11,4,56,0,60
2022-02-15T10:11:18,4,56,0,60
2022-02-15T10:19:26,4,56,0,60
2022-02-15T10:27:35,4,56,0,60
2022-02-15T10:35:43,4,56,0,60
2022-02-15T10:43:51,4,56,0,60
2022-02-15T10:52:07,4,56,0,60
2022-02-15T11:00:15,4,56,0,60
2022-02-15T11:08:24,4,56,0,60
2022-02-15T11:16:32,4,56,0,60
2022-02-15T11:24:40,4,56,0,60
2022-02-15T11:32:48,4,56,0,60
2022-02-15T11:40:56,4,56,0,60
2022-02-15T11:49:04,4,56,0,60
2022-02-15T11:57:22,4,56,0,60
2022-02-15T12:05:29,4,56,0,60
2022-02-15T12:13:37,4,56,0,60
2022-02-15T12:21:45,4,56,0,60
2022-02-15T12:29:53,4,56,0,60
2022-02-15T12:38:00,4,56,0,60
2022-02-15T12:46:08,3,57,0,60
2022-02-15T12:54:24,3,57,0,60
2022-02-15T13:02:32,3,57,0,60
2022-02-15T13:10:40,3,57,0,60
2022-02-15T13:18:48,3,57,0,60
2022-02-15T13:26:55,3,57,0,60
2022-02-15T13:35:03,3,57,0,60
2022-02-15T13:43:20,3,57,0,60
2022-02-15T13:51:28,3,57,0,60
2022-02-15T13:59:36,3,57,0,60
2022-02-15T14:07:45,3,57,0,60
2022-02-15T14:15:53,3,57,0,60
2022-02-15T14:24:01,3,57,0,60
2022-02-15T14:32:09,3,57,0,60
2022-02-15T14:40:26,3,57,0,60
2022-02-15T14:48:34,3,57,0,60
2022-02-15T14:56:42,3,57,0,60
2022-02-15T15:04:50,3,57,0,60
2022-02-15T15:12:57,3,57,0,60
2022-02-15T15:21:05,3,57,0,60
2022-02-15T15:29:13,3,57,0,60
2022-02-15T15:37:33,3,57,0,60
2022-02-15T15:45:42,3,57,0,60
2022-02-15T15:53:50,3,57,0,60
2022-02-15T16:01:58,3,57,0,60
2022-02-15T16:10:06,3,57,0,60
2022-02-15T16:18:14,3,57,0,60
2022-02-15T16:26:30,3,57,0,60
2022-02-15T16:34:38,3,57,0,60
2022-02-15T16:42:46,3,57,0,60
2022-02-15T16:50:53,3,57,0,60
2022-02-15T16:59:01,3,57,0,60
2022-02-15T17:07:09,3,57,0,60
2022-02-15T17:15:17,3,57,0,60
2022-02-15T17:23:25,3,57,0,60
2022-02-15T17:31:42,3,57,0,60
2022-02-15T17:39:49,3,57,0,60
2022-02-15T17:47:57,3,57,0,60
2022-02-15T17:56:05,3,57,0,60
2022-02-15T18:04:15,3,57,0,60
2022-02-15T18:12:23,3,57,0,60
2022-02-15T18:20:31,3,57,0,60
2022-02-15T18:28:48,3,57,0,60
2022-02-15T18:36:57,3,57,0,60
2022-02-15T18:45:05,3,57,0,60
2022-02-15T18:53:12,3,57,0,60
2022-02-15T19:01:20,3,57,0,60
2022-02-15T19:09:28,3,57,0,60
2022-02-15T19:17:45,3,57,0,60
2022-02-15T19:25:53,4,56,0,60
2022-02-15T19:34:00,4,56,0,60
2022-02-15T19:42:08,4,56,0,60
2022-02-15T19:50:16,4,56,0,60
2022-02-15T19:58:24,4,56,0,60
2022-02-15T20:06:31,4,56,0,60
2022-02-15T20:14:48,4,56,0,60
2022-02-15T20:22:56,4,56,0,60
2022-02-15T20:31:04,4,56,0,60
2022-02-15T20:39:12,4,56,0,60
2022-02-15T20:47:20,4,56,0,60
2022-02-15T20:55:39,4,56,0,60
2022-02-15T21:03:47,4,56,0,60
2022-02-15T21:11:55,4,56,0,60
2022-02-15T21:20:02,4,56,0,60
2022-02-15T21:28:10,4,56,0,60
2022-02-15T21:36:28,4,56,0,60
2022-02-15T21:44:36,4,56,0,60
2022-02-15T21:52:43,4,56,0,60
2022-02-15T22:00:51,4,56,0,60
2022-02-15T22:08:58,4,56,0,60
2022-02-15T22:17:06,4,56,0,60
2022-02-15T22:25:13,4,56,0,60
2022-02-15T22:33:21,4,56,0,60
2022-02-15T22:41:37,4,56,0,60
2022-02-15T22:49:45,4,56,0,60
2022-02-15T22:57:52,4,56,0,60
2022-02-15T23:06:00,4,56,0,60
2022-02-15T23:14:07,4,56,0,60
2022-02-15T23:22:15,4,56,0,60
2022-02-15T23:30:23,4,56,0,60
2022-02-15T23:41:58,4,56,0,60
2022-02-16T00:06:58,4,56,0,60
2022-02-16T00:15:09,4,56,0,60
2022-02-16T00:33:51,4,56,0,60
2022-02-16T00:41:59,4,56,0,60
2022-02-16T00:50:07,4,56,0,60
2022-02-16T00:58:15,4,56,0,60
2022-02-16T01:06:23,4,56,0,60
2022-02-16T01:14:30,4,56,0,60
2022-02-16T01:22:38,4,56,0,60
2022-02-16T01:30:46,4,56,0,60
2022-02-16T01:39:02,4,56,0,60
2022-02-16T01:47:10,4,56,0,60
2022-02-16T01:55:17,4,56,0,60
2022-02-16T02:03:25,4,56,0,60
2022-02-16T02:11:33,4,56,0,60
2022-02-16T02:19:41,4,56,0,60
2022-02-16T02:27:49,4,56,0,60
2022-02-16T02:35:56,4,56,0,60
2022-02-16T02:44:04,4,56,0,60
2022-02-16T02:52:12,4,56,0,60
2022-02-16T03:00:30,4,56,0,60
2022-02-16T03:08:37,4,56,0,60
2022-02-16T03:16:45,4,56,0,60
2022-02-16T03:24:52,4,56,0,60
2022-02-16T03:33:00,4,56,0,60
2022-02-16T03:41:07,4,56,0,60
2022-02-16T03:49:15,4,56,0,60
2022-02-16T03:57:23,4,56,0,60
2022-02-16T04:05:30,4,56,0,60
2022-02-16T04:13:38,4,56,0,60
2022-02-16T04:38:18,4,56,0,60
2022-02-16T04:46:26,4,56,0,60
2022-02-16T04:54:34,4,56,0,60
2022-02-16T05:03:57,4,56,0,60
2022-02-16T05:12:30,4,56,0,60
2022-02-16T05:20:38,4,56,0,60
2022-02-16T05:28:46,4,56,0,60
2022-02-16T05:36:55,4,56,0,60
2022-02-16T05:45:03,4,56,0,60
2022-02-16T05:53:10,4,56,0,60
2022-02-16T06:01:18,4,56,0,60
2022-02-16T06:09:26,4,56,0,60
2022-02-16T06:17:34,4,56,0,60
2022-02-16T06:25:41,4,56,0,60
2022-02-16T06:33:49,4,56,0,60
2022-02-16T06:41:57,4,56,0,60
2022-02-16T06:50:04,4,56,0,60
2022-02-16T06:58:12,4,56,0,60
2022-02-16T07:06:20,4,56,0,60
2022-02-16T07:14:27,4,56,0,60
2022-02-16T07:22:35,4,56,0,60
2022-02-16T07:30:49,4,56,0,60
2022-02-16T07:38:57,4,56,0,60
2022-02-16T07:47:05,4,56,0,60
2022-02-16T07:55:12,4,56,0,60
2022-02-16T08:03:20,4,56,0,60
2022-02-16T08:11:27,4,56,0,60
2022-02-16T08:19:35,4,56,0,60
2022-02-16T08:27:43,4,56,0,60
2022-02-16T08:35:50,4,56,0,60
2022-02-16T08:43:58,4,56,0,60
2022-02-16T08:52:05,4,56,0,60
2022-02-16T09:00:14,4,56,0,60
2022-02-16T09:08:22,4,56,0,60
2022-02-16T09:16:30,4,56,0,60
2022-02-16T09:24:38,4,56,0,60
2022-02-16T09:32:55,4,56,0,60
2022-02-16T09:41:03,4,56,0,60
2022-02-16T09:49:11,5,55,0,60
2022-02-16T09:57:19,5,55,0,60
2022-02-16T10:05:27,5,55,0,60
2022-02-16T10:13:35,5,55,0,60
2022-02-16T10:21:43,5,55,0,60
2022-02-16T10:29:51,5,55,0,60
2022-02-16T10:38:07,5,55,0,60
2022-02-16T10:46:15,5,55,0,60
2022-02-16T10:54:23,5,55,0,60
2022-02-16T11:02:30,5,55,0,60
2022-02-16T11:10:38,5,55,0,60
2022-02-16T11:18:46,5,55,0,60
2022-02-16T11:27:07,5,55,0,60
2022-02-16T11:35:16,5,55,0,60
2022-02-16T11:43:24,5,55,0,60
2022-02-16T11:51:31,5,55,0,60
2022-02-16T11:59:39,5,55,0,60
2022-02-16T12:07:47,5,55,0,60
2022-02-16T12:16:06,5,55,0,60
2022-02-16T12:24:14,5,55,0,60
2022-02-16T12:32:22,5,55,0,60
2022-02-16T12:40:32,5,55,0,60
2022-02-16T12:48:40,5,55,0,60
2022-02-16T12:56:56,5,55,0,60
2022-02-16T13:05:04,5,55,0,60
2022-02-16T13:13:12,5,55,0,60
2022-02-16T13:21:20,5,55,0,60
2022-02-16T13:29:28,5,55,0,60
2022-02-16T13:37:49,5,55,0,60
2022-02-16T13:45:57,5,55,0,60
2022-02-16T13:54:05,5,55,0,60
2022-02-16T14:02:14,5,55,0,60
2022-02-16T14:10:22,5,55,0,60
2022-02-16T14:18:40,5,55,0,60
2022-02-16T14:26:48,5,55,0,60
2022-02-16T14:34:56,5,55,0,60
2022-02-16T14:43:04,5,55,0,60
2022-02-16T14:51:12,5,55,0,60
2022-02-16T14:59:30,5,55,0,60
2022-02-16T15:07:38,5,55,0,60
2022-02-16T15:15:46,5,55,0,60
2022-02-16T15:23:54,5,55,0,60
2022-02-16T15:32:02,5,55,0,60
2022-02-16T15:40:10,5,55,0,60
2022-02-16T15:48:28,5,55,0,60
2022-02-16T15:56:36,5,55,0,60
2022-02-16T16:04:44,5,55,0,60
2022-02-16T16:12:52,5,55,0,60
2022-02-16T16:21:00,5,55,0,60
2022-02-16T16:29:08,5,55,0,60
2022-02-16T16:37:27,5,55,0,60
2022-02-16T16:45:35,5,55,0,60
2022-02-16T16:53:43,5,55,0,60
2022-02-16T17:01:51,5,55,0,60
2022-02-16T17:10:09,5,55,0,60
2022-02-16T17:18:17,5,55,0,60
2022-02-16T17:26:25,5,55,0,60
2022-02-16T17:34:32,5,55,0,60
2022-02-16T17:42:40,5,55,0,60
2022-02-16T17:50:58,5,55,0,60
2022-02-16T17:59:06,5,55,0,60
2022-02-16T18:07:14,5,55,0,60
2022-02-16T18:15:22,5,55,0,60
2022-02-16T18:23:30,5,55,0,60
2022-02-16T18:31:47,5,55,0,60
2022-02-16T18:39:55,5,55,0,60
2022-02-16T18:48:03,5,55,0,60
2022-02-16T18:56:11,5,55,0,60
2022-02-16T19:04:19,5,55,0,60
2022-02-16T19:12:35,5,55,0,60
2022-02-16T19:20:44,5,55,0,60
2022-02-16T19:28:52,6,54,0,60
2022-02-16T19:37:01,6,54,0,60
2022-02-16T19:45:11,6,54,0,60
2022-02-16T19:53:19,6,54,0,60
2022-02-16T20:01:28,6,54,0,60
2022-02-16T20:09:46,6,54,0,60
2022-02-16T20:17:55,7,53,0,60
2022-02-16T20:26:03,7,53,0,60
2022-02-16T20:34:12,7,53,0,60
2022-02-16T20:42:20,7,53,0,60
2022-02-16T20:50:28,7,53,0,60
2022-02-16T20:58:36,7,53,0,60
2022-02-16T21:06:54,7,53,0,60
2022-02-16T21:15:02,7,53,0,60
2022-02-16T21:23:09,7,53,0,60
2022-02-16T21:31:17,7,53,0,60
2022-02-16T21:39:24,7,53,0,60
2022-02-16T21:47:32,7,53,0,60
2022-02-16T21:55:40,7,53,0,60
2022-02-16T22:03:48,7,53,0,60
2022-02-16T22:12:06,7,53,0,60
2022-02-16T22:20:14,7,53,0,60
2022-02-16T22:28:21,7,53,0,60
2022-02-16T22:36:29,7,53,0,60
2022-02-16T22:44:36,7,53,0,60
2022-02-16T22:52:44,7,53,0,60
2022-02-16T23:00:51,7,53,0,60
2022-02-16T23:08:59,7,53,0,60
2022-02-16T23:17:16,7,53,0,60
2022-02-16T23:25:24,7,53,0,60
2022-02-16T23:33:31,7,53,0,60
2022-02-16T23:41:38,7,53,0,60
2022-02-16T23:49:46,7,53,0,60
2022-02-16T23:57:53,7,53,0,60
2022-02-17T00:06:01,7,53,0,60
2022-02-17T00:14:21,7,53,0,60
2022-02-17T00:22:28,7,53,0,60
2022-02-17T00:30:46,7,53,0,60
2022-02-17T00:38:53,7,53,0,60
2022-02-17T00:47:01,7,53,0,60
2022-02-17T00:55:09,7,53,0,60
2022-02-17T01:03:17,7,53,0,60
2022-02-17T01:11:24,7,53,0,60
2022-02-17T01:19:32,7,53,0,60
2022-02-17T01:27:39,7,53,0,60
2022-02-17T01:35:47,7,53,0,60
2022-02-17T01:44:03,7,53,0,60
2022-02-17T01:52:10,7,53,0,60
2022-02-17T02:00:18,7,53,0,60
2022-02-17T02:08:26,7,53,0,60
2022-02-17T02:16:33,7,53,0,60
2022-02-17T02:24:40,7,53,0,60
2022-02-17T02:32:48,7,53,0,60
2022-02-17T02:40:55,7,53,0,60
2022-02-17T02:49:02,7,53,0,60
2022-02-17T02:54:29,7,53,0,60
2022-02-17T03:02:39,7,53,0,60
2022-02-17T03:14:08,7,53,0,60
2022-02-17T03:22:15,7,53,0,60
2022-02-17T03:30:22,7,53,0,60
2022-02-17T03:38:30,7,53,0,60
2022-02-17T03:46:46,7,53,0,60
2022-02-17T03:54:54,7,53,0,60
2022-02-17T04:03:02,7,53,0,60
2022-02-17T04:11:10,7,53,0,60
2022-02-17T04:33:37,7,53,0,60
2022-02-17T04:41:45,7,53,0,60
2022-02-17T04:49:53,7,53,0,60
2022-02-17T04:58:01,7,53,0,60
2022-02-17T05:06:09,7,53,0,60
2022-02-17T05:14:17,7,53,0,60
2022-02-17T05:22:25,7,53,0,60
2022-02-17T05:30:33,7,53,0,60
2022-02-17T05:38:41,7,53,0,60
2022-02-17T05:48:30,7,53,0,60
2022-02-17T05:56:38,7,53,0,60
2022-02-17T06:04:54,7,53,0,60
2022-02-17T06:13:02,7,53,0,60
2022-02-17T06:21:10,7,53,0,60
2022-02-17T06:29:18,7,53,0,60
2022-02-17T06:37:26,7,53,0,60
2022-02-17T06:45:34,7,53,0,60
2022-02-17T06:53:42,7,53,0,60
2022-02-17T07:01:49,7,53,0,60
2022-02-17T07:09:57,7,53,0,60
2022-02-17T07:18:04,7,53,0,60
2022-02-17T07:26:12,7,53,0,60
2022-02-17T07:34:20,7,53,0,60
2022-02-17T07:42:36,7,53,0,60
2022-02-17T07:50:44,7,53,0,60
2022-02-17T07:58:52,7,53,0,60
2022-02-17T08:06:59,7,53,0,60
2022-02-17T08:15:07,7,53,0,60
2022-02-17T08:23:15,7,53,0,60
2022-02-17T08:31:23,7,53,0,60
2022-02-17T08:39:30,7,53,0,60
2022-02-17T08:47:47,7,53,0,60
2022-02-17T08:55:56,7,53,0,60
2022-02-17T09:04:04,7,53,0,60
2022-02-17T09:12:12,7,53,0,60
2022-02-17T09:20:19,7,53,0,60
2022-02-17T09:28:27,7,53,0,60
2022-02-17T09:36:43,7,53,0,60
2022-02-17T09:44:51,7,53,0,60
2022-02-17T09:53:00,7,53,0,60
2022-02-17T10:01:08,7,53,0,60
2022-02-17T10:09:17,7,53,0,60
2022-02-17T10:17:34,7,53,0,60
2022-02-17T10:25:43,7,53,0,60
2022-02-17T10:33:52,7,53,0,60
2022-02-17T10:42:01,7,53,0,60
2022-02-17T10:50:11,7,53,0,60
2022-02-17T10:58:29,7,53,0,60
2022-02-17T11:06:41,7,53,0,60
2022-02-17T11:14:52,7,53,0,60
2022-02-17T11:23:03,7,53,0,60
2022-02-17T11:31:23,7,53,0,60
2022-02-17T11:39:33,7,53,0,60
2022-02-17T11:47:44,7,53,0,60
2022-02-17T11:55:54,7,53,0,60
2022-02-17T12:04:14,7,53,0,60
2022-02-17T12:12:23,7,53,0,60
2022-02-17T12:20:32,7,53,0,60
2022-02-17T12:28:41,7,53,0,60
2022-02-17T12:37:01,7,53,0,60
2022-02-17T12:45:10,7,53,0,60
2022-02-17T12:53:19,7,53,0,60
2022-02-17T13:01:28,7,53,0,60
2022-02-17T13:09:38,7,53,0,60
2022-02-17T13:17:57,7,53,0,60
2022-02-17T13:26:06,7,53,0,60
2022-02-17T13:34:15,7,53,0,60
2022-02-17T13:42:23,7,53,0,60
2022-02-17T13:50:40,7,53,0,60
2022-02-17T13:58:48,7,53,0,60
2022-02-17T14:06:57,7,53,0,60
2022-02-17T14:15:05,7,53,0,60
2022-02-17T14:23:13,7,53,0,60
2022-02-17T14:31:33,7,53,0,60
2022-02-17T14:39:41,7,53,0,60
2022-02-17T14:47:49,7,53,0,60
2022-02-17T14:55:57,7,53,0,60
2022-02-17T15:04:06,7,53,0,60
2022-02-17T15:12:24,7,53,0,60
2022-02-17T15:20:32,7,53,0,60
2022-02-17T15:28:40,7,53,0,60
2022-02-17T15:36:48,7,53,0,60
2022-02-17T15:45:06,7,53,0,60
2022-02-17T15:53:14,7,53,0,60
2022-02-17T16:01:22,7,53,0,60
2022-02-17T16:09:30,7,53,0,60
2022-02-17T16:17:38,7,53,0,60
2022-02-17T16:25:46,7,53,0,60
2022-02-17T16:34:04,7,53,0,60
2022-02-17T16:42:12,7,53,0,60
2022-02-17T16:50:19,7,53,0,60
2022-02-17T16:58:28,7,53,0,60
2022-02-17T17:06:36,7,53,0,60
2022-02-17T17:14:53,7,53,0,60
2022-02-17T17:23:00,7,53,0,60
2022-02-17T17:31:08,7,53,0,60
2022-02-17T17:39:16,7,53,0,60
2022-02-17T17:47:24,7,53,0,60
2022-02-17T17:55:43,7,53,0,60
2022-02-17T18:03:51,7,53,0,60
2022-02-17T18:11:59,7,53,0,60
2022-02-17T18:20:07,7,53,0,60
2022-02-17T18:28:24,7,53,0,60
2022-02-17T18:36:31,7,53,0,60
2022-02-17T18:44:39,7,53,0,60
2022-02-17T18:52:46,7,53,0,60
2022-02-17T19:00:54,7,53,0,60
2022-02-17T19:09:12,7,53,0,60
2022-02-17T19:17:19,7,53,0,60
2022-02-17T19:25:26,7,53,0,60
2022-02-17T19:33:34,7,53,0,60
2022-02-17T19:41:41,7,53,0,60
2022-02-17T19:49:49,7,53,0,60
2022-02-17T19:57:56,7,53,0,60
2022-02-17T20:06:04,7,53,0,60
2022-02-17T20:14:22,7,53,0,60
2022-02-17T20:22:29,7,53,0,60
2022-02-17T20:30:37,7,53,0,60
2022-02-17T20:38:44,7,53,0,60
2022-02-17T20:46:51,7,53,0,60
2022-02-17T20:54:59,7,53,0,60
2022-02-17T21:03:06,7,53,0,60
2022-02-17T21:11:14,7,53,0,60
2022-02-17T21:19:21,7,53,0,60
2022-02-17T21:27:38,7,53,0,60
2022-02-17T21:35:45,7,53,0,60
2022-02-17T21:43:53,7,53,0,60
2022-02-17T21:52:00,7,53,0,60
2022-02-17T22:00:08,7,53,0,60
2022-02-17T22:08:15,7,53,0,60
2022-02-17T22:16:23,7,53,0,60
2022-02-17T22:24:31,7,53,0,60
2022-02-17T22:32:38,7,53,0,60
2022-02-17T22:40:56,7,53,0,60
2022-02-17T22:49:04,7,53,0,60
2022-02-17T22:57:11,7,53,0,60
2022-02-17T23:05:19,7,53,0,60
2022-02-17T23:13:26,7,53,0,60
2022-02-17T23:21:34,7,53,0,60
2022-02-17T23:29:41,7,53,0,60
2022-02-17T23:37:49,7,53,0,60
2022-02-17T23:45:56,7,53,0,60
2022-02-17T23:54:04,7,53,0,60
2022-02-18T00:02:22,7,53,0,60
2022-02-18T00:10:30,7,53,0,60
2022-02-18T00:18:39,7,53,0,60
2022-02-18T00:26:46,7,53,0,60
2022-02-18T00:34:54,7,53,0,60
2022-02-18T00:43:02,7,53,0,60
2022-02-18T00:51:10,7,53,0,60
2022-02-18T00:59:18,7,53,0,60
2022-02-18T01:07:25,7,53,0,60
2022-02-18T01:15:33,7,53,0,60
2022-02-18T01:23:41,7,53,0,60
2022-02-18T01:31:49,7,53,0,60
2022-02-18T01:39:56,7,53,0,60
2022-02-18T01:48:04,7,53,0,60
2022-02-18T01:56:12,7,53,0,60
2022-02-18T02:04:28,7,53,0,60
2022-02-18T02:12:36,7,53,0,60
2022-02-18T02:20:44,7,53,0,60
2022-02-18T02:28:52,7,53,0,60
2022-02-18T02:37:00,7,53,0,60
2022-02-18T02:45:08,7,53,0,60
2022-02-18T02:53:16,7,53,0,60
2022-02-18T03:01:24,7,53,0,60
2022-02-18T03:09:31,7,53,0,60
2022-02-18T03:17:39,7,53,0,60
2022-02-18T03:25:46,7,53,0,60
2022-02-18T03:33:54,7,53,0,60
2022-02-18T03:42:01,7,53,0,60
2022-02-18T03:50:09,7,53,0,60
2022-02-18T03:58:17,7,53,0,60
2022-02-18T04:06:24,7,53,0,60
2022-02-18T04:14:32,7,53,0,60
2022-02-18T04:25:07,7,53,0,60
2022-02-18T04:34:06,7,53,0,60
2022-02-18T04:42:23,7,53,0,60
2022-02-18T04:50:31,7,53,0,60
2022-02-18T04:58:39,7,53,0,60
2022-02-18T05:06:47,7,53,0,60
2022-02-18T05:14:55,7,53,0,60
2022-02-18T05:23:03,7,53,0,60
2022-02-18T05:31:13,7,53,0,60
2022-02-18T05:39:21,7,53,0,60
2022-02-18T05:47:29,7,53,0,60
2022-02-18T05:55:37,7,53,0,60
2022-02-18T06:03:44,7,53,0,60
2022-02-18T06:11:52,7,53,0,60
2022-02-18T06:20:00,7,53,0,60
2022-02-18T06:28:08,7,53,0,60
2022-02-18T06:36:16,7,53,0,60
2022-02-18T06:44:23,7,53,0,60
2022-02-18T06:52:31,7,53,0,60
2022-02-18T07:00:38,7,53,0,60
2022-02-18T07:08:46,7,53,0,60
2022-02-18T07:17:02,7,53,0,60
2022-02-18T07:25:09,7,53,0,60
2022-02-18T07:33:17,7,53,0,60
2022-02-18T07:41:24,7,53,0,60
2022-02-18T07:49:32,7,53,0,60
2022-02-18T07:57:39,7,53,0,60
2022-02-18T08:05:47,7,53,0,60
2022-02-18T08:13:54,7,53,0,60
2022-02-18T08:22:02,7,53,0,60
2022-02-18T08:30:12,7,53,0,60
2022-02-18T08:38:23,7,53,0,60
2022-02-18T08:46:34,7,53,0,60
2022-02-18T08:54:44,7,53,0,60
2022-02-18T09:02:55,7,53,0,60
2022-02-18T09:11:06,7,53,0,60
2022-02-18T09:19:16,7,53,0,60
2022-02-18T09:27:27,7,53,0,60
2022-02-18T09:35:50,7,53,0,60
2022-02-18T09:44:00,7,53,0,60
2022-02-18T09:52:11,7,53,0,60
2022-02-18T10:00:22,7,53,0,60
2022-02-18T10:08:32,7,53,0,60
2022-02-18T10:16:43,7,53,0,60
2022-02-18T10:24:54,7,53,0,60
2022-02-18T10:33:04,7,53,0,60
2022-02-18T10:41:15,7,53,0,60
2022-02-18T10:49:26,7,53,0,60
2022-02-18T10:57:36,7,53,0,60
2022-02-18T11:05:47,7,53,0,60
2022-02-18T11:13:58,7,53,0,60
2022-02-18T11:22:09,7,53,0,60
2022-02-18T11:30:19,7,53,0,60
2022-02-18T11:38:42,7,53,0,60
2022-02-18T11:46:52,7,53,0,60
2022-02-18T11:55:03,7,53,0,60
2022-02-18T12:03:14,7,53,0,60
2022-02-18T12:11:24,7,53,0,60
2022-02-18T12:19:35,7,53,0,60
2022-02-18T12:27:46,7,53,0,60
2022-02-18T12:35:56,7,53,0,60
2022-02-18T12:44:07,7,53,0,60
2022-02-18T12:52:18,7,53,0,60
2022-02-18T13:00:29,7,53,0,60
2022-02-18T13:08:49,7,53,0,60
2022-02-18T13:16:59,7,53,0,60
2022-02-18T13:25:10,7,53,0,60
2022-02-18T13:33:21,7,53,0,60
2022-02-18T13:41:32,7,53,0,60
2022-02-18T13:49:42,7,53,0,60
2022-02-18T13:57:53,7,53,0,60
2022-02-18T14:06:04,7,53,0,60
2022-02-18T14:14:14,7,53,0,60
2022-02-18T14:22:25,7,53,0,60
2022-02-18T14:30:36,7,53,0,60
2022-02-18T14:38:46,7,53,0,60
2022-02-18T14:47:07,7,53,0,60
2022-02-18T14:55:17,7,53,0,60
2022-02-18T15:03:28,7,53,0,60
2022-02-18T15:11:39,7,53,0,60
2022-02-18T15:19:49,7,53,0,60
2022-02-18T15:28:00,7,53,0,60
2022-02-18T15:36:11,7,53,0,60
2022-02-18T15:44:22,7,53,0,60
2022-02-18T15:52:33,7,53,0,60
2022-02-18T16:00:43,7,53,0,60
2022-02-18T16:09:04,7,53,0,60
2022-02-18T16:17:15,7,53,0,60
2022-02-18T16:25:26,7,53,0,60
2022-02-18T16:33:36,7,53,0,60
2022-02-18T16:41:47,7,53,0,60
2022-02-18T16:49:57,7,53,0,60
2022-02-18T16:58:08,7,53,0,60
2022-02-18T17:06:19,7,53,0,60
2022-02-18T17:14:29,7,53,0,60
2022-02-18T17:22:40,7,53,0,60
2022-02-18T17:30:50,7,53,0,60
2022-02-18T17:39:02,7,53,0,60
2022-02-18T17:47:13,7,53,0,60
2022-02-18T17:55:23,7,53,0,60
2022-02-18T18:03:41,7,53,0,60
2022-02-18T18:11:52,7,53,0,60
2022-02-18T18:20:02,7,53,0,60
2022-02-18T18:28:13,7,53,0,60
2022-02-18T18:36:23,7,53,0,60
2022-02-18T18:44:34,7,53,0,60
2022-02-18T18:52:44,7,53,0,60
2022-02-18T19:00:55,7,53,0,60
2022-02-18T19:09:13,7,53,0,60
2022-02-18T19:17:24,7,53,0,60
2022-02-18T19:25:34,7,53,0,60
2022-02-18T19:33:45,7,53,0,60
2022-02-18T19:41:55,7,53,0,60
2022-02-18T19:50:06,7,53,0,60
2022-02-18T19:58:16,7,53,0,60
2022-02-18T20:06:27,7,53,0,60
2022-02-18T20:14:37,7,53,0,60
2022-02-18T20:22:48,7,53,0,60
2022-02-18T20:30:58,7,53,0,60
2022-02-18T20:39:08,7,53,0,60
2022-02-18T20:47:19,7,53,0,60
2022-02-18T20:55:29,7,53,0,60
2022-02-18T21:03:40,7,53,0,60
2022-02-18T21:12:00,7,53,0,60
2022-02-18T21:20:10,7,53,0,60
2022-02-18T21:28:21,7,53,0,60
2022-02-18T21:36:31,7,53,0,60
2022-02-18T21:44:42,7,53,0,60
2022-02-18T21:52:52,7,53,0,60
2022-02-18T22:01:02,7,53,0,60
2022-02-18T22:09:13,7,53,0,60
2022-02-18T22:17:24,7,53,0,60
2022-02-18T22:25:34,7,53,0,60
2022-02-18T22:33:45,7,53,0,60
2022-02-18T22:41:55,7,53,0,60
2022-02-18T22:50:05,7,53,0,60
2022-02-18T22:58:25,7,53,0,60
2022-02-18T23:06:36,7,53,0,60
2022-02-18T23:14:46,7,53,0,60
2022-02-18T23:22:57,7,53,0,60
2022-02-18T23:31:07,7,53,0,60
2022-02-18T23:39:18,7,53,0,60
2022-02-18T23:47:28,7,53,0,60
2022-02-18T23:55:38,7,53,0,60
2022-02-19T00:03:49,7,53,0,60
2022-02-19T00:12:00,7,53,0,60
2022-02-19T00:20:13,7,53,0,60
2022-02-19T00:28:23,7,53,0,60
2022-02-19T00:36:34,7,53,0,60
2022-02-19T00:44:46,7,53,0,60
2022-02-19T00:52:56,7,53,0,60
2022-02-19T01:01:17,7,53,0,60
2022-02-19T01:09:27,7,53,0,60
2022-02-19T01:17:38,7,53,0,60
2022-02-19T01:25:49,7,53,0,60
2022-02-19T01:34:00,7,53,0,60
2022-02-19T01:42:11,7,53,0,60
2022-02-19T01:50:21,7,53,0,60
2022-02-19T01:58:32,7,53,0,60
2022-02-19T02:06:42,7,53,0,60
2022-02-19T02:14:53,7,53,0,60
2022-02-19T02:23:03,7,53,0,60
2022-02-19T02:31:14,7,53,0,60
2022-02-19T02:39:24,7,53,0,60
2022-02-19T02:47:34,7,53,0,60
2022-02-19T02:55:45,7,53,0,60
2022-02-19T03:03:55,7,53,0,60
2022-02-19T03:12:06,7,53,0,60
2022-02-19T03:20:17,7,53,0,60
2022-02-19T03:28:28,7,53,0,60
2022-02-19T03:36:39,7,53,0,60
2022-02-19T03:44:50,7,53,0,60
2022-02-19T03:53:00,7,53,0,60
2022-02-19T04:01:11,7,53,0,60
2022-02-19T04:09:22,7,53,0,60
2022-02-19T04:20:37,7,53,0,60
2022-02-19T04:29:08,7,53,0,60
2022-02-19T04:37:19,7,53,0,60
2022-02-19T04:45:30,7,53,0,60
2022-02-19T04:53:41,7,53,0,60
2022-02-19T05:01:52,7,53,0,60
2022-02-19T05:10:03,7,53,0,60
2022-02-19T05:18:14,7,53,0,60
2022-02-19T05:26:25,7,53,0,60
2022-02-19T05:34:37,7,53,0,60
2022-02-19T05:42:48,7,53,0,60
2022-02-19T05:50:59,7,53,0,60
2022-02-19T05:59:12,7,53,0,60
2022-02-19T06:07:23,7,53,0,60
2022-02-19T06:15:34,7,53,0,60
2022-02-19T06:23:45,7,53,0,60
2022-02-19T06:31:56,7,53,0,60
2022-02-19T06:40:15,7,53,0,60
2022-02-19T06:48:26,7,53,0,60
2022-02-19T06:56:37,7,53,0,60
2022-02-19T07:04:48,7,53,0,60
2022-02-19T07:12:59,7,53,0,60
2022-02-19T07:21:10,7,53,0,60
2022-02-19T07:29:21,7,53,0,60
2022-02-19T07:37:31,7,53,0,60
2022-02-19T07:45:42,7,53,0,60
2022-02-19T07:53:53,7,53,0,60
2022-02-19T08:02:03,7,53,0,60
2022-02-19T08:10:14,7,53,0,60
2022-02-19T08:18:33,7,53,0,60
2022-02-19T08:26:44,7,53,0,60
2022-02-19T08:34:55,7,53,0,60
2022-02-19T08:43:05,7,53,0,60
2022-02-19T08:51:16,7,53,0,60
2022-02-19T08:59:26,7,53,0,60
2022-02-19T09:07:37,7,53,0,60
2022-02-19T09:15:47,7,53,0,60
2022-02-19T09:23:58,7,53,0,60
2022-02-19T09:32:08,7,53,0,60
2022-02-19T09:40:18,7,53,0,60
2022-02-19T09:48:29,7,53,0,60
2022-02-19T09:56:39,7,53,0,60
2022-02-19T10:04:50,7,53,0,60
2022-02-19T10:13:09,7,53,0,60
2022-02-19T10:21:20,7,53,0,60
2022-02-19T10:29:30,7,53,0,60
2022-02-19T10:37:41,7,53,0,60
2022-02-19T10:45:51,7,53,0,60
2022-02-19T10:54:01,7,53,0,60
2022-02-19T11:02:12,7,53,0,60
2022-02-19T11:10:22,7,53,0,60
2022-02-19T11:18:33,7,53,0,60
2022-02-19T11:26:43,7,53,0,60
2022-02-19T11:34:54,7,53,0,60
2022-02-19T11:43:04,7,53,0,60
2022-02-19T11:51:15,7,53,0,60
2022-02-19T11:59:25,7,53,0,60
2022-02-19T12:07:36,7,53,0,60
2022-02-19T12:15:46,7,53,0,60
2022-02-19T12:23:57,7,53,0,60
2022-02-19T12:32:16,7,53,0,60
2022-02-19T12:40:26,7,53,0,60
2022-02-19T12:48:37,7,53,0,60
2022-02-19T12:56:47,7,53,0,60
2022-02-19T13:04:58,7,53,0,60
2022-02-19T13:13:08,7,53,0,60
2022-02-19T13:21:19,7,53,0,60
2022-02-19T13:29:29,7,53,0,60
2022-02-19T13:37:39,7,53,0,60
2022-02-19T13:45:52,7,53,0,60
2022-02-19T13:54:02,7,53,0,60
2022-02-19T14:02:23,7,53,0,60
2022-02-19T14:10:34,7,53,0,60
2022-02-19T14:18:44,7,53,0,60
2022-02-19T14:26:55,7,53,0,60
2022-02-19T14:35:05,7,53,0,60
2022-02-19T14:43:15,7,53,0,60
2022-02-19T14:51:26,7,53,0,60
2022-02-19T14:59:36,7,53,0,60
2022-02-19T15:07:47,7,53,0,60
2022-02-19T15:15:57,7,53,0,60
2022-02-19T15:24:07,7,53,0,60
2022-02-19T15:32:18,7,53,0,60
2022-02-19T15:40:28,7,53,0,60
2022-02-19T15:48:39,7,53,0,60
2022-02-19T15:56:49,7,53,0,60
2022-02-19T16:05:00,7,53,0,60
2022-02-19T16:13:20,7,53,0,60
2022-02-19T16:21:30,7,53,0,60
2022-02-19T16:29:41,7,53,0,60
2022-02-19T16:37:51,7,53,0,60
2022-02-19T16:46:02,7,53,0,60
2022-02-19T16:54:12,7,53,0,60
2022-02-19T17:02:22,7,53,0,60
2022-02-19T17:10:33,7,53,0,60
2022-02-19T17:18:44,7,53,0,60
2022-02-19T17:26:54,7,53,0,60
2022-02-19T17:35:04,7,53,0,60
2022-02-19T17:43:15,7,53,0,60
2022-02-19T17:51:25,7,53,0,60
2022-02-19T17:59:36,7,53,0,60
2022-02-19T18:07:46,7,53,0,60
2022-02-19T18:15:57,7,53,0,60
2022-02-19T18:24:07,7,53,0,60
2022-02-19T18:32:27,7,53,0,60
2022-02-19T18:40:37,7,53,0,60
2022-02-19T18:48:48,7,53,0,60
2022-02-19T18:56:58,7,53,0,60
2022-02-19T19:05:08,7,53,0,60
2022-02-19T19:13:19,7,53,0,60
2022-02-19T19:21:37,7,53,0,60
2022-02-19T19:29:47,7,53,0,60
2022-02-19T19:37:57,7,53,0,60
2022-02-19T19:46:08,7,53,0,60
2022-02-19T19:54:18,7,53,0,60
2022-02-19T20:02:29,7,53,0,60
2022-02-19T20:10:40,7,53,0,60
2022-02-19T20:18:50,7,53,0,60
2022-02-19T20:27:00,7,53,0,60
2022-02-19T20:35:11,7,53,0,60
2022-02-19T20:43:21,7,53,0,60
2022-02-19T20:51:32,7,53,0,60
2022-02-19T20:59:42,7,53,0,60
2022-02-19T21:08:01,7,53,0,60
2022-02-19T21:16:12,7,53,0,60
2022-02-19T21:24:22,7,53,0,60
2022-02-19T21:32:33,7,53,0,60
2022-02-19T21:40:43,7,53,0,60
2022-02-19T21:48:54,7,53,0,60
2022-02-19T21:57:04,7,53,0,60
2022-02-19T22:05:15,7,53,0,60
2022-02-19T22:13:25,7,53,0,60
2022-02-19T22:21:36,7,53,0,60
2022-02-19T22:29:46,7,53,0,60
2022-02-19T22:37:57,7,53,0,60
2022-02-19T22:46:07,7,53,0,60
2022-02-19T22:54:17,7,53,0,60
2022-02-19T23:02:28,7,53,0,60
2022-02-19T23:10:39,7,53,0,60
2022-02-19T23:18:58,7,53,0,60
2022-02-19T23:27:09,7,53,0,60
2022-02-19T23:35:19,7,53,0,60
2022-02-19T23:43:30,7,53,0,60
2022-02-19T23:51:40,7,53,0,60
2022-02-19T23:59:51,7,53,0,60
2022-02-20T00:08:01,7,53,0,60
2022-02-20T00:16:12,7,53,0,60
2022-02-20T00:24:23,7,53,0,60
2022-02-20T00:32:33,7,53,0,60
2022-02-20T00:40:44,7,53,0,60
2022-02-20T01:05:11,7,53,0,60
2022-02-20T01:13:22,7,53,0,60
2022-02-20T01:21:32,7,53,0,60
2022-02-20T01:29:43,7,53,0,60
2022-02-20T01:37:53,7,53,0,60
2022-02-20T01:46:04,7,53,0,60
2022-02-20T01:54:15,7,53,0,60
2022-02-20T02:02:26,7,53,0,60
2022-02-20T02:10:53,7,53,0,60
2022-02-20T02:19:03,7,53,0,60
2022-02-20T02:27:14,7,53,0,60
2022-02-20T02:35:32,7,53,0,60
2022-02-20T02:43:43,7,53,0,60
2022-02-20T02:51:54,7,53,0,60
2022-02-20T03:00:04,7,53,0,60
2022-02-20T03:08:15,7,53,0,60
2022-02-20T03:16:25,7,53,0,60
2022-02-20T03:24:36,7,53,0,60
2022-02-20T03:32:47,7,53,0,60
2022-02-20T03:40:57,7,53,0,60
2022-02-20T03:49:08,7,53,0,60
2022-02-20T03:57:19,7,53,0,60
2022-02-20T04:05:30,7,53,0,60
2022-02-20T04:13:41,7,53,0,60
2022-02-20T04:32:01,7,53,0,60
2022-02-20T04:41:06,7,53,0,60
2022-02-20T04:49:17,7,53,0,60
2022-02-20T04:57:28,7,53,0,60
2022-02-20T05:05:39,7,53,0,60
2022-02-20T05:13:50,7,53,0,60
2022-02-20T05:22:01,7,53,0,60
2022-02-20T05:30:12,7,53,0,60
2022-02-20T05:38:23,7,53,0,60
2022-02-20T05:46:34,7,53,0,60
2022-02-20T05:54:45,7,53,0,60
2022-02-20T06:02:56,7,53,0,60
2022-02-20T06:11:06,7,53,0,60
2022-02-20T06:19:17,7,53,0,60
2022-02-20T06:27:28,7,53,0,60
2022-02-20T06:35:39,7,53,0,60
2022-02-20T06:43:49,7,53,0,60
2022-02-20T06:52:06,7,53,0,60
2022-02-20T07:00:17,7,53,0,60
2022-02-20T07:08:27,7,53,0,60
2022-02-20T07:16:38,7,53,0,60
2022-02-20T07:24:48,7,53,0,60
2022-02-20T07:32:59,7,53,0,60
2022-02-20T07:41:11,7,53,0,60
2022-02-20T07:49:22,7,53,0,60
2022-02-20T07:57:34,7,53,0,60
2022-02-20T08:05:45,7,53,0,60
2022-02-20T08:13:56,7,53,0,60
2022-02-20T08:22:08,7,53,0,60
2022-02-20T08:30:20,7,53,0,60
2022-02-20T08:38:31,7,53,0,60
2022-02-20T08:46:43,7,53,0,60
2022-02-20T08:54:54,7,53,0,60
2022-02-20T09:03:05,7,53,0,60
2022-02-20T09:11:16,7,53,0,60
2022-02-20T09:19:27,7,53,0,60
2022-02-20T09:27:38,7,53,0,60
2022-02-20T09:35:49,7,53,0,60
2022-02-20T09:44:08,7,53,0,60
2022-02-20T09:52:19,7,53,0,60
2022-02-20T10:00:29,7,53,0,60
2022-02-20T10:08:39,7,53,0,60
2022-02-20T10:16:50,7,53,0,60
2022-02-20T10:25:00,7,53,0,60
2022-02-20T10:33:11,7,53,0,60
2022-02-20T10:41:21,7,53,0,60
2022-02-20T10:49:31,7,53,0,60
2022-02-20T10:57:42,7,53,0,60
2022-02-20T11:05:52,7,53,0,60
2022-02-20T11:14:03,7,53,0,60
2022-02-20T11:22:13,7,53,0,60
2022-02-20T11:30:24,7,53,0,60
2022-02-20T11:38:43,7,53,0,60
2022-02-20T11:46:53,7,53,0,60
2022-02-20T11:55:04,7,53,0,60
2022-02-20T12:03:14,7,53,0,60
2022-02-20T12:11:25,7,53,0,60
2022-02-20T12:19:36,7,53,0,60
2022-02-20T12:27:46,7,53,0,60
2022-02-20T12:35:57,7,53,0,60
2022-02-20T12:44:07,7,53,0,60
2022-02-20T12:52:18,7,53,0,60
2022-02-20T13:00:28,7,53,0,60
2022-02-20T13:08:39,7,53,0,60
2022-02-20T13:17:00,7,53,0,60
2022-02-20T13:25:11,7,53,0,60
2022-02-20T13:33:22,7,53,0,60
2022-02-20T13:41:32,7,53,0,60
2022-02-20T13:49:42,7,53,0,60
2022-02-20T13:57:53,7,53,0,60
2022-02-20T14:06:03,7,53,0,60
2022-02-20T14:14:14,7,53,0,60
2022-02-20T14:22:24,7,53,0,60
2022-02-20T14:30:35,7,53,0,60
2022-02-20T14:38:45,7,53,0,60
2022-02-20T14:46:57,7,53,0,60
2022-02-20T14:55:07,7,53,0,60
2022-02-20T15:03:18,7,53,0,60
2022-02-20T15:11:38,7,53,0,60
2022-02-20T15:19:49,7,53,0,60
2022-02-20T15:27:59,7,53,0,60
2022-02-20T15:36:09,7,53,0,60
2022-02-20T15:44:20,7,53,0,60
2022-02-20T15:52:30,7,53,0,60
2022-02-20T16:00:41,7,53,0,60
2022-02-20T16:08:51,7,53,0,60
2022-02-20T16:17:02,7,53,0,60
2022-02-20T16:25:12,7,53,0,60
2022-02-20T16:33:32,7,53,0,60
2022-02-20T16:41:43,7,53,0,60
2022-02-20T16:49:53,7,53,0,60
2022-02-20T16:58:03,7,53,0,60
2022-02-20T17:06:14,7,53,0,60
2022-02-20T17:14:24,7,53,0,60
2022-02-20T17:22:35,7,53,0,60
2022-02-20T17:30:45,7,53,0,60
2022-02-20T17:38:56,7,53,0,60
2022-02-20T17:47:06,7,53,0,60
2022-02-20T17:55:26,7,53,0,60
2022-02-20T18:03:36,7,53,0,60
2022-02-20T18:11:47,7,53,0,60
2022-02-20T18:19:58,7,53,0,60
2022-02-20T18:28:08,7,53,0,60
2022-02-20T18:36:19,7,53,0,60
2022-02-20T18:44:29,7,53,0,60
2022-02-20T18:52:40,7,53,0,60
2022-02-20T19:00:50,7,53,0,60
2022-02-20T19:09:01,7,53,0,60
2022-02-20T19:17:11,7,53,0,60
2022-02-20T19:25:22,7,53,0,60
2022-02-20T19:33:42,7,53,0,60
2022-02-20T19:41:53,7,53,0,60
2022-02-20T19:50:03,7,53,0,60
2022-02-20T19:58:14,7,53,0,60
2022-02-20T20:06:24,7,53,0,60
2022-02-20T20:14:35,7,53,0,60
2022-02-20T20:22:45,7,53,0,60
2022-02-20T20:30:56,7,53,0,60
2022-02-20T20:39:06,7,53,0,60
2022-02-20T20:47:17,7,53,0,60
2022-02-20T20:55:27,7,53,0,60
2022-02-20T21:03:45,7,53,0,60
2022-02-20T21:11:56,7,53,0,60
2022-02-20T21:20:07,7,53,0,60
2022-02-20T21:28:18,7,53,0,60
2022-02-20T21:36:28,7,53,0,60
2022-02-20T21:44:39,7,53,0,60
2022-02-20T21:52:49,7,53,0,60
2022-02-20T22:00:59,7,53,0,60
2022-02-20T22:09:10,7,53,0,60
2022-02-20T22:17:20,7,53,0,60
2022-02-20T22:25:31,7,53,0,60
2022-02-20T22:33:42,7,53,0,60
2022-02-20T22:41:52,7,53,0,60
2022-02-20T22:50:12,7,53,0,60
2022-02-20T22:58:23,7,53,0,60
2022-02-20T23:06:33,7,53,0,60
2022-02-20T23:14:44,7,53,0,60
2022-02-20T23:22:54,7,53,0,60
2022-02-20T23:31:05,7,53,0,60
2022-02-20T23:39:15,7,53,0,60
2022-02-20T23:47:26,7,53,0,60
2022-02-20T23:55:36,7,53,0,60
2022-02-21T00:03:56,7,53,0,60
2022-02-21T00:12:07,7,53,0,60
2022-02-21T00:20:27,7,53,0,60
2022-02-21T00:28:37,7,53,0,60
2022-02-21T00:36:48,7,53,0,60
2022-02-21T00:44:58,7,53,0,60
2022-02-21T00:53:09,7,53,0,60
2022-02-21T01:01:19,7,53,0,60
2022-02-21T01:09:31,7,53,0,60
2022-02-21T01:17:42,7,53,0,60
2022-02-21T01:25:53,7,53,0,60
2022-02-21T01:34:04,7,53,0,60
2022-02-21T01:42:15,7,53,0,60
2022-02-21T01:50:25,7,53,0,60
2022-02-21T01:58:36,7,53,0,60
2022-02-21T02:06:46,7,53,0,60
2022-02-21T02:15:06,7,53,0,60
2022-02-21T02:23:17,7,53,0,60
2022-02-21T02:31:27,7,53,0,60
2022-02-21T02:39:38,7,53,0,60
2022-02-21T02:47:48,7,53,0,60
2022-02-21T02:55:59,7,53,0,60
2022-02-21T03:04:09,7,53,0,60
2022-02-21T03:12:20,7,53,0,60
2022-02-21T03:20:30,7,53,0,60
2022-02-21T03:28:41,7,53,0,60
2022-02-21T03:36:52,7,53,0,60
2022-02-21T03:45:02,7,53,0,60
2022-02-21T03:53:13,7,53,0,60
2022-02-21T04:01:24,7,53,0,60
2022-02-21T04:09:35,7,53,0,60
2022-02-21T04:23:05,7,53,0,60
2022-02-21T04:32:23,7,53,0,60
2022-02-21T04:40:51,7,53,0,60
2022-02-21T04:49:02,7,53,0,60
2022-02-21T04:57:13,7,53,0,60
2022-02-21T05:05:25,7,53,0,60
2022-02-21T05:13:36,7,53,0,60
2022-02-21T05:21:47,7,53,0,60
2022-02-21T05:29:58,7,53,0,60
2022-02-21T05:38:09,7,53,0,60
2022-02-21T05:46:19,7,53,0,60
2022-02-21T05:54:30,7,53,0,60
2022-02-21T06:02:41,7,53,0,60
2022-02-21T06:10:52,7,53,0,60
2022-02-21T06:19:03,7,53,0,60
2022-02-21T06:27:14,7,53,0,60
2022-02-21T06:35:24,7,53,0,60
2022-02-21T06:43:35,7,53,0,60
2022-02-21T06:51:45,7,53,0,60
2022-02-21T06:59:56,7,53,0,60
2022-02-21T07:08:06,7,53,0,60
2022-02-21T07:16:17,7,53,0,60
2022-02-21T07:24:27,7,53,0,60
2022-02-21T07:32:38,7,53,0,60
2022-02-21T07:40:48,7,53,0,60
2022-02-21T07:48:59,7,53,0,60
2022-02-21T07:57:09,7,53,0,60
2022-02-21T08:05:30,7,53,0,60
2022-02-21T08:13:40,7,53,0,60
2022-02-21T08:21:51,7,53,0,60
2022-02-21T08:30:01,7,53,0,60
2022-02-21T08:38:12,7,53,0,60
2022-02-21T08:46:22,7,53,0,60
2022-02-21T08:54:33,7,53,0,60
2022-02-21T09:02:43,7,53,0,60
2022-02-21T09:10:54,7,53,0,60
2022-02-21T09:19:04,7,53,0,60
2022-02-21T09:27:14,7,53,0,60
2022-02-21T09:35:25,7,53,0,60
2022-02-21T09:43:36,7,53,0,60
2022-02-21T09:51:46,7,53,0,60
2022-02-21T09:59:56,7,53,0,60
2022-02-21T10:08:07,8,52,0,60
2022-02-21T10:16:27,8,52,0,60
2022-02-21T10:24:37,8,52,0,60
2022-02-21T10:32:48,9,51,0,60
2022-02-21T10:40:58,9,51,0,60
2022-02-21T10:49:09,9,51,0,60
2022-02-21T10:57:19,9,51,0,60
2022-02-21T11:05:30,9,51,0,60
2022-02-21T11:13:40,9,51,0,60
2022-02-21T11:21:51,9,51,0,60
2022-02-21T11:30:01,9,51,0,60
2022-02-21T11:38:12,9,51,0,60
2022-02-21T11:46:23,9,51,0,60
2022-02-21T11:54:55,9,51,0,60
2022-02-21T12:03:05,9,51,0,60
2022-02-21T12:11:16,9,51,0,60
2022-02-21T12:19:26,9,51,0,60
2022-02-21T12:27:37,9,51,0,60
2022-02-21T12:35:47,9,51,0,60
2022-02-21T12:43:58,9,51,0,60
2022-02-21T12:52:08,9,51,0,60
2022-02-21T13:00:19,9,51,0,60
2022-02-21T13:08:38,9,51,0,60
2022-02-21T13:16:49,9,51,0,60
2022-02-21T13:25:00,9,51,0,60
2022-02-21T13:33:10,9,51,0,60
2022-02-21T13:41:21,9,51,0,60
2022-02-21T13:49:31,9,51,0,60
2022-02-21T13:57:42,9,51,0,60
2022-02-21T14:05:53,9,51,0,60
2022-02-21T14:14:12,10,50,0,60
2022-02-21T14:22:23,10,50,0,60
2022-02-21T14:30:33,10,50,0,60
2022-02-21T14:38:44,10,50,0,60
2022-02-21T14:46:54,10,50,0,60
2022-02-21T14:55:05,10,50,0,60
2022-02-21T15:03:15,10,50,0,60
2022-02-21T15:11:43,10,50,0,60
2022-02-21T15:19:53,10,50,0,60
2022-02-21T15:28:04,10,50,0,60
2022-02-21T15:36:14,10,50,0,60
2022-02-21T15:44:25,10,50,0,60
2022-02-21T15:52:35,10,50,0,60
2022-02-21T16:00:45,10,50,0,60
2022-02-21T16:09:04,10,50,0,60
2022-02-21T16:17:15,10,50,0,60
2022-02-21T16:25:25,10,50,0,60
2022-02-21T16:33:36,10,50,0,60
2022-02-21T16:41:46,10,50,0,60
2022-02-21T16:49:57,10,50,0,60
2022-02-21T16:58:07,10,50,0,60
2022-02-21T17:06:35,10,50,0,60
2022-02-21T17:14:45,10,50,0,60
2022-02-21T17:22:56,10,50,0,60
2022-02-21T17:31:07,10,50,0,60
2022-02-21T17:39:17,10,50,0,60
2022-02-21T17:47:28,10,50,0,60
2022-02-21T17:55:38,10,50,0,60
2022-02-21T18:03:49,10,50,0,60
2022-02-21T18:12:09,10,50,0,60
2022-02-21T18:20:19,10,50,0,60
2022-02-21T18:28:30,10,50,0,60
2022-02-21T18:36:40,10,50,0,60
2022-02-21T18:44:51,10,50,0,60
2022-02-21T18:53:01,10,50,0,60
2022-02-21T19:01:30,10,50,0,60
2022-02-21T19:09:40,10,50,0,60
2022-02-21T19:17:51,10,50,0,60
2022-02-21T19:26:01,11,49,0,60
2022-02-21T19:34:12,11,49,0,60
2022-02-21T19:42:22,11,49,0,60
2022-02-21T19:50:41,11,49,0,60
2022-02-21T19:58:52,11,49,0,60
2022-02-21T20:07:02,13,47,0,60
2022-02-21T20:15:13,13,47,0,60
2022-02-21T20:23:23,14,46,0,60
2022-02-21T20:31:34,14,46,0,60
2022-02-21T20:39:44,14,46,0,60
2022-02-21T20:48:13,14,46,0,60
2022-02-21T20:56:24,14,46,0,60
2022-02-21T21:04:34,14,46,0,60
2022-02-21T21:12:45,14,46,0,60
2022-02-21T21:20:55,14,46,0,60
2022-02-21T21:29:06,14,46,0,60
2022-02-21T21:37:16,14,46,0,60
2022-02-21T21:45:27,14,46,0,60
2022-02-21T21:53:37,14,46,0,60
2022-02-21T22:01:48,14,46,0,60
2022-02-21T22:10:08,14,46,0,60
2022-02-21T22:18:18,14,46,0,60
2022-02-21T22:26:29,14,46,0,60
2022-02-21T22:34:39,14,46,0,60
2022-02-21T22:42:50,14,46,0,60
2022-02-21T22:51:00,14,46,0,60
2022-02-21T22:59:11,14,46,0,60
2022-02-21T23:07:21,14,46,0,60
2022-02-21T23:15:32,14,46,0,60
2022-02-21T23:23:52,14,46,0,60
2022-02-21T23:32:03,14,46,0,60
2022-02-21T23:40:14,14,46,0,60
2022-02-21T23:48:24,14,46,0,60
2022-02-21T23:56:34,14,46,0,60
2022-02-22T00:04:45,14,46,0,60
2022-02-22T00:12:56,14,46,0,60
2022-02-22T00:21:07,14,46,0,60
2022-02-22T00:29:17,14,46,0,60
2022-02-22T00:37:28,14,46,0,60
2022-02-22T00:45:38,14,46,0,60
2022-02-22T00:53:59,14,46,0,60
2022-02-22T01:02:10,14,46,0,60
2022-02-22T01:10:20,14,46,0,60
2022-02-22T01:18:31,14,46,0,60
2022-02-22T01:26:42,14,46,0,60
2022-02-22T01:34:52,14,46,0,60
2022-02-22T01:43:03,14,46,0,60
2022-02-22T01:51:14,14,46,0,60
2022-02-22T01:59:24,14,46,0,60
2022-02-22T02:07:35,14,46,0,60
2022-02-22T02:15:46,14,46,0,60
2022-02-22T02:23:57,14,46,0,60
2022-02-22T02:32:07,14,46,0,60
2022-02-22T02:40:18,14,46,0,60
2022-02-22T02:48:28,14,46,0,60
2022-02-22T02:56:39,14,46,0,60
2022-02-22T03:04:49,14,46,0,60
2022-02-22T03:13:00,14,46,0,60
2022-02-22T03:21:10,14,46,0,60
2022-02-22T03:29:21,14,46,0,60
2022-02-22T03:37:31,14,46,0,60
2022-02-22T03:45:42,14,46,0,60
2022-02-22T03:54:01,14,46,0,60
2022-02-22T04:02:12,14,46,0,60
2022-02-22T04:10:23,14,46,0,60
2022-02-22T04:23:05,14,46,0,60
2022-02-22T04:31:16,14,46,0,60
2022-02-22T04:39:27,14,46,0,60
2022-02-22T04:48:54,14,46,0,60
2022-02-22T04:57:24,14,46,0,60
2022-02-22T05:05:35,14,46,0,60
2022-02-22T05:13:48,14,46,0,60
2022-02-22T05:21:59,14,46,0,60
2022-02-22T05:30:10,14,46,0,60
2022-02-22T05:38:20,14,46,0,60
2022-02-22T05:46:31,14,46,0,60
2022-02-22T05:54:42,14,46,0,60
2022-02-22T06:02:53,14,46,0,60
2022-02-22T06:11:04,14,46,0,60
2022-02-22T06:19:15,14,46,0,60
2022-02-22T06:27:25,14,46,0,60
2022-02-22T06:35:36,14,46,0,60
2022-02-22T06:43:46,14,46,0,60
2022-02-22T06:51:57,14,46,0,60
2022-02-22T07:00:08,14,46,0,60
2022-02-22T07:08:18,14,46,0,60
2022-02-22T07:16:35,14,46,0,60
2022-02-22T07:24:45,14,46,0,60
2022-02-22T07:32:56,14,46,0,60
2022-02-22T07:41:06,14,46,0,60
2022-02-22T07:49:17,14,46,0,60
2022-02-22T07:57:28,14,46,0,60
2022-02-22T08:05:38,14,46,0,60
2022-02-22T08:13:49,14,46,0,60
2022-02-22T08:22:00,14,46,0,60
2022-02-22T08:30:11,14,46,0,60
2022-02-22T08:38:22,14,46,0,60
2022-02-22T08:46:32,14,46,0,60
2022-02-22T08:54:43,14,46,0,60
2022-02-22T09:02:54,14,46,0,60
2022-02-22T09:11:04,14,46,0,60
2022-02-22T09:19:15,14,46,0,60
2022-02-22T09:27:26,14,46,0,60
2022-02-22T09:35:48,14,46,0,60
2022-02-22T09:43:59,14,46,0,60
2022-02-22T09:52:10,14,46,0,60
2022-02-22T10:00:20,14,46,0,60
2022-02-22T10:08:31,14,46,0,60
2022-02-22T10:16:42,14,46,0,60
2022-02-22T10:24:53,14,46,0,60
2022-02-22T10:33:04,14,46,0,60
2022-02-22T10:41:23,14,46,0,60
2022-02-22T10:49:34,14,46,0,60
2022-02-22T10:57:45,15,45,0,60
2022-02-22T11:05:56,15,45,0,60
2022-02-22T11:14:06,15,45,0,60
2022-02-22T11:22:17,15,45,0,60
2022-02-22T11:30:28,15,45,0,60
2022-02-22T11:38:49,15,45,0,60
2022-02-22T11:47:00,15,45,0,60
2022-02-22T11:55:11,15,45,0,60
2022-02-22T12:03:24,15,45,0,60
2022-02-22T12:11:41,15,45,0,60
2022-02-22T12:19:58,15,45,0,60
2022-02-22T12:28:15,15,45,0,60
2022-02-22T12:36:42,15,45,0,60
2022-02-22T12:44:59,15,45,0,60
2022-02-22T12:53:16,15,45,0,60
2022-02-22T13:01:32,15,45,0,60
2022-02-22T13:09:49,15,45,0,60
2022-02-22T13:18:06,16,44,0,60
2022-02-22T13:26:34,16,44,0,60
2022-02-22T13:34:51,17,43,0,60
2022-02-22T13:43:08,17,43,0,60
2022-02-22T13:51:25,17,43,0,60
2022-02-22T13:59:42,17,43,0,60
2022-02-22T14:07:59,17,43,0,60
2022-02-22T14:16:26,17,43,0,60
2022-02-22T14:24:43,18,42,0,60
2022-02-22T14:33:00,18,42,0,60
2022-02-22T14:41:17,19,41,0,60
2022-02-22T14:49:34,19,41,0,60
2022-02-22T14:57:51,19,41,0,60
2022-02-22T15:06:17,19,41,0,60
2022-02-22T15:14:34,19,41,0,60
2022-02-22T15:22:50,19,41,0,60
2022-02-22T15:31:07,19,41,0,60
2022-02-22T15:39:26,19,41,0,60
2022-02-22T15:47:42,20,40,0,60
2022-02-22T15:55:59,20,40,0,60
2022-02-22T16:04:29,20,40,0,60
2022-02-22T16:12:46,20,40,0,60
2022-02-22T16:21:02,20,40,0,60
2022-02-22T16:29:19,20,40,0,60
2022-02-22T16:37:36,20,40,0,60
2022-02-22T16:45:53,20,40,0,60
2022-02-22T16:54:18,20,40,0,60
2022-02-22T17:02:35,20,40,0,60
2022-02-22T17:10:52,20,40,0,60
2022-02-22T17:19:09,20,40,0,60
2022-02-22T17:27:25,20,40,0,60
2022-02-22T17:35:42,20,40,0,60
2022-02-22T17:44:10,20,40,0,60
2022-02-22T17:52:26,20,40,0,60
2022-02-22T18:00:43,20,40,0,60
2022-02-22T18:09:00,20,40,0,60
2022-02-22T18:17:16,20,40,0,60
2022-02-22T18:25:33,20,40,0,60
2022-02-22T18:34:01,20,40,0,60
2022-02-22T18:42:17,20,40,0,60
2022-02-22T18:50:34,20,40,0,60
2022-02-22T18:58:50,20,40,0,60
2022-02-22T19:07:07,21,39,0,60
2022-02-22T19:15:24,21,39,0,60
2022-02-22T19:23:40,21,39,0,60
2022-02-22T19:32:07,21,39,0,60
2022-02-22T19:40:23,21,39,0,60
2022-02-22T19:48:40,21,39,0,60
2022-02-22T19:56:56,21,39,0,60
2022-02-22T20:05:13,21,39,0,60
2022-02-22T20:13:30,22,38,0,60
2022-02-22T20:21:46,22,38,0,60
2022-02-22T20:30:03,22,38,0,60
2022-02-22T20:38:31,22,38,0,60
2022-02-22T20:46:48,23,37,0,60
2022-02-22T20:55:04,23,37,0,60
2022-02-22T21:03:21,23,37,0,60
2022-02-22T21:11:37,23,37,0,60
2022-02-22T21:19:54,23,37,0,60
2022-02-22T21:28:11,23,37,0,60
2022-02-22T21:36:27,23,37,0,60
2022-02-22T21:44:54,23,37,0,60
2022-02-22T21:53:11,23,37,0,60
2022-02-22T22:01:27,23,37,0,60
2022-02-22T22:09:44,23,37,0,60
2022-02-22T22:18:01,23,37,0,60
2022-02-22T22:26:17,23,37,0,60
2022-02-22T22:34:34,23,37,0,60
2022-02-22T22:43:03,23,37,0,60
2022-02-22T22:51:19,23,37,0,60
2022-02-22T22:59:36,23,37,0,60
2022-02-22T23:07:53,23,37,0,60
2022-02-22T23:16:09,23,37,0,60
2022-02-22T23:24:26,23,37,0,60
2022-02-22T23:32:42,23,37,0,60
2022-02-22T23:40:59,23,37,0,60
2022-02-22T23:49:16,23,37,0,60
2022-02-22T23:57:42,23,37,0,60
2022-02-23T00:05:58,23,37,0,60
2022-02-23T00:14:19,23,37,0,60
2022-02-23T00:22:36,23,37,0,60
2022-02-23T00:30:53,23,37,0,60
2022-02-23T00:39:10,23,37,0,60
2022-02-23T00:47:27,23,37,0,60
2022-02-23T00:55:44,23,37,0,60
2022-02-23T01:04:01,23,37,0,60
2022-02-23T01:12:18,23,37,0,60
2022-02-23T01:20:34,23,37,0,60
2022-02-23T01:29:00,23,37,0,60
2022-02-23T01:37:17,23,37,0,60
2022-02-23T01:45:34,23,37,0,60
2022-02-23T01:53:50,23,37,0,60
2022-02-23T02:02:07,23,37,0,60
2022-02-23T02:10:24,23,37,0,60
2022-02-23T02:18:40,23,37,0,60
2022-02-23T02:26:57,23,37,0,60
2022-02-23T02:35:15,23,37,0,60
2022-02-23T02:43:32,23,37,0,60
2022-02-23T02:51:49,23,37,0,60
2022-02-23T03:00:05,23,37,0,60
2022-02-23T03:08:22,23,37,0,60
2022-02-23T03:16:39,23,37,0,60
2022-02-23T03:24:56,23,37,0,60
2022-02-23T03:33:13,23,37,0,60
2022-02-23T03:41:29,23,37,0,60
2022-02-23T03:49:46,23,37,0,60
2022-02-23T03:58:12,23,37,0,60
2022-02-23T04:06:29,23,37,0,60
2022-02-23T04:14:46,23,37,0,60
2022-02-23T04:28:49,23,37,0,60
2022-02-23T04:37:28,23,37,0,60
2022-02-23T04:45:45,24,36,0,60
2022-02-23T04:54:02,24,36,0,60
2022-02-23T05:02:19,24,36,0,60
2022-02-23T05:10:36,24,36,0,60
2022-02-23T05:18:53,24,36,0,60
2022-02-23T05:27:10,24,36,0,60
2022-02-23T05:35:28,24,36,0,60
2022-02-23T05:45:21,24,36,0,60
2022-02-23T05:53:38,24,36,0,60
2022-02-23T06:01:55,24,36,0,60
2022-02-23T06:10:12,24,36,0,60
2022-02-23T06:18:29,24,36,0,60
2022-02-23T06:26:46,24,36,0,60
2022-02-23T06:35:03,24,36,0,60
2022-02-23T06:43:20,24,36,0,60
2022-02-23T06:51:36,24,36,0,60
2022-02-23T06:59:53,24,36,0,60
2022-02-23T07:08:09,24,36,0,60
2022-02-23T07:16:26,24,36,0,60
2022-02-23T07:24:43,24,36,0,60
2022-02-23T07:32:59,24,36,0,60
2022-02-23T07:41:16,24,36,0,60
2022-02-23T07:49:33,24,36,0,60
2022-02-23T07:57:49,24,36,0,60
2022-02-23T08:06:15,24,36,0,60
2022-02-23T08:14:31,24,36,0,60
2022-02-23T08:22:48,24,36,0,60
2022-02-23T08:31:05,24,36,0,60
2022-02-23T08:39:22,24,36,0,60
2022-02-23T08:47:39,25,35,0,60
2022-02-23T08:55:57,26,34,0,60
2022-02-23T09:04:13,26,34,0,60
2022-02-23T09:12:30,26,34,0,60
2022-02-23T09:20:48,26,34,0,60
2022-02-23T09:29:05,26,34,0,60
2022-02-23T09:37:32,26,34,0,60
2022-02-23T09:45:50,26,34,0,60
2022-02-23T09:54:07,26,34,0,60
2022-02-23T10:02:24,26,34,0,60
2022-02-23T10:10:41,26,34,0,60
2022-02-23T10:18:59,26,34,0,60
2022-02-23T10:27:17,26,34,0,60
2022-02-23T10:35:44,28,32,0,60
2022-02-23T10:44:01,28,32,0,60
2022-02-23T10:52:20,28,32,0,60
2022-02-23T11:00:38,28,32,0,60
2022-02-23T11:08:56,28,32,0,60
2022-02-23T11:17:14,28,32,0,60
2022-02-23T11:25:43,28,32,0,60
2022-02-23T11:34:01,28,32,0,60
2022-02-23T11:42:18,29,31,0,60
2022-02-23T11:50:36,29,31,0,60
2022-02-23T11:58:53,29,31,0,60
2022-02-23T12:07:21,29,31,0,60
2022-02-23T12:15:37,29,31,0,60
2022-02-23T12:23:54,28,32,0,60
2022-02-23T12:32:11,28,32,0,60
2022-02-23T12:40:28,28,32,0,60
2022-02-23T12:48:45,28,32,0,60
2022-02-23T12:57:10,28,32,0,60
2022-02-23T13:05:27,29,31,0,60
2022-02-23T13:13:44,30,30,0,60
2022-02-23T13:22:02,30,30,0,60
2022-02-23T13:30:19,30,30,0,60
2022-02-23T13:38:36,30,30,0,60
2022-02-23T13:47:04,30,30,0,60
2022-02-23T13:55:20,31,29,0,60
2022-02-23T14:03:38,31,29,0,60
2022-02-23T14:11:54,31,29,0,60
2022-02-23T14:20:11,31,29,0,60
2022-02-23T14:28:28,31,29,0,60
2022-02-23T14:36:56,31,29,0,60
2022-02-23T14:45:13,31,29,0,60
2022-02-23T14:53:30,31,29,0,60
2022-02-23T15:01:47,32,28,0,60
2022-02-23T15:10:04,32,28,0,60
2022-02-23T15:18:32,33,27,0,60
2022-02-23T15:26:49,33,27,0,60
2022-02-23T15:35:06,33,27,0,60
2022-02-23T15:43:23,33,27,0,60
2022-02-23T15:51:50,36,24,0,60
2022-02-23T16:00:07,36,24,0,60
2022-02-23T16:08:24,36,24,0,60
2022-02-23T16:16:41,37,23,0,60
2022-02-23T16:25:09,37,23,0,60
2022-02-23T16:33:26,37,23,0,60
2022-02-23T16:41:42,37,23,0,60
2022-02-23T16:49:59,37,23,0,60
2022-02-23T16:58:16,39,21,0,60
2022-02-23T17:06:33,40,20,0,60
2022-02-23T17:14:57,40,20,0,60
2022-02-23T17:23:13,40,20,0,60
2022-02-23T17:31:31,40,20,0,60
2022-02-23T17:39:47,41,19,0,60
2022-02-23T17:48:04,41,19,0,60
2022-02-23T17:56:21,41,19,0,60
2022-02-23T18:04:49,41,19,0,60
2022-02-23T18:13:05,43,17,0,60
2022-02-23T18:21:22,43,17,0,60
2022-02-23T18:29:38,43,17,0,60
2022-02-23T18:37:56,46,14,0,60
2022-02-23T18:46:24,46,14,0,60
2022-02-23T18:54:40,46,14,0,60
2022-02-23T19:02:57,46,14,0,60
2022-02-23T19:11:14,46,14,0,60
2022-02-23T19:19:30,46,14,0,60
2022-02-23T19:27:47,46,14,0,60
2022-02-23T19:36:13,46,14,0,60
2022-02-23T19:44:30,46,14,0,60
2022-02-23T19:52:46,46,14,0,60
2022-02-23T20:01:03,46,14,0,60
2022-02-23T20:09:20,46,14,0,60
2022-02-23T20:17:37,46,14,0,60
2022-02-23T20:26:02,45,15,0,60
2022-02-23T20:34:19,45,15,0,60
2022-02-23T20:42:36,45,15,0,60
2022-02-23T20:50:53,46,14,0,60
2022-02-23T20:59:10,46,14,0,60
2022-02-23T21:07:38,46,14,0,60
2022-02-23T21:15:55,46,14,0,60
2022-02-23T21:24:11,46,14,0,60
2022-02-23T21:32:28,46,14,0,60
2022-02-23T21:40:45,47,13,0,60
2022-02-23T21:49:11,47,13,0,60
2022-02-23T21:57:28,47,13,0,60
2022-02-23T22:05:45,49,11,0,60
2022-02-23T22:14:01,49,11,0,60
2022-02-23T22:22:18,49,11,0,60
2022-02-23T22:30:34,49,11,0,60
2022-02-23T22:38:51,49,11,0,60
2022-02-23T22:47:07,49,11,0,60
2022-02-23T22:55:33,49,11,0,60
2022-02-23T23:03:50,49,11,0,60
2022-02-23T23:12:07,49,11,0,60
2022-02-23T23:20:23,49,11,0,60
2022-02-23T23:28:40,50,10,0,60
2022-02-23T23:36:57,50,10,0,60
2022-02-23T23:45:13,50,10,0,60
2022-02-23T23:53:30,50,10,0,60
2022-02-24T00:01:47,50,10,0,60
2022-02-24T00:10:13,50,10,0,60
2022-02-24T00:18:31,50,10,0,60
2022-02-24T00:26:48,50,10,0,60
2022-02-24T00:35:05,50,10,0,60
2022-02-24T00:43:21,50,10,0,60
2022-02-24T00:51:38,50,10,0,60
2022-02-24T00:59:55,50,10,0,60
2022-02-24T01:08:11,50,10,0,60
2022-02-24T01:16:28,50,10,0,60
2022-02-24T01:24:44,50,10,0,60
2022-02-24T01:33:01,50,10,0,60
2022-02-24T01:41:26,50,10,0,60
2022-02-24T01:49:42,50,10,0,60
2022-02-24T01:57:59,50,10,0,60
2022-02-24T02:06:16,50,10,0,60
2022-02-24T02:14:32,50,10,0,60
2022-02-24T02:22:49,50,10,0,60
2022-02-24T02:31:06,50,10,0,60
2022-02-24T02:39:22,50,10,0,60
2022-02-24T02:47:39,50,10,0,60
2022-02-24T02:55:55,50,10,0,60
2022-02-24T03:04:12,50,10,0,60
2022-02-24T03:12:29,50,10,0,60
2022-02-24T03:20:46,50,10,0,60
2022-02-24T03:29:02,50,10,0,60
2022-02-24T03:37:19,50,10,0,60
2022-02-24T03:45:46,50,10,0,60
2022-02-24T03:54:03,50,10,0,60
2022-02-24T04:02:19,50,10,0,60
2022-02-24T04:20:26,50,10,0,60
2022-02-24T04:29:08,50,10,0,60
2022-02-24T04:37:25,50,10,0,60
2022-02-24T04:45:42,50,10,0,60
2022-02-24T04:53:59,50,10,0,60
2022-02-24T05:02:17,50,10,0,60
2022-02-24T05:10:34,50,10,0,60
2022-02-24T05:18:51,50,10,0,60
2022-02-24T05:27:08,50,10,0,60
2022-02-24T05:35:27,50,10,0,60
2022-02-24T05:43:44,50,10,0,60
2022-02-24T05:52:01,50,10,0,60
2022-02-24T06:00:19,50,10,0,60
2022-02-24T06:08:36,50,10,0,60
2022-02-24T06:16:53,50,10,0,60
2022-02-24T06:25:10,50,10,0,60
2022-02-24T06:33:26,50,10,0,60
2022-02-24T06:41:43,50,10,0,60
2022-02-24T06:50:00,50,10,0,60
2022-02-24T06:58:17,50,10,0,60
2022-02-24T07:06:34,50,10,0,60
2022-02-24T07:14:51,50,10,0,60
2022-02-24T07:23:08,51,9,0,60
2022-02-24T07:31:25,51,9,0,60
2022-02-24T07:39:42,51,9,0,60
2022-02-24T07:47:58,51,9,0,60
2022-02-24T07:56:50,51,9,0,60
2022-02-24T08:11:06,51,9,0,60
2022-02-24T08:25:16,51,9,0,60
2022-02-24T08:37:58,51,9,0,60
2022-02-24T08:46:15,51,9,0,60
2022-02-24T08:54:31,51,9,0,60
2022-02-24T09:02:49,52,8,0,60
2022-02-24T09:11:06,52,8,0,60
2022-02-24T09:19:22,54,6,0,60
2022-02-24T09:27:39,53,7,0,60
2022-02-24T09:35:56,53,7,0,60
2022-02-24T09:44:13,53,7,0,60
2022-02-24T09:52:38,53,7,0,60
2022-02-24T10:00:55,54,6,0,60
2022-02-24T10:09:12,54,6,0,60
2022-02-24T10:17:29,54,6,0,60
2022-02-24T10:25:46,55,5,0,60
2022-02-24T10:34:03,55,5,0,60
2022-02-24T10:42:20,55,5,0,60
2022-02-24T10:50:44,55,5,0,60
2022-02-24T10:59:01,57,3,0,60
2022-02-24T11:07:18,57,3,0,60
2022-02-24T11:15:35,58,2,0,60
2022-02-24T11:23:52,59,1,0,60
2022-02-24T11:32:09,60,0,0,60
2022-02-24T11:40:36,59,1,0,60
2022-02-24T11:48:53,59,1,0,60
2022-02-24T11:57:10,59,1,0,60
2022-02-24T12:05:27,59,1,0,60
2022-02-24T12:13:44,60,0,0,60
2022-02-24T12:22:01,60,0,0,60
2022-02-24T12:30:27,60,0,0,60
2022-02-24T12:38:45,60,0,0,60
2022-02-24T12:47:04,60,0,0,60
2022-02-24T12:55:23,60,0,0,60
2022-02-24T13:03:42,60,0,0,60
2022-02-24T13:12:01,60,0,0,60
2022-02-24T13:20:20,60,0,0,60
2022-02-24T13:28:49,60,0,0,60
2022-02-24T13:37:07,60,0,0,60
2022-02-24T13:45:25,60,0,0,60
2022-02-24T13:53:44,60,0,0,60
2022-02-24T14:02:02,60,0,0,60
2022-02-24T14:10:30,60,0,0,60
2022-02-24T14:18:48,60,0,0,60
2022-02-24T14:27:06,60,0,1,60
2022-02-24T14:35:24,60,0,1,60
2022-02-24T14:43:42,60,0,1,60
2022-02-24T14:52:10,60,0,2,60
2022-02-24T15:00:28,60,0,2,60
2022-02-24T15:08:46,60,0,2,60
2022-02-24T15:17:04,60,0,2,60
2022-02-24T15:25:22,60,0,2,60
2022-02-24T15:33:40,60,0,2,60
2022-02-24T15:42:07,60,0,2,60
2022-02-24T15:50:23,60,0,2,60
2022-02-24T15:58:41,60,0,2,60
2022-02-24T16:06:58,60,0,2,60
2022-02-24T16:15:15,60,0,2,60
2022-02-24T16:23:40,60,0,2,60
2022-02-24T16:31:57,60,0,2,60
2022-02-24T16:40:14,60,0,2,60
2022-02-24T16:48:31,60,0,3,60
2022-02-24T16:56:48,60,0,2,60
2022-02-24T17:05:05,60,0,2,60
2022-02-24T17:13:33,60,0,2,60
2022-02-24T17:21:50,60,0,2,60
2022-02-24T17:30:07,60,0,2,60
2022-02-24T17:38:24,60,0,2,60
2022-02-24T17:46:40,60,0,2,60
2022-02-24T17:54:57,59,1,2,60
2022-02-24T18:03:14,59,1,2,60
2022-02-24T18:11:31,59,1,2,60
2022-02-24T18:19:58,59,1,2,60
2022-02-24T18:28:15,59,1,2,60
2022-02-24T18:36:32,59,1,2,60
2022-02-24T18:44:49,59,1,2,60
2022-02-24T18:53:06,59,1,2,60
2022-02-24T19:01:22,59,1,2,60
2022-02-24T19:09:39,59,1,2,60
2022-02-24T19:18:07,59,1,2,60
2022-02-24T19:26:23,59,1,2,60
2022-02-24T19:34:40,59,1,2,60
2022-02-24T19:42:57,59,1,2,60
2022-02-24T19:51:13,59,1,2,60
2022-02-24T19:59:30,59,1,2,60
2022-02-24T20:07:57,59,1,2,60
2022-02-24T20:16:14,59,1,2,60
2022-02-24T20:24:31,59,1,2,60
2022-02-24T20:32:48,59,1,2,60
2022-02-24T20:41:04,59,1,2,60
2022-02-24T20:49:21,59,1,2,60
2022-02-24T20:57:38,59,1,2,60
2022-02-24T21:06:04,59,1,2,60
2022-02-24T21:14:20,59,1,2,60
2022-02-24T21:22:37,59,1,2,60
2022-02-24T21:30:54,59,1,2,60
2022-02-24T21:39:11,59,1,2,60
2022-02-24T21:47:28,59,1,2,60
2022-02-24T21:55:44,59,1,2,60
2022-02-24T22:04:01,59,1,2,60
2022-02-24T22:12:24,59,1,2,60
2022-02-24T22:20:41,59,1,2,60
2022-02-24T22:28:57,59,1,2,60
2022-02-24T22:37:14,60,0,1,60
2022-02-24T22:45:31,60,0,1,60
2022-02-24T22:53:47,60,0,1,60
2022-02-24T23:02:04,60,0,1,60
2022-02-24T23:10:21,60,0,1,60
2022-02-24T23:18:38,60,0,1,60
2022-02-24T23:27:05,60,0,1,60
2022-02-24T23:35:21,60,0,1,60
2022-02-24T23:43:38,60,0,1,60
2022-02-24T23:51:55,60,0,1,60
2022-02-25T00:00:11,60,0,1,60
2022-02-25T00:08:28,60,0,1,60
2022-02-25T00:16:45,60,0,1,60
2022-02-25T00:25:02,60,0,1,60
2022-02-25T00:33:19,60,0,1,60
2022-02-25T00:41:36,60,0,1,60
2022-02-25T00:49:53,60,0,1,60
2022-02-25T00:58:18,60,0,1,60
2022-02-25T01:06:36,60,0,1,60
2022-02-25T01:14:53,60,0,1,60
2022-02-25T01:23:09,60,0,1,60
2022-02-25T01:31:26,60,0,1,60
2022-02-25T01:39:43,60,0,1,60
2022-02-25T01:47:59,60,0,1,60
2022-02-25T01:56:16,60,0,1,60
2022-02-25T02:04:33,60,0,1,60
2022-02-25T02:12:50,60,0,1,60
2022-02-25T02:21:06,60,0,1,60
2022-02-25T02:29:34,60,0,1,60
2022-02-25T02:37:52,60,0,1,60
2022-02-25T02:46:09,60,0,1,60
2022-02-25T02:54:26,60,0,1,60
2022-02-25T03:02:42,60,0,1,60
2022-02-25T03:10:59,60,0,1,60
2022-02-25T03:19:16,60,0,1,60
2022-02-25T03:27:32,60,0,1,60
2022-02-25T03:35:49,60,0,1,60
2022-02-25T03:44:06,60,0,1,60
2022-02-25T03:52:22,60,0,1,60
2022-02-25T04:00:39,60,0,1,60
2022-02-25T04:10:49,60,0,1,60
2022-02-25T04:19:44,60,0,1,60
2022-02-25T04:30:37,60,0,1,60
2022-02-25T04:39:13,60,0,1,60
2022-02-25T04:47:30,60,0,1,60
2022-02-25T04:55:47,60,0,1,60
2022-02-25T05:04:05,60,0,1,60
2022-02-25T05:12:22,60,0,1,60
2022-02-25T05:20:39,60,0,1,60
2022-02-25T05:28:56,60,0,1,60
2022-02-25T05:37:16,60,0,1,60
2022-02-25T05:45:33,60,0,1,60
2022-02-25T05:53:51,60,0,1,60
2022-02-25T06:02:08,60,0,1,60
2022-02-25T06:10:25,60,0,1,60
2022-02-25T06:18:42,60,0,1,60
2022-02-25T06:26:59,60,0,1,60
2022-02-25T06:35:16,60,0,1,60
2022-02-25T06:43:32,60,0,1,60
2022-02-25T06:51:49,60,0,1,60
2022-02-25T07:00:06,60,0,1,60
2022-02-25T07:08:22,60,0,1,60
2022-02-25T07:16:39,60,0,1,60
2022-02-25T07:24:56,60,0,1,60
2022-02-25T07:33:12,60,0,1,60
2022-02-25T07:41:29,60,0,1,60
2022-02-25T07:49:46,60,0,1,60
2022-02-25T07:58:02,60,0,1,60
2022-02-25T08:06:19,60,0,1,60
2022-02-25T08:14:36,60,0,1,60
2022-02-25T08:23:02,60,0,1,60
2022-02-25T08:31:19,60,0,1,60
2022-02-25T08:39:36,60,0,1,60
2022-02-25T08:47:53,60,0,1,60
2022-02-25T08:56:10,60,0,1,60
2022-02-25T09:04:27,60,0,1,60
2022-02-25T09:12:44,60,0,1,60
2022-02-25T09:21:01,60,0,1,60
2022-02-25T09:29:18,60,0,1,60
2022-02-25T09:37:35,60,0,1,60
2022-02-25T09:45:52,60,0,1,60
2022-02-25T09:54:21,60,0,1,60
2022-02-25T10:02:39,60,0,1,60
2022-02-25T10:10:56,60,0,1,60
2022-02-25T10:19:13,60,0,1,60
2022-02-25T10:27:30,60,0,1,60
2022-02-25T10:35:47,60,0,1,60
2022-02-25T10:44:15,60,0,1,60
2022-02-25T10:52:32,60,0,1,60
2022-02-25T11:00:49,60,0,1,60
2022-02-25T11:09:07,60,0,1,60
2022-02-25T11:17:24,60,0,1,60
2022-02-25T11:25:41,60,0,1,60
2022-02-25T11:34:08,60,0,1,60
2022-02-25T11:42:27,60,0,1,60
2022-02-25T11:50:44,60,0,1,60
2022-02-25T11:59:01,60,0,1,60
2022-02-25T12:07:18,60,0,1,60
2022-02-25T12:15:45,60,0,1,60
2022-02-25T12:24:02,60,0,1,60
2022-02-25T12:32:19,60,0,1,60
2022-02-25T12:40:36,60,0,1,60
2022-02-25T12:48:53,60,0,1,60
2022-02-25T12:57:19,60,0,1,60
2022-02-25T13:05:37,60,0,1,60
2022-02-25T13:13:54,60,0,1,60
2022-02-25T13:22:12,60,0,1,60
2022-02-25T13:30:29,60,0,1,60
2022-02-25T13:38:46,60,0,1,60
2022-02-25T13:47:14,60,0,1,60
2022-02-25T13:55:32,60,0,1,60
2022-02-25T14:03:49,60,0,1,60
2022-02-25T14:12:06,60,0,1,60
2022-02-25T14:20:34,60,0,1,60
2022-02-25T14:28:51,60,0,1,60
2022-02-25T14:37:08,60,0,1,60
2022-02-25T14:45:25,60,0,1,60
2022-02-25T14:53:43,60,0,1,60
2022-02-25T15:02:01,60,0,1,60
2022-02-25T15:10:28,60,0,1,60
2022-02-25T15:18:45,60,0,1,60
2022-02-25T15:27:02,60,0,1,60
2022-02-25T15:35:20,60,0,1,60
2022-02-25T15:43:38,60,0,2,60
2022-02-25T15:52:06,60,0,2,60
2022-02-25T16:00:23,60,0,2,60
2022-02-25T16:08:40,60,0,2,60
2022-02-25T16:16:57,60,0,2,60
2022-02-25T16:25:14,60,0,2,60
2022-02-25T16:33:31,60,0,2,60
2022-02-25T16:41:48,60,0,2,60
2022-02-25T16:50:19,60,0,2,60
2022-02-25T16:58:36,60,0,2,60
2022-02-25T17:06:53,60,0,2,60
2022-02-25T17:15:10,60,0,2,60
2022-02-25T17:23:27,60,0,2,60
2022-02-25T17:31:44,60,0,2,60
2022-02-25T17:40:01,60,0,2,60
2022-02-25T17:48:30,60,0,2,60
2022-02-25T17:56:46,60,0,2,60
2022-02-25T18:05:03,60,0,2,60
2022-02-25T18:13:21,60,0,2,60
2022-02-25T18:21:38,60,0,2,60
2022-02-25T18:29:54,60,0,2,60
2022-02-25T18:38:11,60,0,2,60
2022-02-25T18:46:28,60,0,2,60
2022-02-25T18:54:53,60,0,2,60
2022-02-25T19:03:09,60,0,2,60
2022-02-25T19:11:26,60,0,2,60
2022-02-25T19:19:42,60,0,2,60
2022-02-25T19:27:59,60,0,2,60
2022-02-25T19:36:15,60,0,2,60
2022-02-25T19:44:32,60,0,2,60
2022-02-25T19:52:49,60,0,2,60
2022-02-25T20:01:15,60,0,2,60
2022-02-25T20:09:32,60,0,2,60
2022-02-25T20:17:48,60,0,2,60
2022-02-25T20:26:05,60,0,2,60
2022-02-25T20:34:22,60,0,2,60
2022-02-25T20:42:38,60,0,2,60
2022-02-25T20:50:55,60,0,2,60
2022-02-25T20:59:11,60,0,2,60
2022-02-25T21:07:28,60,0,2,60
2022-02-25T21:15:54,60,0,2,60
2022-02-25T21:24:10,60,0,2,60
2022-02-25T21:32:27,60,0,2,60
2022-02-25T21:40:44,60,0,2,60
2022-02-25T21:49:00,60,0,2,60
2022-02-25T21:57:17,60,0,2,60
2022-02-25T22:05:34,60,0,2,60
2022-02-25T22:13:50,60,0,2,60
2022-02-25T22:22:07,60,0,2,60
2022-02-25T22:30:23,60,0,2,60
2022-02-25T22:38:40,60,0,2,60
2022-02-25T22:46:56,60,0,2,60
2022-02-25T22:55:13,60,0,2,60
2022-02-25T23:03:30,60,0,2,60
2022-02-25T23:11:46,60,0,2,60
2022-02-25T23:20:03,60,0,2,60
2022-02-25T23:28:30,60,0,2,60
2022-02-25T23:36:47,60,0,2,60
2022-02-25T23:45:03,60,0,2,60
2022-02-25T23:53:20,60,0,2,60
2022-02-26T00:01:37,60,0,2,60
2022-02-26T00:09:54,60,0,2,60
2022-02-26T00:18:12,60,0,2,60
2022-02-26T00:26:28,60,0,2,60
2022-02-26T00:34:45,60,0,2,60
2022-02-26T00:43:02,60,0,2,60
2022-02-26T00:51:19,60,0,2,60
2022-02-26T00:59:36,60,0,2,60
2022-02-26T01:07:54,60,0,2,60
2022-02-26T01:16:10,60,0,2,60
2022-02-26T01:24:36,60,0,2,60
2022-02-26T01:32:53,60,0,2,60
2022-02-26T01:41:09,60,0,2,60
2022-02-26T01:49:26,60,0,2,60
2022-02-26T01:57:43,60,0,2,60
2022-02-26T02:06:00,60,0,2,60
2022-02-26T02:14:16,60,0,2,60
2022-02-26T02:22:33,60,0,2,60
2022-02-26T02:30:50,60,0,2,60
2022-02-26T02:39:06,60,0,2,60
2022-02-26T02:47:23,60,0,2,60
2022-02-26T02:55:39,60,0,2,60
2022-02-26T03:04:39,60,0,2,60
2022-02-26T03:12:56,60,0,2,60
2022-02-26T03:21:13,60,0,2,60
2022-02-26T03:29:30,60,0,2,60
2022-02-26T03:37:47,60,0,2,60
2022-02-26T03:46:04,60,0,2,60
2022-02-26T03:54:21,60,0,2,60
2022-02-26T04:02:38,60,0,2,60
2022-02-26T04:10:55,60,0,2,60
2022-02-26T04:29:15,60,0,2,60
2022-02-26T04:37:51,60,0,2,60
2022-02-26T04:46:08,60,0,2,60
2022-02-26T04:54:26,60,0,2,60
2022-02-26T05:02:43,60,0,2,60
2022-02-26T05:11:00,60,0,2,60
2022-02-26T05:19:17,60,0,2,60
2022-02-26T05:27:35,60,0,2,60
2022-02-26T05:35:52,60,0,2,60
2022-02-26T05:44:10,60,0,2,60
2022-02-26T05:52:27,60,0,2,60
2022-02-26T06:00:44,60,0,2,60
2022-02-26T06:09:01,60,0,2,60
2022-02-26T06:17:19,60,0,2,60
2022-02-26T06:25:37,60,0,2,60
2022-02-26T06:33:54,60,0,2,60
2022-02-26T06:42:11,60,0,2,60
2022-02-26T06:50:28,60,0,2,60
2022-02-26T06:58:45,60,0,2,60
2022-02-26T07:07:02,60,0,2,60
2022-02-26T07:15:19,60,0,2,60
2022-02-26T07:23:36,60,0,2,60
2022-02-26T07:31:52,60,0,2,60
2022-02-26T07:40:09,60,0,2,60
2022-02-26T07:48:26,60,0,2,60
2022-02-26T07:56:42,60,0,2,60
2022-02-26T08:04:59,60,0,2,60
2022-02-26T08:13:16,60,0,2,60
2022-02-26T08:21:33,60,0,2,60
2022-02-26T08:29:49,60,0,2,60
2022-02-26T08:38:06,60,0,2,60
2022-02-26T08:46:22,60,0,2,60
2022-02-26T08:54:39,60,0,2,60
2022-02-26T09:02:56,60,0,2,60
2022-02-26T09:11:12,60,0,2,60
2022-02-26T09:19:36,60,0,2,60
2022-02-26T09:27:53,60,0,2,60
2022-02-26T09:36:09,60,0,2,60
2022-02-26T09:44:26,60,0,2,60
2022-02-26T09:52:43,60,0,2,60
2022-02-26T10:00:59,60,0,2,60
2022-02-26T10:09:16,60,0,2,60
2022-02-26T10:17:32,60,0,2,60
2022-02-26T10:25:49,60,0,2,60
2022-02-26T10:34:05,60,0,2,60
2022-02-26T10:42:22,60,0,2,60
2022-02-26T10:50:38,60,0,2,60
2022-02-26T10:58:55,60,0,2,60
2022-02-26T11:07:23,60,0,2,60
2022-02-26T11:15:39,60,0,2,60
2022-02-26T11:23:56,60,0,2,60
2022-02-26T11:32:13,60,0,2,60
2022-02-26T11:40:29,60,0,2,60
2022-02-26T11:48:46,60,0,2,60
2022-02-26T11:57:02,60,0,2,60
2022-02-26T12:05:19,60,0,2,60
2022-02-26T12:13:36,60,0,2,60
2022-02-26T12:21:52,60,0,2,60
2022-02-26T12:30:09,60,0,2,60
2022-02-26T12:38:26,59,1,2,60
2022-02-26T12:46:42,59,1,2,60
2022-02-26T12:54:58,59,1,2,60
2022-02-26T13:03:15,59,1,2,60
2022-02-26T13:11:42,59,1,2,60
2022-02-26T13:19:58,59,1,2,60
2022-02-26T13:28:15,59,1,2,60
2022-02-26T13:36:31,59,1,2,60
2022-02-26T13:44:48,59,1,2,60
2022-02-26T13:53:05,59,1,2,60
2022-02-26T14:01:21,59,1,2,60
2022-02-26T14:09:38,59,1,2,60
2022-02-26T14:17:54,59,1,2,60
2022-02-26T14:26:11,59,1,2,60
2022-02-26T14:34:27,59,1,2,60
2022-02-26T14:42:44,59,1,2,60
2022-02-26T14:51:00,59,1,2,60
2022-02-26T14:59:17,59,1,2,60
2022-02-26T15:07:33,59,1,2,60
2022-02-26T15:15:55,59,1,2,60
2022-02-26T15:24:12,59,1,2,60
2022-02-26T15:32:29,59,1,2,60
2022-02-26T15:40:45,59,1,2,60
2022-02-26T15:49:02,59,1,2,60
2022-02-26T15:57:18,59,1,2,60
2022-02-26T16:05:35,59,1,2,60
2022-02-26T16:13:51,59,1,2,60
2022-02-26T16:22:08,59,1,2,60
2022-02-26T16:30:25,59,1,2,60
2022-02-26T16:38:41,59,1,2,60
2022-02-26T16:46:58,59,1,2,60
2022-02-26T16:55:22,59,1,2,60
2022-02-26T17:03:38,59,1,2,60
2022-02-26T17:11:55,59,1,2,60
2022-02-26T17:20:11,59,1,2,60
2022-02-26T17:28:28,59,1,3,60
2022-02-26T17:36:44,59,1,3,60
2022-02-26T17:45:01,59,1,3,60
2022-02-26T17:53:18,59,1,3,60
2022-02-26T18:01:34,59,1,3,60
2022-02-26T18:09:51,59,1,3,60
2022-02-26T18:18:08,59,1,3,60
2022-02-26T18:26:24,59,1,3,60
2022-02-26T18:34:41,59,1,3,60
2022-02-26T18:42:57,59,1,3,60
2022-02-26T18:51:14,59,1,3,60
2022-02-26T18:59:39,59,1,3,60
2022-02-26T19:07:55,59,1,3,60
2022-02-26T19:16:12,59,1,3,60
2022-02-26T19:24:28,59,1,3,60
2022-02-26T19:32:45,59,1,3,60
2022-02-26T19:41:02,59,1,3,60
2022-02-26T19:49:18,59,1,3,60
2022-02-26T19:57:35,59,1,3,60
2022-02-26T20:05:51,59,1,3,60
2022-02-26T20:14:08,59,1,3,60
2022-02-26T20:22:24,59,1,3,60
2022-02-26T20:30:50,59,1,3,60
2022-02-26T20:39:06,59,1,3,60
2022-02-26T20:47:23,59,1,3,60
2022-02-26T20:55:39,59,1,3,60
2022-02-26T21:03:56,59,1,3,60
2022-02-26T21:12:13,59,1,3,60
2022-02-26T21:20:29,59,1,3,60
2022-02-26T21:28:46,59,1,3,60
2022-02-26T21:37:02,59,1,3,60
2022-02-26T21:45:19,59,1,3,60
2022-02-26T21:53:35,59,1,3,60
2022-02-26T22:01:52,59,1,3,60
2022-02-26T22:10:09,59,1,3,60
2022-02-26T22:18:25,59,1,3,60
2022-02-26T22:26:42,60,0,2,60
2022-02-26T22:35:08,60,0,2,60
2022-02-26T22:43:25,60,0,2,60
2022-02-26T22:51:41,60,0,2,60
2022-02-26T22:59:58,60,0,2,60
2022-02-26T23:08:14,60,0,2,60
2022-02-26T23:16:31,60,0,2,60
2022-02-26T23:24:47,60,0,2,60
2022-02-26T23:33:04,60,0,2,60
2022-02-26T23:41:21,60,0,2,60
2022-02-26T23:49:37,60,0,2,60
2022-02-26T23:57:54,60,0,2,60
2022-02-27T00:06:10,60,0,2,60
2022-02-27T00:14:27,60,0,2,60
2022-02-27T00:22:44,60,0,2,60
2022-02-27T00:31:00,60,0,2,60
2022-02-27T00:39:17,60,0,2,60
2022-02-27T00:47:44,60,0,2,60
2022-02-27T00:56:00,60,0,2,60
2022-02-27T01:04:17,60,0,2,60
2022-02-27T01:12:33,59,1,2,60
2022-02-27T01:20:50,59,1,2,60
2022-02-27T01:29:07,59,1,2,60
2022-02-27T01:37:23,59,1,2,60
2022-02-27T01:45:40,59,1,2,60
2022-02-27T01:53:57,59,1,2,60
2022-02-27T02:02:13,59,1,2,60
2022-02-27T02:10:30,59,1,2,60
2022-02-27T02:18:46,59,1,2,60
2022-02-27T02:27:03,59,1,2,60
2022-02-27T02:35:20,59,1,3,60
2022-02-27T02:43:37,59,1,3,60
2022-02-27T02:51:54,59,1,3,60
2022-02-27T03:00:11,59,1,3,60
2022-02-27T03:08:29,59,1,3,60
2022-02-27T03:16:46,59,1,3,60
2022-02-27T03:25:03,59,1,3,60
2022-02-27T03:33:20,59,1,3,60
2022-02-27T03:41:37,59,1,3,60
2022-02-27T03:49:54,59,1,3,60
2022-02-27T03:58:11,59,1,3,60
2022-02-27T04:06:28,59,1,3,60
2022-02-28T11:02:23,60,0,2,60
2022-02-28T11:10:40,60,0,2,60
2022-02-28T11:18:57,60,0,2,60
2022-02-28T11:27:14,60,0,2,60
2022-02-28T11:35:31,60,0,2,60
2022-02-28T11:43:48,60,0,2,60
2022-02-28T11:52:05,60,0,2,60
2022-02-28T12:00:32,60,0,2,60
2022-02-28T12:08:49,60,0,2,60
2022-02-28T12:17:06,60,0,2,60
2022-02-28T12:25:23,60,0,2,60
2022-02-28T12:33:40,60,0,2,60
2022-02-28T12:41:57,60,0,2,60
2022-02-28T12:50:13,60,0,2,60
2022-02-28T12:58:41,60,0,2,60
2022-02-28T13:06:58,60,0,2,60
2022-02-28T13:15:14,60,0,2,60
2022-02-28T13:23:31,60,0,2,60
2022-02-28T13:31:48,60,0,2,60
2022-02-28T13:40:05,60,0,2,60
2022-02-28T13:48:22,60,0,2,60
2022-02-28T13:56:39,60,0,2,60
2022-02-28T14:04:56,60,0,2,60
2022-02-28T14:13:22,60,0,2,60
2022-02-28T14:21:39,60,0,2,60
2022-02-28T14:29:56,60,0,2,60
2022-02-28T14:38:13,60,0,2,60
2022-02-28T14:46:30,60,0,2,60
2022-02-28T14:54:47,60,0,2,60
2022-02-28T15:03:03,60,0,2,60
2022-02-28T15:11:20,60,0,2,60
2022-02-28T15:19:40,60,0,2,60
2022-02-28T15:28:11,60,0,2,60
2022-02-28T15:36:31,60,0,2,60
2022-02-28T15:44:51,60,0,2,60
2022-02-28T15:53:11,60,0,2,60
2022-02-28T16:01:31,60,0,2,60
2022-02-28T16:09:50,60,0,2,60
2022-02-28T16:18:10,60,0,2,60
2022-02-28T16:26:30,60,0,2,60
2022-02-28T16:35:01,60,0,2,60
2022-02-28T16:43:21,60,0,2,60
2022-02-28T16:51:40,60,0,2,60
2022-02-28T17:00:00,60,0,2,60
2022-02-28T17:08:20,60,0,2,60
2022-02-28T17:16:40,60,0,3,60
2022-02-28T17:25:00,60,0,3,60
2022-02-28T17:33:19,60,0,3,60
2022-02-28T17:41:39,60,0,3,60
2022-02-28T17:50:19,60,0,3,60
2022-02-28T17:58:38,60,0,3,60
2022-02-28T18:06:58,60,0,3,60
2022-02-28T18:15:18,60,0,3,60
2022-02-28T18:23:38,60,0,3,60
2022-02-28T18:31:57,60,0,3,60
2022-02-28T18:40:17,60,0,3,60
2022-02-28T18:48:36,60,0,3,60
2022-02-28T18:56:56,60,0,3,60
2022-02-28T19:05:16,60,0,3,60
2022-02-28T19:13:45,60,0,3,60
2022-02-28T19:22:05,60,0,3,60
2022-02-28T19:30:25,60,0,3,60
2022-02-28T19:38:44,60,0,3,60
2022-02-28T19:47:04,60,0,3,60
2022-02-28T19:55:24,60,0,3,60
2022-02-28T20:03:43,60,0,3,60
2022-02-28T20:12:03,60,0,3,60
2022-02-28T20:20:22,60,0,3,60
2022-02-28T20:28:53,60,0,3,60
2022-02-28T20:37:13,60,0,3,60
2022-02-28T20:45:32,60,0,3,60
2022-02-28T20:53:52,60,0,3,60
2022-02-28T21:02:12,60,0,3,60
2022-02-28T21:10:31,60,0,3,60
2022-02-28T21:19:11,60,0,3,60
2022-02-28T21:27:31,60,0,3,60
2022-02-28T21:35:50,60,0,3,60
2022-02-28T21:44:10,60,0,3,60
2022-02-28T21:52:30,60,0,3,60
2022-02-28T22:00:50,60,0,3,60
2022-02-28T22:09:09,60,0,3,60
2022-02-28T22:17:29,60,0,3,60
2022-02-28T22:25:48,60,0,3,60
2022-02-28T22:34:08,60,0,3,60
2022-02-28T22:42:28,60,0,3,60
2022-02-28T22:50:47,60,0,3,60
2022-02-28T22:59:15,60,0,3,60
2022-02-28T23:07:34,60,0,3,60
2022-02-28T23:15:54,60,0,3,60
2022-02-28T23:24:14,60,0,3,60
2022-02-28T23:32:33,60,0,3,60
2022-02-28T23:40:53,60,0,3,60
2022-02-28T23:49:12,60,0,3,60
2022-02-28T23:57:32,60,0,3,60
2022-03-01T00:05:52,60,0,3,60
2022-03-01T00:14:12,60,0,3,60
2022-03-01T00:22:32,60,0,3,60
2022-03-01T00:30:52,60,0,3,60
2022-03-01T00:39:31,60,0,3,60
2022-03-01T00:47:51,60,0,3,60
2022-03-01T00:56:11,60,0,3,60
2022-03-01T01:04:31,60,0,3,60
2022-03-01T01:12:51,60,0,3,60
2022-03-01T01:21:11,60,0,3,60
2022-03-01T01:29:31,60,0,3,60
2022-03-01T01:37:51,60,0,3,60
2022-03-01T01:46:11,60,0,3,60
2022-03-01T01:54:31,60,0,3,60
2022-03-01T02:02:50,60,0,3,60
2022-03-01T02:11:10,60,0,3,60
2022-03-01T02:19:30,60,0,3,60
2022-03-01T02:27:50,60,0,3,60
2022-03-01T02:36:09,60,0,3,60
2022-03-01T02:44:29,60,0,3,60
2022-03-01T02:52:48,60,0,3,60
2022-03-01T03:01:08,60,0,3,60
2022-03-01T03:09:33,60,0,3,60
2022-03-01T03:17:54,60,0,3,60
2022-03-01T03:26:13,60,0,3,60
2022-03-01T03:34:33,60,0,3,60
2022-03-01T03:42:53,60,0,3,60
2022-03-01T03:51:13,60,0,3,60
2022-03-01T03:59:32,60,0,3,60
2022-03-01T04:08:18,60,0,3,60
2022-03-01T04:26:14,60,0,3,60
2022-03-01T04:34:51,60,0,3,60
2022-03-01T04:43:11,60,0,3,60
2022-03-01T04:51:32,60,0,3,60
2022-03-01T04:59:52,60,0,3,60
2022-03-01T05:08:14,60,0,3,60
2022-03-01T05:16:34,60,0,3,60
2022-03-01T05:24:55,60,0,3,60
2022-03-01T05:33:15,60,0,3,60
2022-03-01T05:41:35,60,0,3,60
2022-03-01T05:49:56,60,0,3,60
2022-03-01T05:58:16,60,0,3,60
2022-03-01T06:06:36,60,0,3,60
2022-03-01T06:14:56,60,0,3,60
2022-03-01T06:23:16,60,0,3,60
2022-03-01T06:31:37,60,0,3,60
2022-03-01T06:39:57,60,0,3,60
2022-03-01T06:48:17,60,0,3,60
2022-03-01T06:56:37,60,0,3,60
2022-03-01T07:04:57,60,0,3,60
2022-03-01T07:13:17,60,0,3,60
2022-03-01T07:21:37,60,0,3,60
2022-03-01T07:29:56,60,0,3,60
2022-03-01T07:38:16,60,0,3,60
2022-03-01T07:46:36,60,0,3,60
2022-03-01T07:54:56,60,0,3,60
2022-03-01T08:03:16,60,0,3,60
2022-03-01T08:11:35,60,0,3,60
2022-03-01T08:19:55,60,0,3,60
2022-03-01T08:28:15,60,0,3,60
2022-03-01T08:36:36,60,0,3,60
2022-03-01T08:45:10,60,0,3,60
2022-03-01T08:53:30,60,0,3,60
2022-03-01T09:01:50,60,0,3,60
2022-03-01T09:10:10,60,0,3,60
2022-03-01T09:18:30,60,0,3,60
2022-03-01T09:26:50,60,0,3,60
2022-03-01T09:35:10,60,0,3,60
2022-03-01T09:43:29,60,0,3,60
2022-03-01T09:51:49,60,0,3,60
2022-03-01T10:00:09,60,0,3,60
2022-03-01T10:08:38,60,0,3,60
2022-03-01T10:16:58,60,0,3,60
2022-03-01T10:25:18,60,0,3,60
2022-03-01T10:33:38,60,0,3,60
2022-03-01T10:41:58,60,0,3,60
2022-03-01T10:50:18,60,0,3,60
2022-03-01T10:58:38,60,0,3,60
2022-03-01T11:06:58,60,0,3,60
2022-03-01T11:15:26,60,0,3,60
2022-03-01T11:23:46,60,0,3,60
2022-03-01T11:32:06,60,0,3,60
2022-03-01T11:40:26,60,0,3,60
2022-03-01T11:48:46,60,0,3,60
2022-03-01T11:57:07,60,0,3,60
2022-03-01T12:05:27,60,0,3,60
2022-03-01T12:13:48,60,0,3,60
2022-03-01T12:22:08,60,0,3,60
2022-03-01T12:30:38,60,0,3,60
2022-03-01T12:38:58,60,0,3,60
2022-03-01T12:47:18,60,0,3,60
2022-03-01T12:55:39,60,0,3,60
2022-03-01T13:03:59,60,0,3,60
2022-03-01T13:12:19,60,0,3,60
2022-03-01T13:20:39,60,0,3,60
2022-03-01T13:28:59,60,0,3,60
2022-03-01T13:37:36,60,0,3,60
2022-03-01T13:45:56,60,0,3,60
2022-03-01T13:54:16,60,0,3,60
2022-03-01T14:02:36,60,0,3,60
2022-03-01T14:10:56,60,0,3,60
2022-03-01T14:19:38,60,0,3,60
2022-03-01T14:27:58,60,0,3,60
2022-03-01T14:36:18,60,0,3,60
2022-03-01T14:44:38,60,0,3,60
2022-03-01T14:52:58,60,0,3,60
2022-03-01T15:01:18,60,0,3,60
2022-03-01T15:09:38,60,0,3,60
2022-03-01T15:17:57,60,0,3,60
2022-03-01T15:26:28,60,0,3,60
2022-03-01T15:34:48,60,0,3,60
2022-03-01T15:43:08,60,0,3,60
2022-03-01T15:51:28,60,0,3,60
2022-03-01T15:59:48,60,0,3,60
2022-03-01T16:08:08,60,0,3,60
2022-03-01T16:16:48,60,0,3,60
2022-03-01T16:25:11,60,0,3,60
2022-03-01T16:33:34,60,0,3,60
2022-03-01T16:41:57,60,0,3,60
2022-03-01T16:50:19,60,0,3,60
2022-03-01T16:58:42,60,0,3,60
2022-03-01T17:07:05,60,0,3,60
2022-03-01T17:15:28,60,0,3,60
2022-03-01T17:24:02,60,0,3,60
2022-03-01T17:32:25,60,0,3,60
2022-03-01T17:40:48,60,0,3,60
2022-03-01T17:49:11,60,0,3,60
2022-03-01T17:57:34,60,0,3,60
2022-03-01T18:05:57,60,0,3,60
2022-03-01T18:14:20,60,0,3,60
2022-03-01T18:22:43,60,0,3,60
2022-03-01T18:31:06,60,0,3,60
2022-03-01T18:39:41,60,0,3,60
2022-03-01T18:48:04,60,0,3,60
2022-03-01T18:56:28,60,0,3,60
2022-03-01T19:04:51,60,0,3,60
2022-03-01T19:13:15,60,0,3,60
2022-03-01T19:21:39,60,0,3,60
2022-03-01T19:30:02,60,0,3,60
2022-03-01T19:38:26,60,0,3,60
2022-03-01T19:46:50,60,0,3,60
2022-03-01T19:55:32,60,0,3,60
2022-03-01T20:03:56,60,0,3,60
2022-03-01T20:12:19,60,0,3,60
2022-03-01T20:20:42,60,0,3,60
2022-03-01T20:29:05,60,0,3,60
2022-03-01T20:37:28,60,0,3,60
2022-03-01T20:46:02,60,0,3,60
2022-03-01T20:54:24,60,0,3,60
2022-03-01T21:02:47,60,0,3,60
2022-03-01T21:11:10,60,0,3,60
2022-03-01T21:19:32,60,0,3,60
2022-03-01T21:27:55,60,0,3,60
2022-03-01T21:36:18,60,0,3,60
2022-03-01T21:44:40,60,0,3,60
2022-03-01T21:53:03,60,0,3,60
2022-03-01T22:01:25,60,0,3,60
2022-03-01T22:09:48,60,0,3,60
2022-03-01T22:18:11,60,0,3,60
2022-03-01T22:26:53,60,0,3,60
2022-03-01T22:35:16,60,0,3,60
2022-03-01T22:43:39,60,0,3,60
2022-03-01T22:52:02,60,0,3,60
2022-03-01T23:00:24,60,0,3,60
2022-03-01T23:08:47,60,0,3,60
2022-03-01T23:17:09,60,0,3,60
2022-03-01T23:25:32,60,0,3,60
2022-03-01T23:33:55,60,0,3,60
2022-03-01T23:42:28,60,0,3,60
2022-03-01T23:50:51,60,0,3,60
2022-03-01T23:59:13,60,0,3,60
2022-03-02T00:07:36,60,0,3,60
2022-03-02T00:16:00,60,0,3,60
2022-03-02T00:24:23,60,0,3,60
2022-03-02T00:32:46,60,0,3,60
2022-03-02T00:41:09,60,0,3,60
2022-03-02T00:49:32,60,0,3,60
2022-03-02T00:57:56,60,0,3,60
2022-03-02T01:06:19,60,0,3,60
2022-03-02T01:14:42,60,0,3,60
2022-03-02T01:23:05,60,0,3,60
2022-03-02T01:31:38,60,0,3,60
2022-03-02T01:40:01,60,0,3,60
2022-03-02T01:48:24,60,0,3,60
2022-03-02T01:56:47,60,0,3,60
2022-03-02T02:05:10,60,0,3,60
2022-03-02T02:13:33,60,0,3,60
2022-03-02T02:21:56,60,0,3,60
2022-03-02T02:30:19,60,0,3,60
2022-03-02T02:38:43,60,0,3,60
2022-03-02T02:47:06,60,0,3,60
2022-03-02T02:55:29,60,0,3,60
2022-03-02T03:03:51,60,0,3,60
2022-03-02T03:12:14,60,0,3,60
2022-03-02T03:20:37,60,0,3,60
2022-03-02T03:29:00,60,0,3,60
2022-03-02T03:37:23,60,0,3,60
2022-03-02T03:45:45,60,0,3,60
2022-03-02T03:54:08,60,0,3,60
2022-03-02T04:02:31,60,0,3,60
2022-03-02T04:10:54,60,0,3,60
2022-03-02T04:21:23,60,0,3,60
2022-03-02T04:29:46,60,0,3,60
2022-03-02T04:39:13,60,0,3,60
2022-03-02T04:47:50,60,0,3,60
2022-03-02T04:56:14,60,0,3,60
2022-03-02T05:04:37,60,0,3,60
2022-03-02T05:13:01,60,0,3,60
2022-03-02T05:21:24,60,0,3,60
2022-03-02T05:29:47,60,0,3,60
2022-03-02T05:38:11,60,0,3,60
2022-03-02T05:46:34,60,0,3,60
2022-03-02T05:54:58,60,0,3,60
2022-03-02T06:03:21,60,0,3,60
2022-03-02T06:11:44,60,0,3,60
2022-03-02T06:20:09,60,0,3,60
2022-03-02T06:28:32,60,0,3,60
2022-03-02T06:36:55,60,0,3,60
2022-03-02T06:45:18,60,0,3,60
2022-03-02T06:53:41,60,0,3,60
2022-03-02T07:02:05,60,0,3,60
2022-03-02T07:10:28,60,0,3,60
2022-03-02T07:18:50,60,0,3,60
2022-03-02T07:27:13,60,0,3,60
2022-03-02T07:35:36,60,0,3,60
2022-03-02T07:43:59,60,0,3,60
2022-03-02T07:52:21,60,0,3,60
2022-03-02T08:00:44,60,0,3,60
2022-03-02T08:09:24,60,0,3,60
2022-03-02T08:17:47,60,0,3,60
2022-03-02T08:26:10,60,0,3,60
2022-03-02T08:34:32,60,0,3,60
2022-03-02T08:42:55,60,0,3,60
2022-03-02T08:51:18,60,0,3,60
2022-03-02T08:59:41,60,0,3,60
2022-03-02T09:08:04,60,0,3,60
2022-03-02T09:16:27,60,0,3,60
2022-03-02T09:24:50,60,0,3,60
2022-03-02T09:33:13,60,0,3,60
2022-03-02T09:41:36,60,0,3,60
2022-03-02T09:50:00,60,0,3,60
2022-03-02T09:58:35,60,0,3,60
2022-03-02T10:06:58,60,0,3,60
2022-03-02T10:15:21,60,0,3,60
2022-03-02T10:23:44,60,0,3,60
2022-03-02T10:32:07,60,0,3,60
2022-03-02T10:40:30,60,0,3,60
2022-03-02T10:49:04,60,0,3,60
2022-03-02T10:57:27,60,0,3,60
2022-03-02T11:05:50,60,0,3,60
2022-03-02T11:14:13,60,0,3,60
2022-03-02T11:22:36,60,0,3,60
2022-03-02T11:30:59,60,0,3,60
2022-03-02T11:39:30,60,0,3,60
2022-03-02T11:47:53,60,0,3,60
2022-03-02T11:56:16,60,0,3,60
2022-03-02T12:04:40,60,0,3,60
2022-03-02T12:13:03,60,0,3,60
2022-03-02T12:21:26,60,0,3,60
2022-03-02T12:30:03,60,0,3,60
2022-03-02T12:38:26,60,0,3,60
2022-03-02T12:46:50,60,0,3,60
2022-03-02T12:55:13,60,0,3,60
2022-03-02T13:03:36,60,0,3,60
2022-03-02T13:11:59,60,0,3,60
2022-03-02T13:20:31,60,0,3,60
2022-03-02T13:28:54,60,0,3,60
2022-03-02T13:37:17,60,0,3,60
2022-03-02T13:45:40,60,0,2,60
2022-03-02T13:54:03,60,0,2,60
2022-03-02T14:02:26,60,0,2,60
2022-03-02T14:11:08,60,0,2,60
2022-03-02T14:19:31,60,0,2,60
2022-03-02T14:27:54,60,0,2,60
2022-03-02T14:36:17,60,0,2,60
2022-03-02T14:44:40,60,0,2,60
2022-03-02T14:53:04,60,0,2,60
2022-03-02T15:01:27,60,0,2,60
2022-03-02T15:10:00,60,0,2,60
2022-03-02T15:18:23,60,0,2,60
2022-03-02T15:26:46,60,0,2,60
2022-03-02T15:35:09,60,0,2,60
2022-03-02T15:43:32,60,0,2,60
2022-03-02T15:51:55,60,0,2,60
2022-03-02T16:00:18,60,0,2,60
2022-03-02T16:08:41,60,0,2,60
2022-03-02T16:17:14,60,0,2,60
2022-03-02T16:25:37,60,0,2,60
2022-03-02T16:34:00,60,0,2,60
2022-03-02T16:42:23,60,0,2,60
2022-03-02T16:50:47,60,0,2,60
2022-03-02T16:59:10,60,0,2,60
2022-03-02T17:07:33,60,0,2,60
2022-03-02T17:16:05,60,0,2,60
2022-03-02T17:24:28,60,0,2,60
2022-03-02T17:32:51,60,0,2,60
2022-03-02T17:41:14,60,0,2,60
2022-03-02T17:49:36,60,0,2,60
2022-03-02T17:57:59,60,0,2,60
2022-03-02T18:06:22,60,0,2,60
2022-03-02T18:14:46,60,0,2,60
2022-03-02T18:23:26,60,0,2,60
2022-03-02T18:31:51,60,0,2,60
2022-03-02T18:40:14,60,0,2,60
2022-03-02T18:48:37,60,0,2,60
2022-03-02T18:56:59,60,0,2,60
2022-03-02T19:05:22,60,0,2,60
2022-03-02T19:13:45,60,0,2,60
2022-03-02T19:22:08,60,0,2,60
2022-03-02T19:30:31,60,0,2,60
2022-03-02T19:39:05,60,0,2,60
2022-03-02T19:47:28,60,0,2,60
2022-03-02T19:55:51,60,0,2,60
2022-03-02T20:04:14,60,0,2,60
2022-03-02T20:12:36,60,0,2,60
2022-03-02T20:20:59,60,0,2,60
2022-03-02T20:29:22,60,0,2,60
2022-03-02T20:37:44,60,0,2,60
2022-03-02T20:46:27,60,0,2,60
2022-03-02T20:54:50,60,0,2,60
2022-03-02T21:03:13,60,0,2,60
2022-03-02T21:11:35,60,0,2,60
2022-03-02T21:19:58,60,0,2,60
2022-03-02T21:28:21,60,0,2,60
2022-03-02T21:36:44,60,0,2,60
2022-03-02T21:45:06,60,0,2,60
2022-03-02T21:53:29,60,0,2,60
2022-03-02T22:02:02,60,0,2,60
2022-03-02T22:10:25,60,0,2,60
2022-03-02T22:18:48,60,0,2,60
2022-03-02T22:27:12,60,0,2,60
2022-03-02T22:35:35,60,0,2,60
2022-03-02T22:43:59,60,0,2,60
2022-03-02T22:52:21,60,0,2,60
2022-03-02T23:00:44,60,0,2,60
2022-03-02T23:09:07,60,0,2,60
2022-03-02T23:17:53,60,0,2,60
2022-03-02T23:26:16,60,0,2,60
2022-03-02T23:34:38,60,0,2,60
2022-03-02T23:43:01,60,0,2,60
2022-03-02T23:51:27,60,0,2,60
2022-03-02T23:59:49,60,0,2,60
2022-03-03T00:08:12,60,0,2,60
2022-03-03T00:16:35,60,0,2,60
2022-03-03T00:24:58,60,0,2,60
2022-03-03T00:33:21,60,0,2,60
2022-03-03T00:41:45,60,0,2,60
2022-03-03T00:50:08,60,0,2,60
2022-03-03T00:58:31,60,0,2,60
2022-03-03T01:07:08,60,0,2,60
2022-03-03T01:15:31,60,0,2,60
2022-03-03T01:23:54,60,0,2,60
2022-03-03T01:32:16,60,0,2,60
2022-03-03T01:40:39,60,0,2,60
2022-03-03T01:49:02,60,0,2,60
2022-03-03T01:57:25,60,0,2,60
2022-03-03T02:05:48,60,0,2,60
2022-03-03T02:14:11,60,0,2,60
2022-03-03T02:22:34,60,0,2,60
2022-03-03T02:30:59,60,0,2,60
2022-03-03T02:39:22,60,0,2,60
2022-03-03T02:47:45,60,0,2,60
2022-03-03T02:56:08,60,0,2,60
2022-03-03T03:04:31,60,0,2,60
2022-03-03T03:12:54,60,0,2,60
2022-03-03T03:21:17,60,0,2,60
2022-03-03T03:29:39,60,0,2,60
2022-03-03T03:38:02,60,0,2,60
2022-03-03T03:46:33,60,0,2,60
2022-03-03T03:54:55,60,0,2,60
2022-03-03T04:03:18,60,0,2,60
2022-03-03T04:13:57,60,0,2,60
2022-03-03T04:31:53,60,0,2,60
2022-03-03T04:40:17,60,0,2,60
2022-03-03T04:48:40,60,0,2,60
2022-03-03T04:57:04,60,0,2,60
2022-03-03T05:05:28,60,0,2,60
2022-03-03T05:13:52,60,0,2,60
2022-03-03T05:22:15,60,0,2,60
2022-03-03T05:30:38,60,0,2,60
2022-03-03T05:39:02,60,0,2,60
2022-03-03T05:47:25,60,0,2,60
2022-03-03T05:55:48,60,0,2,60
2022-03-03T06:04:12,60,0,2,60
2022-03-03T06:12:35,60,0,2,60
2022-03-03T06:20:59,60,0,2,60
2022-03-03T06:29:22,60,0,2,60
2022-03-03T06:37:45,60,0,2,60
2022-03-03T06:46:07,60,0,2,60
2022-03-03T06:54:30,60,0,2,60
2022-03-03T07:02:53,60,0,2,60
2022-03-03T07:11:16,60,0,2,60
2022-03-03T07:19:39,60,0,2,60
2022-03-03T07:28:01,60,0,2,60
2022-03-03T07:36:24,60,0,2,60
2022-03-03T07:44:47,60,0,2,60
2022-03-03T07:53:21,60,0,2,60
2022-03-03T08:01:44,60,0,2,60
2022-03-03T08:10:07,60,0,2,60
2022-03-03T08:18:30,60,0,2,60
2022-03-03T08:26:53,60,0,2,60
2022-03-03T08:35:16,60,0,2,60
2022-03-03T08:43:39,60,0,2,60
2022-03-03T08:52:03,60,0,2,60
2022-03-03T09:00:26,60,0,2,60
2022-03-03T09:08:49,60,0,2,60
2022-03-03T09:17:13,60,0,2,60
2022-03-03T09:25:37,60,0,2,60
2022-03-03T09:34:02,60,0,2,60
2022-03-03T09:42:27,60,0,2,60
2022-03-03T09:50:52,60,0,2,60
2022-03-03T09:59:16,60,0,2,60
2022-03-03T10:07:54,60,0,2,60
2022-03-03T10:16:19,60,0,2,60
2022-03-03T10:24:45,60,0,2,60
2022-03-03T10:33:11,60,0,2,60
2022-03-03T10:41:35,60,0,2,60
2022-03-03T10:50:00,60,0,2,60
2022-03-03T10:58:24,60,0,2,60
2022-03-03T11:06:48,60,0,2,60
2022-03-03T11:15:12,60,0,2,60
2022-03-03T11:23:48,60,0,2,60
2022-03-03T11:32:12,60,0,2,60
2022-03-03T11:40:35,60,0,2,60
2022-03-03T11:48:59,60,0,2,60
2022-03-03T11:57:23,60,0,2,60
2022-03-03T12:05:46,60,0,2,60
2022-03-03T12:14:09,60,0,2,60
2022-03-03T12:22:32,60,0,2,60
2022-03-03T12:30:55,60,0,2,60
2022-03-03T12:39:18,60,0,2,60
2022-03-03T12:47:41,60,0,2,60
2022-03-03T12:56:14,60,0,2,60
2022-03-03T13:04:38,60,0,2,60
2022-03-03T13:13:02,60,0,2,60
2022-03-03T13:21:25,60,0,2,60
2022-03-03T13:29:48,60,0,2,60
2022-03-03T13:38:15,60,0,2,60
2022-03-03T13:46:38,60,0,2,60
2022-03-03T13:55:01,60,0,2,60
2022-03-03T14:03:24,60,0,2,60
2022-03-03T14:11:48,60,0,2,60
2022-03-03T14:20:11,60,0,2,60
2022-03-03T14:28:34,60,0,2,60
2022-03-03T14:36:58,60,0,2,60
2022-03-03T14:45:29,60,0,2,60
2022-03-03T14:53:52,60,0,2,60
2022-03-03T15:02:15,60,0,2,60
2022-03-03T15:10:38,60,0,2,60
2022-03-03T15:19:01,60,0,2,60
2022-03-03T15:27:24,60,0,2,60
2022-03-03T15:35:47,60,0,2,60
2022-03-03T15:44:11,60,0,2,60
2022-03-03T15:52:34,60,0,2,60
2022-03-03T16:00:57,60,0,2,60
2022-03-03T16:09:20,60,0,2,60
2022-03-03T16:17:43,60,0,2,60
2022-03-03T16:26:16,60,0,2,60
2022-03-03T16:34:38,60,0,2,60
2022-03-03T16:43:01,60,0,2,60
2022-03-03T16:51:24,60,0,2,60
2022-03-03T16:59:47,60,0,2,60
2022-03-03T17:08:10,60,0,2,60
2022-03-03T17:16:33,60,0,2,60
2022-03-03T17:24:56,60,0,2,60
2022-03-03T17:33:18,60,0,2,60
2022-03-03T17:54:40,60,0,2,60
2022-03-03T18:03:05,60,0,2,60
2022-03-03T18:11:28,60,0,2,60
2022-03-03T18:19:51,60,0,2,60
2022-03-03T18:28:13,60,0,2,60
2022-03-03T18:36:36,60,0,2,60
2022-03-03T18:44:59,60,0,2,60
2022-03-03T18:53:22,60,0,2,60
2022-03-03T19:01:44,60,0,2,60
2022-03-03T19:10:07,60,0,2,60
2022-03-03T19:18:30,60,0,2,60
2022-03-03T19:26:52,60,0,2,60
2022-03-03T19:35:15,60,0,2,60
2022-03-03T19:43:38,60,0,2,60
2022-03-03T19:52:00,60,0,2,60
2022-03-03T20:00:31,60,0,2,60
2022-03-03T20:09:04,60,0,2,60
2022-03-03T20:17:27,60,0,2,60
2022-03-03T20:25:50,60,0,2,60
2022-03-03T20:34:12,60,0,2,60
2022-03-03T20:42:35,60,0,2,60
2022-03-03T20:50:58,60,0,2,60
2022-03-03T20:59:21,60,0,2,60
2022-03-03T21:07:43,60,0,2,60
2022-03-03T21:16:06,60,0,2,60
2022-03-03T21:24:29,60,0,2,60
2022-03-03T21:32:52,60,0,2,60
2022-03-03T21:41:14,60,0,2,60
2022-03-03T21:49:37,60,0,2,60
2022-03-03T21:58:00,60,0,2,60
2022-03-03T22:06:23,60,0,2,60
2022-03-03T22:14:58,60,0,2,60
2022-03-03T22:23:21,60,0,2,60
2022-03-03T22:31:43,60,0,2,60
2022-03-03T22:40:06,60,0,2,60
2022-03-03T22:48:29,60,0,2,60
2022-03-03T22:56:51,60,0,2,60
2022-03-03T23:05:14,60,0,2,60
2022-03-03T23:13:37,60,0,2,60
2022-03-03T23:22:00,60,0,2,60
2022-03-03T23:30:23,60,0,2,60
2022-03-03T23:38:45,60,0,2,60
2022-03-03T23:47:08,60,0,2,60
2022-03-03T23:55:30,60,0,2,60
2022-03-04T00:03:53,60,0,2,60
2022-03-04T00:12:16,60,0,2,60
2022-03-04T00:20:39,60,0,2,60
2022-03-04T00:29:02,60,0,2,60
2022-03-04T00:37:25,60,0,2,60
2022-03-04T00:45:48,60,0,2,60
2022-03-04T00:54:11,60,0,2,60
2022-03-04T01:02:35,60,0,2,60
2022-03-04T01:10:58,60,0,2,60
2022-03-04T01:19:21,60,0,2,60
2022-03-04T01:27:44,60,0,2,60
2022-03-04T01:36:07,60,0,2,60
2022-03-04T01:44:30,60,0,2,60
2022-03-04T01:52:52,60,0,2,60
2022-03-04T02:01:25,60,0,2,60
2022-03-04T02:09:48,60,0,2,60
2022-03-04T02:18:11,60,0,2,60
2022-03-04T02:26:34,60,0,2,60
2022-03-04T02:34:57,60,0,2,60
2022-03-04T02:43:20,60,0,2,60
2022-03-04T02:51:43,60,0,2,60
2022-03-04T03:00:06,60,0,2,60
2022-03-04T03:08:29,60,0,2,60
2022-03-04T03:16:52,60,0,2,60
2022-03-04T03:25:15,60,0,2,60
2022-03-04T03:33:38,60,0,2,60
2022-03-04T03:42:00,60,0,2,60
2022-03-04T03:50:28,60,0,2,60
2022-03-04T03:58:51,60,0,2,60
2022-03-04T04:07:14,60,0,2,60
2022-03-04T04:22:37,60,0,2,60
2022-03-04T04:31:01,60,0,2,60
2022-03-04T04:40:16,60,0,2,60
2022-03-04T04:48:53,60,0,2,60
2022-03-04T04:57:16,60,0,2,60
2022-03-04T05:05:40,60,0,2,60
2022-03-04T05:14:04,60,0,2,60
2022-03-04T05:22:27,60,0,2,60
2022-03-04T05:30:51,60,0,2,60
2022-03-04T05:39:14,60,0,2,60
2022-03-04T05:47:37,60,0,2,60
2022-03-04T05:56:01,60,0,2,60
2022-03-04T06:04:25,60,0,2,60
2022-03-04T06:12:48,60,0,2,60
2022-03-04T06:21:11,60,0,2,60
2022-03-04T06:29:35,60,0,2,60
2022-03-04T06:37:58,60,0,2,60
2022-03-04T06:46:22,60,0,2,60
2022-03-04T06:54:50,60,0,2,60
2022-03-04T07:03:13,60,0,2,60
2022-03-04T07:11:38,60,0,2,60
2022-03-04T07:20:01,60,0,2,60
2022-03-04T07:28:24,60,0,2,60
2022-03-04T07:36:47,60,0,2,60
2022-03-04T07:45:09,60,0,2,60
2022-03-04T07:53:32,60,0,2,60
2022-03-04T08:01:56,60,0,2,60
2022-03-04T08:10:19,60,0,2,60
2022-03-04T08:18:42,60,0,2,60
2022-03-04T08:27:05,60,0,2,60
2022-03-04T08:35:28,60,0,2,60
2022-03-04T08:43:51,60,0,2,60
2022-03-04T08:52:14,60,0,2,60
2022-03-04T09:00:37,60,0,2,60
2022-03-04T09:08:59,60,0,2,60
2022-03-04T09:17:22,60,0,2,60
2022-03-04T09:25:45,60,0,2,60
2022-03-04T09:34:08,60,0,2,60
2022-03-04T09:42:31,60,0,2,60
2022-03-04T09:50:54,60,0,2,60
2022-03-04T09:59:17,60,0,2,60
2022-03-04T10:07:40,60,0,2,60
2022-03-04T10:16:03,60,0,2,60
2022-03-04T10:24:26,60,0,2,60
2022-03-04T10:32:56,60,0,2,60
2022-03-04T10:41:19,60,0,2,60
2022-03-04T10:49:45,60,0,2,60
2022-03-04T10:58:11,60,0,2,60
2022-03-04T11:06:37,60,0,2,60
2022-03-04T11:15:03,60,0,2,60
2022-03-04T11:23:29,60,0,2,60
2022-03-04T11:31:55,60,0,2,60
2022-03-04T11:40:21,60,0,2,60
2022-03-04T11:48:47,60,0,2,60
2022-03-04T11:57:13,60,0,2,60
2022-03-04T12:05:40,60,0,2,60
2022-03-04T12:14:17,60,0,2,60
2022-03-04T12:22:43,60,0,2,60
2022-03-04T12:31:10,60,0,2,60
2022-03-04T12:39:37,60,0,2,60
2022-03-04T12:48:03,60,0,2,60
2022-03-04T12:56:29,60,0,2,60
2022-03-04T13:04:55,60,0,2,60
2022-03-04T13:13:21,60,0,2,60
2022-03-04T13:21:47,60,0,2,60
2022-03-04T13:30:13,60,0,2,60
2022-03-04T13:38:51,60,0,2,60
2022-03-04T13:47:17,60,0,2,60
2022-03-04T13:55:43,60,0,2,60
2022-03-04T14:04:09,60,0,2,60
2022-03-04T14:12:35,60,0,2,60
2022-03-04T14:21:00,60,0,2,60
2022-03-04T14:29:26,60,0,2,60
2022-03-04T14:38:02,60,0,2,60
2022-03-04T14:46:27,60,0,2,60
2022-03-04T14:54:54,60,0,2,60
2022-03-04T15:03:21,60,0,2,60
2022-03-04T15:11:47,60,0,2,60
2022-03-04T15:20:13,60,0,2,60
2022-03-04T15:28:41,60,0,2,60
2022-03-04T15:37:07,60,0,2,60
2022-03-04T15:45:33,60,0,2,60
2022-03-04T15:53:59,60,0,2,60
2022-03-04T16:02:34,60,0,2,60
2022-03-04T16:11:00,60,0,2,60
2022-03-04T16:19:27,60,0,2,60
2022-03-04T16:27:52,60,0,2,60
2022-03-04T16:36:18,60,0,2,60
2022-03-04T16:44:44,60,0,2,60
2022-03-04T16:53:10,60,0,2,60
2022-03-04T17:01:36,60,0,2,60
2022-03-04T17:10:02,60,0,2,60
2022-03-04T17:18:27,60,0,2,60
2022-03-04T17:26:53,60,0,2,60
2022-03-04T17:35:19,60,0,2,60
2022-03-04T17:43:45,60,0,2,60
2022-03-04T17:52:21,60,0,2,60
2022-03-04T18:00:47,60,0,2,60
2022-03-04T18:09:13,60,0,2,60
2022-03-04T18:17:39,60,0,2,60
2022-03-04T18:26:10,60,0,2,60
2022-03-04T18:34:35,60,0,2,60
2022-03-04T18:43:01,60,0,2,60
2022-03-04T18:51:27,60,0,2,60
2022-03-04T18:59:52,60,0,2,60
2022-03-04T19:08:18,60,0,2,60
2022-03-04T19:16:44,60,0,2,60
2022-03-04T19:25:17,60,0,2,60
2022-03-04T19:33:43,60,0,2,60
2022-03-04T19:42:08,60,0,2,60
2022-03-04T19:50:34,60,0,2,60
2022-03-04T19:59:00,60,0,2,60
2022-03-04T20:07:26,60,0,2,60
2022-03-04T20:15:51,60,0,2,60
2022-03-04T20:24:17,60,0,2,60
2022-03-04T20:32:43,60,0,2,60
2022-03-04T20:41:08,60,0,2,60
2022-03-04T20:49:34,60,0,2,60
2022-03-04T20:58:00,60,0,2,60
2022-03-04T21:06:25,60,0,2,60
2022-03-04T21:14:51,60,0,2,60
2022-03-04T21:23:17,60,0,2,60
2022-03-04T21:31:42,60,0,2,60
2022-03-04T21:40:08,60,0,2,60
2022-03-04T21:48:33,60,0,2,60
2022-03-04T21:56:59,60,0,2,60
2022-03-04T22:05:35,60,0,2,60
2022-03-04T22:14:00,60,0,2,60
2022-03-04T22:22:26,60,0,2,60
2022-03-04T22:30:52,60,0,2,60
2022-03-04T22:39:17,60,0,2,60
2022-03-04T22:47:43,60,0,2,60
2022-03-04T22:56:08,60,0,2,60
2022-03-04T23:04:34,60,0,2,60
2022-03-04T23:13:00,60,0,2,60
2022-03-04T23:21:25,60,0,2,60
2022-03-04T23:29:51,60,0,2,60
2022-03-04T23:38:17,60,0,2,60
2022-03-04T23:46:42,60,0,2,60
2022-03-04T23:55:08,60,0,2,60
2022-03-05T00:03:44,60,0,2,60
2022-03-05T00:12:10,60,0,2,60
2022-03-05T00:20:36,60,0,2,60
2022-03-05T00:29:01,60,0,2,60
2022-03-05T00:37:28,60,0,2,60
2022-03-05T00:45:54,60,0,2,60
2022-03-05T00:54:20,60,0,2,60
2022-03-05T01:02:46,60,0,2,60
2022-03-05T01:11:12,60,0,2,60
2022-03-05T01:19:38,60,0,2,60
2022-03-05T01:28:04,60,0,2,60
2022-03-05T01:36:29,60,0,2,60
2022-03-05T01:44:55,60,0,2,60
2022-03-05T01:53:21,60,0,2,60
2022-03-05T02:01:47,60,0,2,60
2022-03-05T02:10:13,60,0,2,60
2022-03-05T02:18:39,60,0,2,60
2022-03-05T02:27:04,60,0,2,60
2022-03-05T02:35:30,60,0,2,60
2022-03-05T02:43:56,60,0,2,60
2022-03-05T02:52:21,60,0,2,60
2022-03-05T03:00:47,60,0,2,60
2022-03-05T03:09:13,60,0,2,60
2022-03-05T03:17:38,60,0,2,60
2022-03-05T03:26:04,60,0,2,60
2022-03-05T03:34:30,60,0,2,60
2022-03-05T03:43:34,60,0,2,60
2022-03-05T03:52:00,60,0,2,60
2022-03-05T04:00:26,60,0,2,60
2022-03-05T04:08:53,60,0,2,60
2022-03-05T04:24:44,60,0,2,60
2022-03-05T04:33:25,60,0,2,60
2022-03-05T04:41:52,60,0,2,60
2022-03-05T04:50:18,60,0,2,60
2022-03-05T04:58:45,60,0,2,60
2022-03-05T05:07:11,60,0,2,60
2022-03-05T05:15:38,60,0,2,60
2022-03-05T05:24:04,60,0,2,60
2022-03-05T05:32:31,60,0,2,60
2022-03-05T05:40:57,60,0,2,60
2022-03-05T05:49:23,60,0,2,60
2022-03-05T05:57:50,60,0,2,60
2022-03-05T06:06:16,60,0,2,60
2022-03-05T06:14:42,60,0,2,60
2022-03-05T06:23:09,60,0,2,60
2022-03-05T06:31:35,60,0,2,60
2022-03-05T06:40:01,60,0,2,60
2022-03-05T06:48:29,60,0,2,60
2022-03-05T06:56:55,60,0,2,60
2022-03-05T07:05:22,60,0,2,60
2022-03-05T07:13:48,60,0,2,60
2022-03-05T07:22:14,60,0,2,60
2022-03-05T07:30:40,60,0,2,60
2022-03-05T07:39:06,60,0,2,60
2022-03-05T07:47:32,60,0,2,60
2022-03-05T07:55:58,60,0,2,60
2022-03-05T08:04:24,60,0,2,60
2022-03-05T08:12:50,60,0,2,60
2022-03-05T08:21:16,60,0,2,60
2022-03-05T08:29:49,60,0,2,60
2022-03-05T08:38:15,60,0,2,60
2022-03-05T08:46:41,60,0,2,60
2022-03-05T08:55:08,60,0,2,60
2022-03-05T09:03:33,60,0,2,60
2022-03-05T09:11:59,60,0,2,60
2022-03-05T09:20:25,60,0,2,60
2022-03-05T09:28:51,60,0,2,60
2022-03-05T09:37:16,60,0,2,60
2022-03-05T09:45:42,60,0,2,60
2022-03-05T09:54:08,60,0,2,60
2022-03-05T10:02:34,60,0,2,60
2022-03-05T10:10:59,60,0,2,60
2022-03-05T10:19:25,60,0,2,60
2022-03-05T10:27:51,60,0,2,60
2022-03-05T10:36:17,60,0,2,60
2022-03-05T10:44:42,60,0,2,60
2022-03-05T10:53:08,60,0,2,60
2022-03-05T11:01:34,60,0,2,60
2022-03-05T11:10:10,60,0,2,60
2022-03-05T11:18:36,60,0,2,60
2022-03-05T11:27:01,60,0,2,60
2022-03-05T11:35:27,60,0,2,60
2022-03-05T11:43:53,60,0,2,60
2022-03-05T11:52:19,60,0,2,60
2022-03-05T12:00:44,60,0,2,60
2022-03-05T12:09:10,60,0,2,60
2022-03-05T12:17:36,60,0,2,60
2022-03-05T12:26:01,60,0,2,60
2022-03-05T12:34:37,60,0,2,60
2022-03-05T12:43:02,60,0,2,60
2022-03-05T12:51:28,60,0,2,60
2022-03-05T12:59:54,60,0,2,60
2022-03-05T13:08:20,60,0,2,60
2022-03-05T13:16:45,60,0,2,60
2022-03-05T13:25:11,60,0,2,60
2022-03-05T13:33:37,60,0,2,60
2022-03-05T13:42:02,60,0,2,60
2022-03-05T13:50:28,59,1,2,60
2022-03-05T13:58:54,59,1,2,60
2022-03-05T14:07:19,59,1,2,60
2022-03-05T14:15:45,59,1,2,60
2022-03-05T14:24:21,59,1,2,60
2022-03-05T14:32:46,59,1,2,60
2022-03-05T14:41:12,59,1,2,60
2022-03-05T14:49:38,59,1,2,60
2022-03-05T14:58:04,59,1,2,60
2022-03-05T15:06:29,59,1,2,60
2022-03-05T15:14:55,59,1,2,60
2022-03-05T15:23:21,59,1,2,60
2022-03-05T15:31:46,59,1,2,60
2022-03-05T15:40:12,59,1,2,60
2022-03-05T15:48:37,59,1,2,60
2022-03-05T15:57:03,59,1,2,60
2022-03-05T16:05:29,59,1,2,60
2022-03-05T16:13:55,59,1,2,60
2022-03-05T16:22:20,59,1,2,60
2022-03-05T16:30:46,59,1,2,60
2022-03-05T16:39:11,59,1,2,60
2022-03-05T16:47:46,59,1,2,60
2022-03-05T16:56:12,59,1,2,60
2022-03-05T17:04:38,59,1,2,60
2022-03-05T17:13:03,59,1,2,60
2022-03-05T17:21:29,59,1,2,60
2022-03-05T17:29:55,59,1,2,60
2022-03-05T17:38:20,59,1,2,60
2022-03-05T17:46:46,59,1,2,60
2022-03-05T17:55:12,59,1,2,60
2022-03-05T18:03:38,59,1,2,60
2022-03-05T18:12:03,59,1,2,60
2022-03-05T18:20:29,59,1,2,60
2022-03-05T18:28:55,59,1,2,60
2022-03-05T18:37:20,59,1,2,60
2022-03-05T18:45:46,59,1,2,60
2022-03-05T18:54:12,59,1,2,60
2022-03-05T19:02:37,59,1,2,60
2022-03-05T19:11:12,59,1,2,60
2022-03-05T19:19:38,59,1,2,60
2022-03-05T19:28:03,59,1,2,60
2022-03-05T19:36:29,59,1,2,60
2022-03-05T19:44:55,59,1,2,60
2022-03-05T19:53:21,59,1,2,60
2022-03-05T20:01:47,59,1,2,60
2022-03-05T20:10:13,59,1,2,60
2022-03-05T20:18:39,59,1,2,60
2022-03-05T20:27:05,59,1,2,60
2022-03-05T20:35:31,59,1,2,60
2022-03-05T20:43:56,59,1,2,60
2022-03-05T20:52:22,59,1,2,60
2022-03-05T21:00:47,59,1,2,60
2022-03-05T21:09:13,59,1,2,60
2022-03-05T21:17:38,59,1,2,60
2022-03-05T21:26:04,59,1,2,60
2022-03-05T21:34:38,59,1,2,60
2022-03-05T21:43:04,59,1,2,60
2022-03-05T21:51:30,59,1,2,60
2022-03-05T21:59:55,59,1,2,60
2022-03-05T22:08:21,59,1,2,60
2022-03-05T22:16:47,59,1,2,60
2022-03-05T22:25:13,59,1,2,60
2022-03-05T22:33:38,60,0,1,60
2022-03-05T22:42:11,60,0,1,60
2022-03-05T22:50:37,60,0,1,60
2022-03-05T22:59:02,60,0,1,60
2022-03-05T23:07:28,60,0,1,60
2022-03-05T23:15:54,60,0,1,60
2022-03-05T23:24:19,60,0,1,60
2022-03-05T23:32:45,60,0,1,60
2022-03-05T23:41:11,60,0,1,60
2022-03-05T23:49:36,60,0,1,60
2022-03-05T23:58:02,60,0,1,60
2022-03-06T00:06:28,60,0,1,60
2022-03-06T00:14:54,60,0,1,60
2022-03-06T00:23:20,60,0,1,60
2022-03-06T00:31:46,60,0,1,60
2022-03-06T00:40:12,60,0,1,60
2022-03-06T00:48:38,60,0,1,60
2022-03-06T00:57:04,60,0,1,60
2022-03-06T01:05:29,60,0,1,60
2022-03-06T01:13:55,60,0,1,60
2022-03-06T01:22:21,60,0,1,60
2022-03-06T01:30:56,60,0,1,60
2022-03-06T01:39:22,60,0,1,60
2022-03-06T01:47:48,60,0,1,60
2022-03-06T01:56:14,60,0,1,60
2022-03-06T02:04:40,60,0,1,60
2022-03-06T02:13:06,60,0,1,60
2022-03-06T02:21:32,60,0,1,60
2022-03-06T02:29:58,60,0,1,60
2022-03-06T02:38:24,60,0,1,60
2022-03-06T02:46:50,60,0,1,60
2022-03-06T02:55:15,60,0,1,60
2022-03-06T03:03:41,60,0,1,60
2022-03-06T03:12:07,60,0,1,60
2022-03-06T03:20:33,60,0,1,60
2022-03-06T03:28:59,60,0,1,60
2022-03-06T03:37:25,60,0,1,60
2022-03-06T03:45:51,60,0,1,60
2022-03-06T03:54:17,60,0,1,60
2022-03-06T04:02:43,60,0,1,60
2022-03-06T11:21:43,60,0,1,60
2022-03-06T11:30:08,60,0,1,60
2022-03-06T11:38:34,60,0,1,60
2022-03-06T11:47:00,60,0,1,60
2022-03-06T11:55:26,60,0,1,60
2022-03-06T12:03:52,60,0,1,60
2022-03-06T12:12:17,60,0,1,60
2022-03-06T12:20:43,60,0,1,60
2022-03-06T12:29:09,60,0,1,60
2022-03-06T12:37:35,60,0,1,60
2022-03-06T12:46:00,60,0,1,60
2022-03-06T12:54:26,60,0,1,60
2022-03-06T13:02:51,60,0,1,60
2022-03-06T13:11:17,60,0,1,60
2022-03-06T13:19:43,60,0,1,60
2022-03-06T13:28:08,60,0,1,60
2022-03-06T13:36:41,60,0,1,60
2022-03-06T13:45:07,60,0,1,60
2022-03-06T13:53:32,60,0,1,60
2022-03-06T14:01:58,60,0,1,60
2022-03-06T14:10:24,60,0,1,60
2022-03-06T14:18:49,60,0,1,60
2022-03-06T14:27:15,60,0,1,60
2022-03-06T14:35:40,60,0,1,60
2022-03-06T14:44:06,60,0,1,60
2022-03-06T14:52:32,60,0,1,60
2022-03-06T15:00:57,60,0,1,60
2022-03-06T15:09:23,60,0,1,60
2022-03-06T15:17:49,60,0,1,60
2022-03-06T15:26:15,60,0,1,60
2022-03-06T15:34:40,60,0,1,60
2022-03-06T15:43:06,60,0,1,60
2022-03-06T15:51:32,60,0,1,60
2022-03-06T16:00:06,60,0,1,60
2022-03-06T16:08:32,60,0,1,60
2022-03-06T16:16:58,60,0,1,60
2022-03-06T16:25:24,60,0,1,60
2022-03-06T16:33:50,60,0,1,60
2022-03-06T16:42:15,60,0,1,60
2022-03-06T16:50:42,60,0,1,60
2022-03-06T16:59:07,60,0,1,60
2022-03-06T17:07:33,60,0,1,60
2022-03-06T17:15:59,60,0,1,60
2022-03-06T17:24:24,60,0,1,60
2022-03-06T17:32:50,60,0,1,60
2022-03-06T17:41:16,60,0,1,60
2022-03-06T17:49:51,60,0,1,60
2022-03-06T17:58:17,60,0,1,60
2022-03-06T18:06:42,60,0,1,60
2022-03-06T18:15:08,60,0,1,60
2022-03-06T18:23:34,60,0,1,60
2022-03-06T18:32:00,60,0,1,60
2022-03-06T18:40:25,60,0,1,60
2022-03-06T18:48:51,60,0,1,60
2022-03-06T18:57:16,60,0,1,60
2022-03-06T19:05:42,60,0,1,60
2022-03-06T19:14:08,60,0,1,60
2022-03-06T19:22:33,60,0,1,60
2022-03-06T19:30:59,60,0,1,60
2022-03-06T19:39:25,60,0,1,60
2022-03-06T19:47:58,60,0,1,60
2022-03-06T19:56:24,60,0,1,60
2022-03-06T20:04:50,60,0,1,60
2022-03-06T20:13:15,60,0,1,60
2022-03-06T20:21:41,60,0,1,60
2022-03-06T20:30:08,60,0,1,60
2022-03-06T20:38:34,60,0,1,60
2022-03-06T20:47:01,60,0,1,60
2022-03-06T20:55:27,60,0,1,60
2022-03-06T21:03:54,60,0,1,60
2022-03-06T21:12:21,60,0,1,60
2022-03-06T21:20:48,60,0,1,60
2022-03-06T21:29:14,60,0,1,60
2022-03-06T21:37:41,60,0,1,60
2022-03-06T21:46:08,60,0,1,60
2022-03-06T21:54:34,60,0,1,60
2022-03-06T22:03:11,60,0,1,60
2022-03-06T22:11:37,60,0,1,60
2022-03-06T22:20:03,60,0,1,60
2022-03-06T22:28:29,60,0,1,60
2022-03-06T22:36:55,60,0,1,60
2022-03-06T22:45:20,60,0,1,60
2022-03-06T22:53:46,60,0,1,60
2022-03-06T23:02:12,60,0,1,60
2022-03-06T23:10:37,60,0,1,60
2022-03-06T23:19:04,60,0,1,60
2022-03-06T23:27:31,60,0,1,60
2022-03-06T23:35:56,60,0,1,60
2022-03-06T23:44:22,60,0,1,60
2022-03-06T23:52:57,60,0,1,60
2022-03-07T00:01:23,60,0,1,60
2022-03-07T00:09:49,60,0,1,60
2022-03-07T00:18:16,60,0,1,60
2022-03-07T00:26:42,60,0,1,60
2022-03-07T00:35:08,60,0,1,60
2022-03-07T00:43:35,60,0,1,60
2022-03-07T00:52:00,60,0,1,60
2022-03-07T01:00:26,60,0,1,60
2022-03-07T01:08:53,60,0,1,60
2022-03-07T01:17:19,60,0,1,60
2022-03-07T01:25:45,60,0,1,60
2022-03-07T01:34:11,60,0,1,60
2022-03-07T01:42:37,60,0,1,60
2022-03-07T01:51:03,60,0,1,60
2022-03-07T01:59:29,60,0,1,60
2022-03-07T02:08:03,60,0,1,60
2022-03-07T02:16:30,60,0,1,60
2022-03-07T02:24:56,60,0,1,60
2022-03-07T02:33:22,60,0,1,60
2022-03-07T02:41:48,60,0,1,60
2022-03-07T02:50:22,60,0,1,60
2022-03-07T02:58:47,60,0,1,60
2022-03-07T03:07:13,60,0,1,60
2022-03-07T03:15:39,60,0,1,60
2022-03-07T03:24:05,60,0,1,60
2022-03-07T03:32:31,60,0,1,60
2022-03-07T03:40:57,60,0,1,60
2022-03-07T03:49:23,60,0,1,60
2022-03-07T03:57:49,60,0,1,60
2022-03-07T04:06:48,60,0,1,60
2022-03-07T04:21:10,60,0,1,60
2022-03-07T04:29:55,60,0,1,60
2022-03-07T04:38:22,60,0,1,60
2022-03-07T04:46:49,60,0,1,60
2022-03-07T04:55:15,60,0,1,60
2022-03-07T05:03:43,60,0,1,60
2022-03-07T05:12:09,60,0,1,60
2022-03-07T05:20:36,60,0,1,60
2022-03-07T05:29:02,60,0,1,60
2022-03-07T05:37:29,60,0,1,60
2022-03-07T05:45:55,60,0,1,60
2022-03-07T05:54:21,60,0,1,60
2022-03-07T06:02:47,60,0,1,60
2022-03-07T06:11:13,60,0,1,60
2022-03-07T06:19:40,60,0,1,60
2022-03-07T06:28:06,60,0,1,60
2022-03-07T06:36:32,60,0,1,60
2022-03-07T06:44:58,60,0,1,60
2022-03-07T06:53:23,60,0,1,60
2022-03-07T07:01:49,60,0,1,60
2022-03-07T07:10:15,60,0,1,60
2022-03-07T07:18:41,60,0,1,60
2022-03-07T07:27:07,60,0,1,60
2022-03-07T07:35:32,60,0,1,60
2022-03-07T07:43:58,60,0,1,60
2022-03-07T07:52:24,60,0,1,60
2022-03-07T08:00:50,60,0,1,60
2022-03-07T08:09:16,60,0,1,60
2022-03-07T08:17:41,60,0,1,60
2022-03-07T08:26:07,60,0,1,60
2022-03-07T08:34:33,60,0,1,60
2022-03-07T08:43:09,60,0,1,60
2022-03-07T08:51:34,60,0,1,60
2022-03-07T09:00:01,60,0,1,60
2022-03-07T09:08:26,60,0,1,60
2022-03-07T09:16:52,60,0,1,60
2022-03-07T09:25:18,60,0,1,60
2022-03-07T09:33:44,60,0,1,60
2022-03-07T09:42:10,60,0,1,60
2022-03-07T09:50:36,60,0,1,60
2022-03-07T09:59:02,60,0,1,60
2022-03-07T10:07:28,60,0,1,60
2022-03-07T10:15:54,60,0,1,60
2022-03-07T10:24:20,60,0,1,60
2022-03-07T10:32:46,60,0,1,60
2022-03-07T10:41:12,60,0,1,60
2022-03-07T10:49:49,60,0,1,60
2022-03-07T10:58:15,60,0,1,60
2022-03-07T11:06:41,60,0,1,60
2022-03-07T11:15:07,60,0,1,60
2022-03-07T11:23:33,60,0,1,60
2022-03-07T11:31:59,60,0,1,60
2022-03-07T11:40:25,60,0,1,60
2022-03-07T11:48:51,60,0,1,60
2022-03-07T11:57:17,60,0,1,60
2022-03-07T12:05:53,60,0,1,60
2022-03-07T12:14:19,60,0,1,60
2022-03-07T12:22:45,60,0,1,60
2022-03-07T12:31:11,60,0,1,60
2022-03-07T12:39:36,60,0,1,60
2022-03-07T12:48:02,60,0,1,60
2022-03-07T12:56:28,60,0,1,60
2022-03-07T13:04:54,60,0,1,60
2022-03-07T13:13:20,60,0,1,60
2022-03-07T13:21:46,60,0,1,60
2022-03-07T13:30:22,60,0,1,60
2022-03-07T13:38:48,60,0,1,60
2022-03-07T13:47:14,60,0,1,60
2022-03-07T13:55:40,60,0,1,60
2022-03-07T14:04:06,60,0,1,60
2022-03-07T14:12:32,60,0,1,60
2022-03-07T14:20:58,60,0,1,60
2022-03-07T14:29:24,60,0,1,60
2022-03-07T14:37:50,60,0,1,60
2022-03-07T14:46:21,60,0,1,60
2022-03-07T14:54:46,60,0,1,60
2022-03-07T15:03:12,60,0,1,60
2022-03-07T15:11:38,60,0,1,60
2022-03-07T15:20:04,60,0,1,60
2022-03-07T15:28:30,60,0,1,60
2022-03-07T15:36:57,60,0,1,60
2022-03-07T15:45:23,60,0,1,60
2022-03-07T15:53:49,60,0,1,60
2022-03-07T16:02:14,60,0,1,60
2022-03-07T16:10:51,60,0,1,60
2022-03-07T16:19:17,60,0,1,60
2022-03-07T16:27:43,60,0,1,60
2022-03-07T16:36:09,60,0,1,60
2022-03-07T16:44:35,60,0,1,60
2022-03-07T16:53:01,60,0,1,60
2022-03-07T17:01:27,60,0,1,60
2022-03-07T17:09:53,60,0,1,60
2022-03-07T17:18:19,60,0,1,60
2022-03-07T17:26:54,60,0,1,60
2022-03-07T17:35:20,60,0,1,60
2022-03-07T17:43:46,60,0,1,60
2022-03-07T17:52:12,60,0,1,60
2022-03-07T18:00:37,60,0,1,60
2022-03-07T18:09:03,60,0,1,60
2022-03-07T18:17:29,60,0,1,60
2022-03-07T18:25:55,60,0,1,60
2022-03-07T18:34:20,60,0,1,60
2022-03-07T18:42:54,60,0,1,60
2022-03-07T18:51:19,60,0,1,60
2022-03-07T18:59:45,60,0,1,60
2022-03-07T19:08:11,60,0,1,60
2022-03-07T19:16:36,60,0,1,60
2022-03-07T19:25:02,60,0,1,60
2022-03-07T19:33:28,60,0,1,60
2022-03-07T19:41:54,60,0,1,60
2022-03-07T19:50:20,60,0,1,60
2022-03-07T19:58:46,60,0,1,60
2022-03-07T20:07:11,60,0,1,60
2022-03-07T20:15:49,60,0,1,60
2022-03-07T20:24:16,60,0,1,60
2022-03-07T20:32:42,60,0,1,60
2022-03-07T20:41:09,60,0,1,60
2022-03-07T20:49:36,60,0,1,60
2022-03-07T20:58:02,60,0,1,60
2022-03-07T21:06:29,60,0,1,60
2022-03-07T21:14:56,60,0,1,60
2022-03-07T21:23:22,60,0,1,60
2022-03-07T21:31:49,60,0,1,60
2022-03-07T21:40:16,60,0,1,60
2022-03-07T21:48:42,60,0,1,60
2022-03-07T21:57:16,60,0,1,60
2022-03-07T22:05:42,60,0,1,60
2022-03-07T22:14:08,60,0,1,60
2022-03-07T22:22:33,60,0,1,60
2022-03-07T22:30:59,60,0,1,60
2022-03-07T22:39:25,60,0,1,60
2022-03-07T22:47:51,60,0,1,60
2022-03-07T22:56:16,60,0,1,60
2022-03-07T23:04:42,60,0,1,60
2022-03-07T23:13:08,60,0,1,60
2022-03-07T23:21:36,60,0,1,60
2022-03-07T23:30:03,60,0,1,60
2022-03-07T23:38:38,60,0,1,60
2022-03-07T23:47:04,60,0,1,60
2022-03-07T23:55:29,60,0,1,60
2022-03-08T00:03:56,60,0,1,60
2022-03-08T00:12:22,60,0,1,60
2022-03-08T00:20:48,60,0,1,60
2022-03-08T00:29:14,60,0,1,60
2022-03-08T00:37:40,60,0,1,60
2022-03-08T00:46:06,60,0,1,60
2022-03-08T00:54:32,60,0,1,60
2022-03-08T01:02:58,60,0,1,60
2022-03-08T01:11:24,60,0,1,60
2022-03-08T01:19:50,60,0,1,60
2022-03-08T01:28:16,60,0,1,60
2022-03-08T01:36:42,60,0,1,60
2022-03-08T01:45:08,60,0,1,60
2022-03-08T01:53:34,60,0,1,60
2022-03-08T02:02:10,60,0,1,60
2022-03-08T02:10:36,60,0,1,60
2022-03-08T02:19:02,60,0,1,60
2022-03-08T02:27:27,60,0,1,60
2022-03-08T02:35:53,60,0,1,60
2022-03-08T02:44:18,60,0,1,60
2022-03-08T02:52:44,60,0,1,60
2022-03-08T03:01:09,60,0,1,60
2022-03-08T03:09:35,60,0,1,60
2022-03-08T03:18:00,60,0,1,60
2022-03-08T03:26:26,60,0,1,60
2022-03-08T03:34:52,60,0,1,60
2022-03-08T03:43:19,60,0,1,60
2022-03-08T03:51:45,60,0,1,60
2022-03-08T04:00:11,60,0,1,60
2022-03-08T04:16:26,60,0,1,60
2022-03-08T04:25:52,60,0,1,60
2022-03-08T04:34:31,60,0,1,60
2022-03-08T04:42:57,60,0,1,60
2022-03-08T04:51:23,60,0,1,60
2022-03-08T04:59:50,60,0,1,60
2022-03-08T05:08:16,60,0,1,60
2022-03-08T05:16:43,60,0,1,60
2022-03-08T05:25:09,60,0,1,60
2022-03-08T05:33:35,60,0,1,60
2022-03-08T05:42:02,60,0,1,60
2022-03-08T05:50:28,60,0,1,60
2022-03-08T05:58:56,60,0,1,60
2022-03-08T06:07:22,60,0,1,60
2022-03-08T06:15:49,60,0,1,60
2022-03-08T06:24:15,60,0,1,60
2022-03-08T06:32:41,60,0,1,60
2022-03-08T06:41:08,60,0,1,60
2022-03-08T06:49:34,60,0,1,60
2022-03-08T06:58:00,60,0,1,60
2022-03-08T07:06:26,60,0,1,60
2022-03-08T07:14:51,60,0,1,60
2022-03-08T07:23:17,60,0,1,60
2022-03-08T07:31:43,60,0,1,60
2022-03-08T07:40:09,60,0,1,60
2022-03-08T07:48:35,60,0,1,60
2022-03-08T07:57:01,60,0,1,60
2022-03-08T08:05:26,60,0,1,60
2022-03-08T08:13:52,60,0,1,60
2022-03-08T08:22:18,60,0,1,60
2022-03-08T08:30:44,60,0,1,60
2022-03-08T08:39:28,60,0,1,60
2022-03-08T08:47:54,60,0,1,60
2022-03-08T08:56:23,60,0,1,60
2022-03-08T09:04:52,60,0,1,60
2022-03-08T09:13:20,60,0,1,60
2022-03-08T09:21:50,60,0,1,60
2022-03-08T09:30:20,60,0,1,60
2022-03-08T09:38:49,60,0,1,60
2022-03-08T09:47:18,60,0,1,60
2022-03-08T09:55:48,60,0,1,60
2022-03-08T10:04:17,60,0,1,60
2022-03-08T10:12:46,60,0,1,60
2022-03-08T10:21:25,60,0,1,60
2022-03-08T10:29:54,60,0,1,60
2022-03-08T10:38:23,60,0,1,60
2022-03-08T10:46:52,60,0,1,60
2022-03-08T10:55:21,60,0,1,60
2022-03-08T11:03:50,60,0,1,60
2022-03-08T11:12:19,60,0,1,60
2022-03-08T11:20:56,60,0,1,60
2022-03-08T11:29:25,60,0,1,60
2022-03-08T11:37:54,60,0,1,60
2022-03-08T11:46:22,60,0,1,60
2022-03-08T11:54:52,60,0,1,60
2022-03-08T12:03:21,60,0,1,60
2022-03-08T12:12:08,60,0,1,60
2022-03-08T12:20:36,60,0,1,60
2022-03-08T12:29:05,60,0,1,60
2022-03-08T12:37:34,60,0,1,60
2022-03-08T12:46:03,60,0,1,60
2022-03-08T12:54:32,60,0,1,60
2022-03-08T13:03:15,60,0,1,60
2022-03-08T13:11:44,60,0,1,60
2022-03-08T13:20:13,60,0,1,60
2022-03-08T13:28:42,60,0,1,60
2022-03-08T13:37:11,60,0,1,60
2022-03-08T13:45:40,60,0,1,60
2022-03-08T13:54:09,60,0,1,60
2022-03-08T14:02:39,60,0,1,60
2022-03-08T14:11:18,60,0,1,60
2022-03-08T14:19:47,60,0,1,60
2022-03-08T14:28:16,60,0,1,60
2022-03-08T14:36:46,60,0,1,60
2022-03-08T14:45:15,60,0,1,60
2022-03-08T14:54:05,60,0,1,60
2022-03-08T15:02:34,60,0,1,60
2022-03-08T15:11:03,60,0,1,60
2022-03-08T15:19:32,60,0,1,60
2022-03-08T15:28:01,60,0,1,60
2022-03-08T15:36:38,60,0,1,60
2022-03-08T15:45:07,60,0,1,60
2022-03-08T15:53:36,60,0,1,60
2022-03-08T16:02:05,60,0,1,60
2022-03-08T16:10:34,60,0,1,60
2022-03-08T16:19:03,60,0,1,60
2022-03-08T16:27:43,60,0,1,60
2022-03-08T16:36:12,60,0,1,60
2022-03-08T16:44:41,60,0,1,60
2022-03-08T16:53:10,60,0,1,60
2022-03-08T17:01:39,60,0,1,60
2022-03-08T17:10:07,60,0,1,60
2022-03-08T17:18:36,60,0,1,60
2022-03-08T17:27:29,60,0,1,60
2022-03-08T17:35:58,60,0,1,60
2022-03-08T17:44:26,60,0,1,60
2022-03-08T17:52:55,60,0,1,60
2022-03-08T18:01:24,60,0,1,60
2022-03-08T18:09:53,60,0,1,60
2022-03-08T18:18:22,60,0,1,60
2022-03-08T18:26:51,60,0,1,60
2022-03-08T18:35:19,60,0,1,60
2022-03-08T18:43:48,60,0,1,60
2022-03-08T18:52:27,60,0,1,60
2022-03-08T19:00:55,60,0,1,60
2022-03-08T19:09:24,60,0,1,60
2022-03-08T19:17:53,60,0,1,60
2022-03-08T19:26:22,60,0,1,60
2022-03-08T19:34:51,60,0,1,60
2022-03-08T19:43:19,60,0,1,60
2022-03-08T19:51:48,60,0,1,60
2022-03-08T20:00:17,60,0,1,60
2022-03-08T20:08:46,60,0,1,60
2022-03-08T20:17:23,60,0,1,60
2022-03-08T20:25:52,60,0,1,60
2022-03-08T20:34:21,60,0,1,60
2022-03-08T20:42:50,60,0,1,60
2022-03-08T20:51:19,60,0,1,60
2022-03-08T20:59:47,60,0,1,60
2022-03-08T21:08:16,60,0,1,60
2022-03-08T21:16:45,60,0,1,60
2022-03-08T21:25:22,60,0,1,60
2022-03-08T21:33:50,60,0,1,60
2022-03-08T21:42:19,60,0,1,60
2022-03-08T21:50:48,60,0,1,60
2022-03-08T21:59:16,60,0,1,60
2022-03-08T22:07:45,60,0,1,60
2022-03-08T22:16:14,60,0,1,60
2022-03-08T22:24:43,60,0,1,60
2022-03-08T22:33:11,60,0,1,60
2022-03-08T22:41:50,60,0,1,60
2022-03-08T22:50:19,60,0,1,60
2022-03-08T22:58:47,60,0,1,60
2022-03-08T23:07:16,60,0,1,60
2022-03-08T23:15:45,60,0,1,60
2022-03-08T23:24:18,60,0,1,60
2022-03-08T23:32:47,60,0,1,60
2022-03-08T23:41:16,60,0,1,60
2022-03-08T23:50:03,60,0,1,60
2022-03-08T23:58:32,60,0,1,60
2022-03-09T00:07:01,60,0,1,60
2022-03-09T00:15:30,60,0,1,60
2022-03-09T00:23:59,60,0,1,60
2022-03-09T00:32:28,60,0,1,60
2022-03-09T00:40:57,60,0,1,60
2022-03-09T00:49:26,60,0,1,60
2022-03-09T00:57:56,60,0,1,60
2022-03-09T01:06:25,60,0,1,60
2022-03-09T01:14:54,60,0,1,60
2022-03-09T01:23:23,60,0,1,60
2022-03-09T01:32:09,60,0,1,60
2022-03-09T01:40:38,60,0,1,60
2022-03-09T01:49:06,60,0,1,60
2022-03-09T01:57:35,60,0,1,60
2022-03-09T02:06:04,60,0,1,60
2022-03-09T02:14:34,60,0,1,60
2022-03-09T02:23:03,60,0,1,60
2022-03-09T02:31:32,60,0,1,60
2022-03-09T02:40:02,60,0,1,60
2022-03-09T02:48:31,60,0,1,60
2022-03-09T02:57:00,60,0,1,60
2022-03-09T03:05:29,60,0,1,60
2022-03-09T03:13:57,60,0,1,60
2022-03-09T03:22:26,60,0,1,60
2022-03-09T03:30:55,60,0,1,60
2022-03-09T03:39:23,60,0,1,60
2022-03-09T03:48:00,60,0,1,60
2022-03-09T03:56:29,60,0,1,60
2022-03-09T04:04:58,60,0,1,60
2022-03-09T04:13:27,60,0,1,60
2022-03-09T11:08:33,60,0,1,60
2022-03-09T11:17:14,60,0,1,60
2022-03-09T11:25:46,60,0,1,60
2022-03-09T11:34:18,60,0,1,60
2022-03-09T11:42:50,60,0,1,60
2022-03-09T11:51:22,60,0,1,60
2022-03-09T11:59:54,60,0,1,60
2022-03-09T12:08:26,60,0,1,60
2022-03-09T12:16:58,60,0,1,60
2022-03-09T12:25:30,60,0,1,60
2022-03-09T12:34:01,60,0,1,60
2022-03-09T12:42:33,60,0,1,60
2022-03-09T12:51:05,60,0,1,60
2022-03-09T12:59:37,60,0,1,60
2022-03-09T13:08:20,60,0,1,60
2022-03-09T13:16:53,60,0,1,60
2022-03-09T13:25:25,60,0,1,60
2022-03-09T13:33:57,60,0,1,60
2022-03-09T13:42:29,60,0,1,60
2022-03-09T13:51:01,60,0,1,60
2022-03-09T13:59:33,60,0,1,60
2022-03-09T14:08:05,60,0,1,60
2022-03-09T14:16:37,60,0,1,60
2022-03-09T14:25:09,60,0,1,60
2022-03-09T14:33:41,60,0,1,60
2022-03-09T14:42:13,60,0,1,60
2022-03-09T14:50:45,60,0,1,60
2022-03-09T14:59:28,60,0,1,60
2022-03-09T15:08:00,60,0,1,60
2022-03-09T15:16:32,60,0,1,60
2022-03-09T15:25:04,60,0,1,60
2022-03-09T15:33:36,60,0,1,60
2022-03-09T15:42:08,60,0,1,60
2022-03-09T15:50:40,60,0,1,60
2022-03-09T15:59:12,60,0,1,60
2022-03-09T16:07:44,60,0,1,60
2022-03-09T16:16:15,60,0,1,60
2022-03-09T16:24:47,60,0,1,60
2022-03-09T16:33:19,60,0,1,60
2022-03-09T16:42:01,60,0,1,60
2022-03-09T16:50:33,60,0,1,60
2022-03-09T16:59:05,60,0,1,60
2022-03-09T17:07:37,60,0,1,60
2022-03-09T17:16:09,60,0,1,60
2022-03-09T17:24:41,60,0,1,60
2022-03-09T17:33:12,60,0,1,60
2022-03-09T17:41:44,60,0,1,60
2022-03-09T17:50:16,60,0,1,60
2022-03-09T17:58:48,60,0,1,60
2022-03-09T18:07:19,60,0,1,60
2022-03-09T18:15:51,60,0,1,60
2022-03-09T18:24:23,60,0,1,60
2022-03-09T18:32:55,60,0,1,60
2022-03-09T18:41:27,60,0,1,60
2022-03-09T18:49:59,60,0,1,60
2022-03-09T18:58:30,60,0,1,60
2022-03-09T19:07:02,60,0,1,60
2022-03-09T19:15:34,60,0,1,60
2022-03-09T19:24:06,60,0,1,60
2022-03-09T19:32:45,60,0,1,60
2022-03-09T19:41:17,60,0,1,60
2022-03-09T19:49:48,60,0,1,60
2022-03-09T19:58:20,60,0,1,60
2022-03-09T20:06:52,60,0,1,60
2022-03-09T20:15:24,60,0,1,60
2022-03-09T20:23:55,60,0,1,60
2022-03-09T20:32:27,60,0,1,60
2022-03-09T20:40:59,60,0,1,60
2022-03-09T20:49:31,60,0,1,60
2022-03-09T20:58:02,60,0,1,60
2022-03-09T21:06:34,60,0,1,60
2022-03-09T21:15:06,60,0,1,60
2022-03-09T21:23:38,60,0,1,60
2022-03-09T21:32:09,60,0,1,60
2022-03-09T21:40:41,60,0,1,60
2022-03-09T21:49:13,60,0,1,60
2022-03-09T21:57:45,60,0,1,60
2022-03-09T22:06:17,60,0,1,60
2022-03-09T22:14:50,60,0,1,60
2022-03-09T22:23:22,60,0,1,60
2022-03-09T22:31:54,60,0,1,60
2022-03-09T22:40:34,60,0,1,60
2022-03-09T22:49:06,60,0,1,60
2022-03-09T22:57:38,60,0,1,60
2022-03-09T23:06:10,60,0,1,60
2022-03-09T23:14:41,60,0,1,60
2022-03-09T23:23:13,60,0,1,60
2022-03-09T23:31:45,60,0,1,60
2022-03-09T23:40:17,60,0,1,60
2022-03-09T23:48:48,60,0,1,60
2022-03-09T23:57:20,60,0,1,60
2022-03-10T00:05:52,60,0,1,60
2022-03-10T00:14:24,60,0,1,60
2022-03-10T00:22:56,60,0,1,60
2022-03-10T00:31:28,60,0,1,60
2022-03-10T00:40:00,60,0,1,60
2022-03-10T00:48:32,60,0,1,60
2022-03-10T00:57:05,60,0,1,60
2022-03-10T01:05:37,60,0,1,60
2022-03-10T01:14:09,60,0,1,60
2022-03-10T01:22:41,60,0,1,60
2022-03-10T01:31:13,60,0,1,60
2022-03-10T01:39:45,60,0,1,60
2022-03-10T01:48:17,60,0,1,60
2022-03-10T01:56:49,60,0,1,60
2022-03-10T02:05:21,60,0,1,60
2022-03-10T02:13:53,60,0,1,60
2022-03-10T02:22:24,60,0,1,60
2022-03-10T02:30:56,60,0,1,60
2022-03-10T02:39:28,60,0,1,60
2022-03-10T02:47:59,60,0,1,60
2022-03-10T02:56:31,60,0,1,60
2022-03-10T03:05:03,60,0,1,60
2022-03-10T03:13:36,60,0,1,60
2022-03-10T03:22:08,60,0,1,60
2022-03-10T03:30:40,60,0,1,60
2022-03-10T03:39:12,60,0,1,60
2022-03-10T03:47:44,60,0,1,60
2022-03-10T03:56:16,60,0,1,60
2022-03-10T04:04:48,60,0,1,60
2022-03-10T11:31:46,60,0,1,60
2022-03-10T11:40:19,60,0,1,60
2022-03-10T11:48:53,60,0,1,60
2022-03-10T11:57:26,60,0,1,60
2022-03-10T12:05:58,60,0,1,60
2022-03-10T12:14:39,60,0,1,60
2022-03-10T12:23:12,60,0,1,60
2022-03-10T12:31:44,60,0,1,60
2022-03-10T12:40:16,60,0,1,60
2022-03-10T12:48:48,60,0,1,60
2022-03-10T12:57:20,60,0,1,60
2022-03-10T13:05:52,60,0,1,60
2022-03-10T13:14:24,60,0,1,60
2022-03-10T13:22:56,60,0,1,60
2022-03-10T13:31:28,60,0,1,60
2022-03-10T13:40:00,60,0,1,60
2022-03-10T13:48:32,60,0,1,60
2022-03-10T13:57:04,60,0,1,60
2022-03-10T14:05:37,60,0,1,60
2022-03-10T14:14:19,60,0,1,60
2022-03-10T14:22:51,60,0,1,60
2022-03-10T14:31:23,60,0,1,60
2022-03-10T14:39:55,60,0,1,60
2022-03-10T14:48:27,60,0,1,60
2022-03-10T14:56:59,60,0,1,60
2022-03-10T15:05:31,60,0,1,60
2022-03-10T15:14:03,60,0,1,60
2022-03-10T15:22:35,60,0,1,60
2022-03-10T15:31:07,60,0,1,60
2022-03-10T15:39:39,60,0,1,60
2022-03-10T15:48:11,60,0,1,60
2022-03-10T15:56:52,60,0,1,60
2022-03-10T16:05:24,60,0,1,60
2022-03-10T16:13:56,60,0,1,60
2022-03-10T16:22:28,60,0,1,60
2022-03-10T16:31:00,60,0,1,60
2022-03-10T16:39:32,60,0,1,60
2022-03-10T16:48:04,60,0,1,60
2022-03-10T16:56:36,60,0,1,60
2022-03-10T17:05:08,60,0,1,60
2022-03-10T17:13:40,60,0,1,60
2022-03-10T17:22:12,60,0,1,60
2022-03-10T17:30:44,60,0,1,60
2022-03-10T17:39:24,60,0,1,60
2022-03-10T17:47:56,60,0,1,60
2022-03-10T17:56:28,60,0,1,60
2022-03-10T18:05:00,60,0,1,60
2022-03-10T18:13:32,60,0,1,60
2022-03-10T18:22:04,60,0,1,60
2022-03-10T18:30:36,60,0,1,60
2022-03-10T18:39:07,60,0,1,60
2022-03-10T18:47:39,60,0,1,60
2022-03-10T18:56:11,60,0,1,60
2022-03-10T19:04:43,60,0,1,60
2022-03-10T19:13:15,60,0,1,60
2022-03-10T19:21:47,60,0,1,60
2022-03-10T19:30:19,60,0,1,60
2022-03-10T19:38:50,60,0,1,60
2022-03-10T19:47:22,60,0,1,60
2022-03-10T19:55:54,60,0,1,60
2022-03-10T20:04:26,60,0,1,60
2022-03-10T20:13:08,60,0,1,60
2022-03-10T20:21:39,60,0,1,60
2022-03-10T20:30:11,60,0,1,60
2022-03-10T20:38:43,60,0,1,60
2022-03-10T20:47:14,60,0,1,60
2022-03-10T20:55:46,60,0,1,60
2022-03-10T21:00:34,60,0,1,60
2022-03-10T21:09:06,60,0,1,60
2022-03-10T21:17:38,60,0,1,60
2022-03-10T21:26:09,60,0,1,60
2022-03-10T21:34:41,60,0,1,60
2022-03-10T21:43:13,60,0,1,60
2022-03-10T21:51:45,60,0,1,60
2022-03-10T22:00:16,60,0,1,60
2022-03-10T22:08:48,60,0,1,60
2022-03-10T22:17:20,60,0,1,60
2022-03-10T22:25:52,60,0,1,60
2022-03-10T22:34:24,60,0,1,60
2022-03-10T22:42:55,60,0,1,60
2022-03-10T22:51:27,60,0,1,60
2022-03-10T22:59:59,60,0,1,60
2022-03-10T23:08:31,60,0,1,60
2022-03-10T23:17:03,60,0,1,60
2022-03-10T23:25:34,60,0,1,60
2022-03-10T23:34:06,60,0,1,60
2022-03-10T23:42:38,60,0,1,60
2022-03-10T23:51:10,60,0,1,60
2022-03-10T23:59:50,60,0,1,60
2022-03-11T00:08:22,60,0,1,60
2022-03-11T00:16:54,60,0,1,60
2022-03-11T00:25:26,60,0,1,60
2022-03-11T00:33:58,60,0,1,60
2022-03-11T00:42:31,60,0,1,60
2022-03-11T00:51:03,60,0,1,60
2022-03-11T00:59:35,60,0,1,60
2022-03-11T01:08:08,60,0,1,60
2022-03-11T01:16:40,60,0,1,60
2022-03-11T01:25:12,60,0,1,60
2022-03-11T01:33:44,60,0,1,60
2022-03-11T01:42:16,60,0,1,60
2022-03-11T01:50:48,60,0,1,60
2022-03-11T01:59:20,60,0,1,60
2022-03-11T02:07:52,60,0,1,60
2022-03-11T02:16:24,60,0,1,60
2022-03-11T02:24:56,60,0,1,60
2022-03-11T02:33:29,60,0,1,60
2022-03-11T02:42:01,60,0,1,60
2022-03-11T02:50:33,60,0,1,60
2022-03-11T02:59:05,60,0,1,60
2022-03-11T03:07:37,60,0,1,60
2022-03-11T03:16:09,60,0,1,60
2022-03-11T03:24:41,60,0,1,60
2022-03-11T03:33:13,60,0,1,60
2022-03-11T03:41:44,60,0,1,60
2022-03-11T03:50:16,60,0,1,60
2022-03-11T03:58:48,60,0,1,60
2022-03-11T04:07:20,60,0,1,60
2022-03-11T04:32:23,60,0,1,60
2022-03-11T04:41:17,60,0,1,60
2022-03-11T04:49:50,60,0,1,60
2022-03-11T04:58:22,60,0,1,60
2022-03-11T05:06:55,60,0,1,60
2022-03-11T05:15:28,60,0,1,60
2022-03-11T05:24:00,60,0,1,60
2022-03-11T05:32:33,60,0,1,60
2022-03-11T05:41:05,60,0,1,60
2022-03-11T05:49:38,60,0,1,60
2022-03-11T05:58:10,60,0,1,60
2022-03-11T06:06:43,60,0,1,60
2022-03-11T06:15:20,60,0,1,60
2022-03-11T06:23:57,60,0,1,60
2022-03-11T06:32:29,60,0,1,60
2022-03-11T06:41:01,60,0,1,60
2022-03-11T06:49:33,60,0,1,60
2022-03-11T06:58:05,60,0,1,60
2022-03-11T07:06:37,60,0,1,60
2022-03-11T07:15:09,60,0,1,60
2022-03-11T07:23:41,60,0,1,60
2022-03-11T07:32:13,60,0,1,60
2022-03-11T07:40:45,60,0,1,60
2022-03-11T07:49:17,60,0,1,60
2022-03-11T07:57:49,60,0,1,60
2022-03-11T08:06:21,60,0,1,60
2022-03-11T08:14:53,60,0,1,60
2022-03-11T08:23:25,60,0,1,60
2022-03-11T08:31:57,60,0,1,60
2022-03-11T08:40:29,60,0,1,60
2022-03-11T08:49:01,60,0,1,60
2022-03-11T08:57:33,60,0,1,60
2022-03-11T09:06:05,60,0,1,60
2022-03-11T09:14:37,60,0,1,60
2022-03-11T09:23:09,60,0,1,60
2022-03-11T09:31:43,60,0,1,60
2022-03-11T09:40:15,60,0,1,60
2022-03-11T09:48:47,60,0,1,60
2022-03-11T09:57:19,60,0,1,60
2022-03-11T10:05:51,60,0,1,60
2022-03-11T10:14:23,60,0,1,60
2022-03-11T10:22:55,60,0,1,60
2022-03-11T10:31:27,60,0,1,60
2022-03-11T10:39:59,60,0,1,60
2022-03-11T10:48:40,60,0,1,60
2022-03-11T10:57:12,60,0,1,60
2022-03-11T11:05:45,60,0,1,60
2022-03-11T11:14:17,60,0,1,60
2022-03-11T11:22:49,60,0,1,60
2022-03-11T11:31:21,60,0,1,60
2022-03-11T11:39:53,60,0,1,60
2022-03-11T11:48:25,60,0,1,60
2022-03-11T11:56:56,60,0,1,60
2022-03-11T12:05:28,60,0,1,60
2022-03-11T12:14:00,60,0,1,60
2022-03-11T12:22:32,60,0,1,60
2022-03-11T12:31:04,60,0,1,60
2022-03-11T12:39:44,60,0,1,60
2022-03-11T12:48:16,60,0,1,60
2022-03-11T12:56:48,60,0,1,60
2022-03-11T13:05:20,60,0,1,60
2022-03-11T13:13:52,60,0,1,60
2022-03-11T13:22:24,60,0,1,60
2022-03-11T13:30:57,60,0,1,60
2022-03-11T13:39:29,60,0,1,60
2022-03-11T13:48:01,60,0,1,60
2022-03-11T13:56:33,60,0,1,60
2022-03-11T14:05:05,60,0,1,60
2022-03-11T14:13:38,60,0,1,60
2022-03-11T14:22:10,60,0,1,60
2022-03-11T14:30:51,60,0,1,60
2022-03-11T14:39:24,60,0,1,60
2022-03-11T14:47:56,60,0,1,60
2022-03-11T14:56:28,60,0,1,60
2022-03-11T15:05:01,60,0,1,60
2022-03-11T15:13:33,60,0,1,60
2022-03-11T15:22:05,60,0,1,60
2022-03-11T15:30:37,60,0,1,60
2022-03-11T15:39:10,60,0,1,60
2022-03-11T15:47:42,60,0,1,60
2022-03-11T15:56:14,60,0,1,60
2022-03-11T16:04:46,60,0,1,60
2022-03-11T16:13:18,60,0,1,60
2022-03-11T16:22:00,60,0,1,60
2022-03-11T16:30:32,60,0,1,60
2022-03-11T16:39:04,60,0,1,60
2022-03-11T16:47:36,60,0,1,60
2022-03-11T16:56:08,60,0,1,60
2022-03-11T17:04:40,60,0,1,60
2022-03-11T17:13:12,60,0,1,60
2022-03-11T17:21:44,60,0,1,60
2022-03-11T17:30:16,60,0,1,60
2022-03-11T17:38:47,60,0,1,60
2022-03-11T17:47:19,60,0,1,60
2022-03-11T17:55:51,60,0,1,60
2022-03-11T18:04:23,60,0,1,60
2022-03-11T18:12:55,60,0,1,60
2022-03-11T18:21:27,60,0,1,60
2022-03-11T18:29:59,60,0,1,60
2022-03-11T18:38:31,60,0,1,60
2022-03-11T18:47:06,60,0,1,60
2022-03-11T18:55:37,60,0,1,60
2022-03-11T19:04:19,60,0,1,60
2022-03-11T19:12:51,60,0,1,60
2022-03-11T19:21:23,60,0,1,60
2022-03-11T19:29:54,60,0,1,60
2022-03-11T19:38:26,60,0,1,60
2022-03-11T19:46:58,60,0,1,60
2022-03-11T19:55:29,60,0,1,60
2022-03-11T20:04:01,60,0,1,60
2022-03-11T20:12:33,60,0,1,60
2022-03-11T20:21:05,60,0,1,60
2022-03-11T20:29:36,60,0,1,60
2022-03-11T20:38:08,60,0,1,60
2022-03-11T20:46:40,60,0,1,60
2022-03-11T20:55:12,60,0,1,60
2022-03-11T21:03:43,60,0,1,60
2022-03-11T21:12:15,60,0,1,60
2022-03-11T21:20:47,60,0,1,60
2022-03-11T21:29:19,60,0,1,60
2022-03-11T21:37:51,60,0,1,60
2022-03-11T21:46:22,60,0,1,60
2022-03-11T21:54:54,60,0,1,60
2022-03-11T22:03:26,60,0,1,60
2022-03-11T22:11:58,60,0,1,60
2022-03-11T22:20:30,60,0,1,60
2022-03-11T22:29:01,60,0,1,60
2022-03-11T22:37:33,60,0,1,60
2022-03-11T22:46:05,60,0,1,60
2022-03-11T22:54:37,60,0,1,60
2022-03-11T23:03:08,60,0,1,60
2022-03-11T23:11:40,60,0,1,60
2022-03-11T23:20:12,60,0,1,60
2022-03-11T23:28:44,60,0,1,60
2022-03-11T23:37:16,60,0,1,60
2022-03-11T23:45:47,60,0,1,60
2022-03-11T23:54:19,60,0,1,60
2022-03-12T00:02:51,60,0,1,60
2022-03-12T00:11:23,60,0,1,60
2022-03-12T00:19:56,60,0,1,60
2022-03-12T00:28:28,60,0,1,60
2022-03-12T00:37:01,60,0,1,60
2022-03-12T00:45:33,60,0,1,60
2022-03-12T00:54:05,60,0,1,60
2022-03-12T01:02:37,60,0,1,60
2022-03-12T01:11:09,60,0,1,60
2022-03-12T01:19:42,60,0,1,60
2022-03-12T01:28:14,60,0,1,60
2022-03-12T01:36:46,60,0,1,60
2022-03-12T01:45:18,60,0,1,60
2022-03-12T01:53:50,60,0,1,60
2022-03-12T02:02:32,60,0,1,60
2022-03-12T02:11:05,60,0,1,60
2022-03-12T02:19:36,60,0,1,60
2022-03-12T02:28:08,60,0,1,60
2022-03-12T02:36:40,60,0,1,60
2022-03-12T02:45:11,60,0,1,60
2022-03-12T02:53:43,60,0,1,60
2022-03-12T03:02:15,60,0,1,60
2022-03-12T03:10:47,60,0,1,60
2022-03-12T03:20:02,60,0,1,60
2022-03-12T03:28:35,60,0,1,60
2022-03-12T03:37:07,60,0,1,60
2022-03-12T03:45:39,60,0,1,60
2022-03-12T03:54:11,60,0,1,60
2022-03-12T04:02:43,60,0,1,60
2022-03-12T04:16:05,60,0,1,60
2022-03-12T04:24:38,60,0,1,60
2022-03-12T04:33:10,60,0,1,60
2022-03-12T04:42:55,60,0,1,60
2022-03-12T04:51:28,60,0,1,60
2022-03-12T05:00:00,60,0,1,60
2022-03-12T05:08:33,60,0,1,60
2022-03-12T05:17:06,60,0,1,60
2022-03-12T05:25:38,60,0,1,60
2022-03-12T05:34:11,60,0,1,60
2022-03-12T05:42:43,60,0,1,60
2022-03-12T05:51:16,60,0,1,60
2022-03-12T05:59:48,60,0,1,60
2022-03-12T06:08:21,60,0,1,60
2022-03-12T06:16:53,60,0,1,60
2022-03-12T06:25:25,60,0,1,60
2022-03-12T06:33:57,60,0,1,60
2022-03-12T06:42:30,60,0,1,60
2022-03-12T06:51:02,60,0,1,60
2022-03-12T06:59:35,60,0,1,60
2022-03-12T07:08:07,60,0,1,60
2022-03-12T07:16:40,60,0,1,60
2022-03-12T07:25:12,60,0,1,60
2022-03-12T07:33:44,60,0,1,60
2022-03-12T07:42:17,60,0,1,60
2022-03-12T07:50:49,60,0,1,60
2022-03-12T07:59:21,60,0,1,60
2022-03-12T08:07:52,60,0,1,60
2022-03-12T08:16:25,60,0,1,60
2022-03-12T08:24:57,60,0,1,60
2022-03-12T08:33:29,60,0,1,60
2022-03-12T08:42:01,60,0,1,60
2022-03-12T08:50:33,60,0,1,60
2022-03-12T08:59:04,60,0,1,60
2022-03-12T09:07:36,60,0,1,60
2022-03-12T09:16:08,60,0,1,60
2022-03-12T09:24:40,60,0,1,60
2022-03-12T09:33:12,60,0,1,60
2022-03-12T09:41:44,60,0,1,60
2022-03-12T09:50:15,60,0,1,60
2022-03-12T09:58:47,60,0,1,60
2022-03-12T10:07:19,60,0,1,60
2022-03-12T10:15:50,60,0,1,60
2022-03-12T10:24:22,60,0,1,60
2022-03-12T10:32:54,60,0,1,60
2022-03-12T10:41:26,60,0,1,60
2022-03-12T10:49:57,60,0,1,60
2022-03-12T10:58:29,60,0,1,60
2022-03-12T11:07:01,60,0,1,60
2022-03-12T11:15:33,60,0,1,60
2022-03-12T11:24:04,60,0,1,60
2022-03-12T11:32:36,60,0,1,60
2022-03-12T11:41:08,60,0,1,60
2022-03-12T11:49:40,60,0,1,60
2022-03-12T11:58:12,60,0,1,60
2022-03-12T12:06:44,60,0,1,60
2022-03-12T12:15:15,60,0,1,60
2022-03-12T12:23:47,60,0,1,60
2022-03-12T12:32:19,60,0,1,60
2022-03-12T12:40:50,60,0,1,60
2022-03-12T12:49:22,60,0,1,60
2022-03-12T12:57:54,60,0,1,60
2022-03-12T13:06:26,60,0,1,60
2022-03-12T13:14:57,60,0,1,60
2022-03-12T13:23:29,60,0,1,60
2022-03-12T13:32:01,60,0,1,60
2022-03-12T13:40:33,60,0,1,60
2022-03-12T13:49:04,60,0,1,60
2022-03-12T13:57:36,60,0,1,60
2022-03-12T14:06:08,60,0,1,60
2022-03-12T14:14:40,60,0,1,60
2022-03-12T14:23:11,60,0,1,60
2022-03-12T14:31:43,60,0,1,60
2022-03-12T14:40:16,60,0,1,60
2022-03-12T14:48:48,60,0,1,60
2022-03-12T14:57:20,60,0,1,60
2022-03-12T15:05:51,60,0,1,60
2022-03-12T15:14:23,60,0,1,60
2022-03-12T15:22:55,60,0,1,60
2022-03-12T15:31:27,60,0,1,60
2022-03-12T15:39:58,60,0,1,60
2022-03-12T15:48:30,60,0,1,60
2022-03-12T15:57:02,60,0,1,60
2022-03-12T16:05:50,60,0,1,60
2022-03-12T16:14:22,60,0,1,60
2022-03-12T16:22:54,60,0,1,60
2022-03-12T16:31:26,60,0,1,60
2022-03-12T16:39:58,60,0,1,60
2022-03-12T16:48:29,60,0,1,60
2022-03-12T16:57:01,60,0,1,60
2022-03-12T17:05:33,60,0,1,60
2022-03-12T17:14:05,60,0,1,60
2022-03-12T17:22:37,60,0,1,60
2022-03-12T17:31:09,60,0,1,60
2022-03-12T17:39:40,60,0,1,60
2022-03-12T17:48:12,60,0,1,60
2022-03-12T17:56:44,60,0,1,60
2022-03-12T18:05:16,60,0,1,60
2022-03-12T18:13:47,60,0,1,60
2022-03-12T18:22:19,60,0,1,60
2022-03-12T18:30:51,60,0,1,60
2022-03-12T18:39:23,60,0,1,60
2022-03-12T18:47:54,60,0,1,60
2022-03-12T18:56:26,60,0,1,60
2022-03-12T19:04:58,60,0,1,60
2022-03-12T19:13:29,60,0,1,60
2022-03-12T19:22:01,60,0,1,60
2022-03-12T19:30:33,60,0,1,60
2022-03-12T19:39:04,60,0,1,60
2022-03-12T19:47:36,60,0,1,60
2022-03-12T19:56:08,60,0,1,60
2022-03-12T20:04:39,60,0,1,60
2022-03-12T20:13:11,60,0,1,60
2022-03-12T20:21:43,60,0,1,60
2022-03-12T20:30:15,60,0,1,60
2022-03-12T20:38:46,60,0,1,60
2022-03-12T20:47:18,60,0,1,60
2022-03-12T20:55:50,60,0,1,60
2022-03-12T21:04:21,60,0,1,60
2022-03-12T21:12:53,60,0,1,60
2022-03-12T21:21:25,60,0,1,60
2022-03-12T21:29:56,60,0,1,60
2022-03-12T21:38:28,60,0,1,60
2022-03-12T21:47:00,60,0,1,60
2022-03-12T21:55:32,60,0,1,60
2022-03-12T22:04:03,60,0,1,60
2022-03-12T22:12:35,60,0,1,60
2022-03-12T22:21:07,60,0,1,60
2022-03-12T22:29:39,60,0,1,60
2022-03-12T22:38:10,60,0,1,60
2022-03-12T22:46:42,60,0,1,60
2022-03-12T22:55:14,60,0,1,60
2022-03-12T23:03:46,60,0,1,60
2022-03-12T23:12:18,60,0,1,60
2022-03-12T23:21:00,60,0,1,60
2022-03-12T23:29:31,60,0,1,60
2022-03-12T23:38:03,60,0,1,60
2022-03-12T23:46:35,60,0,1,60
2022-03-12T23:55:07,60,0,1,60
2022-03-13T00:03:38,60,0,1,60
2022-03-13T00:12:10,60,0,1,60
2022-03-13T00:20:43,60,0,1,60
2022-03-13T00:29:15,60,0,1,60
2022-03-13T00:37:46,60,0,1,60
2022-03-13T00:46:18,60,0,1,60
2022-03-13T00:54:50,60,0,1,60
2022-03-13T01:03:21,60,0,1,60
2022-03-13T01:11:53,60,0,1,60
2022-03-13T01:20:25,60,0,1,60
2022-03-13T01:28:57,60,0,1,60
2022-03-13T01:37:28,60,0,1,60
2022-03-13T01:46:00,60,0,1,60
2022-03-13T01:54:32,60,0,1,60
2022-03-13T03:03:03,60,0,1,60
2022-03-13T03:11:35,60,0,1,60
2022-03-13T03:20:07,60,0,1,60
2022-03-13T03:28:39,60,0,1,60
2022-03-13T03:37:10,60,0,1,60
2022-03-13T03:45:42,60,0,1,60
2022-03-13T03:54:13,60,0,1,60
2022-03-13T04:02:45,60,0,1,60
2022-03-13T04:15:58,60,0,1,60
2022-03-13T04:24:48,60,0,1,60
2022-03-13T04:33:21,60,0,1,60
2022-03-13T04:41:53,60,0,1,60
2022-03-13T04:50:24,60,0,1,60
2022-03-13T04:58:57,60,0,1,60
2022-03-13T05:07:30,60,0,1,60
2022-03-13T05:16:04,60,0,1,60
2022-03-13T05:24:37,60,0,1,60
2022-03-13T05:33:10,60,0,1,60
2022-03-13T05:41:42,60,0,1,60
2022-03-13T05:50:16,60,0,1,60
2022-03-13T05:59:15,60,0,1,60
2022-03-13T06:08:06,60,0,1,60
2022-03-13T06:16:38,60,0,1,60
2022-03-13T06:25:11,60,0,1,60
2022-03-13T06:33:44,60,0,1,60
2022-03-13T06:42:17,60,0,1,60
2022-03-13T06:50:49,60,0,1,60
2022-03-13T06:59:22,60,0,1,60
2022-03-13T07:07:54,60,0,1,60
2022-03-13T07:16:27,60,0,1,60
2022-03-13T07:25:00,60,0,1,60
2022-03-13T07:33:33,60,0,1,60
2022-03-13T07:42:05,60,0,1,60
2022-03-13T07:50:37,60,0,1,60
2022-03-13T07:59:09,60,0,1,60
2022-03-13T08:07:42,60,0,1,60
2022-03-13T08:16:14,60,0,1,60
2022-03-13T08:24:46,60,0,1,60
2022-03-13T08:33:18,60,0,1,60
2022-03-13T08:41:50,60,0,1,60
2022-03-13T08:50:22,60,0,1,60
2022-03-13T08:58:54,60,0,1,60
2022-03-13T09:07:27,60,0,1,60
2022-03-13T09:15:59,60,0,1,60
2022-03-13T09:24:31,60,0,1,60
2022-03-13T09:33:03,60,0,1,60
2022-03-13T09:41:35,60,0,1,60
2022-03-13T09:50:07,60,0,1,60
2022-03-13T09:58:38,60,0,1,60
2022-03-13T10:07:10,60,0,1,60
2022-03-13T10:15:42,60,0,1,60
2022-03-13T10:24:13,60,0,1,60
2022-03-13T10:32:45,60,0,1,60
2022-03-13T10:41:17,60,0,1,60
2022-03-13T10:49:49,60,0,1,60
2022-03-13T10:58:21,60,0,1,60
2022-03-13T11:06:52,60,0,1,60
2022-03-13T11:15:24,60,0,1,60
2022-03-13T11:23:56,60,0,1,60
2022-03-13T11:32:27,60,0,1,60
2022-03-13T11:40:59,60,0,1,60
2022-03-13T11:49:31,60,0,1,60
2022-03-13T11:58:03,60,0,1,60
2022-03-13T12:06:35,60,0,1,60
2022-03-13T12:15:07,60,0,1,60
2022-03-13T12:23:39,60,0,1,60
2022-03-13T12:32:10,60,0,1,60
2022-03-13T12:40:42,60,0,1,60
2022-03-13T12:49:14,60,0,1,60
2022-03-13T12:57:45,60,0,1,60
2022-03-13T13:06:17,60,0,1,60
2022-03-13T13:14:49,60,0,1,60
2022-03-13T13:23:21,60,0,1,60
2022-03-13T13:31:52,60,0,1,60
2022-03-13T13:40:24,60,0,1,60
2022-03-13T13:48:56,60,0,1,60
2022-03-13T13:57:27,60,0,1,60
2022-03-13T14:05:59,60,0,1,60
2022-03-13T14:14:31,60,0,1,60
2022-03-13T14:23:03,60,0,1,60
2022-03-13T14:31:35,60,0,1,60
2022-03-13T14:40:07,60,0,1,60
2022-03-13T14:48:38,60,0,1,60
2022-03-13T14:57:10,60,0,1,60
2022-03-13T15:05:42,60,0,1,60
2022-03-13T15:14:13,60,0,1,60
2022-03-13T15:22:47,60,0,1,60
2022-03-13T15:31:19,60,0,1,60
2022-03-13T15:39:50,60,0,1,60
2022-03-13T15:48:22,60,0,1,60
2022-03-13T15:56:54,60,0,1,60
2022-03-13T16:05:26,60,0,1,60
2022-03-13T16:13:58,60,0,1,60
2022-03-13T16:22:30,60,0,1,60
2022-03-13T16:31:01,60,0,1,60
2022-03-13T16:39:41,60,0,1,60
2022-03-13T16:48:13,60,0,1,60
2022-03-13T16:56:45,60,0,1,60
2022-03-13T17:05:17,60,0,1,60
2022-03-13T17:13:49,60,0,1,60
2022-03-13T17:22:20,60,0,1,60
2022-03-13T17:30:52,60,0,1,60
2022-03-13T17:39:24,60,0,1,60
2022-03-13T17:47:56,60,0,1,60
2022-03-13T17:56:27,60,0,1,60
2022-03-13T18:04:59,60,0,1,60
2022-03-13T18:13:31,60,0,1,60
2022-03-13T18:22:03,60,0,1,60
2022-03-13T18:30:34,60,0,1,60
2022-03-13T18:39:06,60,0,1,60
2022-03-13T18:47:38,60,0,1,60
2022-03-13T18:56:10,60,0,1,60
2022-03-13T19:04:41,60,0,1,60
2022-03-13T19:13:13,60,0,1,60
2022-03-13T19:21:45,60,0,1,60
2022-03-13T19:30:16,60,0,1,60
2022-03-13T19:38:48,60,0,1,60
2022-03-13T19:47:20,60,0,1,60
2022-03-13T19:55:52,60,0,1,60
2022-03-13T20:04:24,60,0,1,60
2022-03-13T20:12:56,60,0,1,60
2022-03-13T20:21:35,60,0,1,60
2022-03-13T20:30:07,60,0,1,60
2022-03-13T20:38:38,60,0,1,60
2022-03-13T20:47:10,60,0,1,60
2022-03-13T20:55:42,60,0,1,60
2022-03-13T21:04:14,60,0,1,60
2022-03-13T21:12:46,60,0,1,60
2022-03-13T21:21:18,60,0,1,60
2022-03-13T21:29:50,60,0,1,60
2022-03-13T21:38:21,60,0,1,60
2022-03-13T21:46:53,60,0,1,60
2022-03-13T21:55:25,60,0,1,60
2022-03-13T22:03:57,60,0,1,60
2022-03-13T22:12:29,60,0,1,60
2022-03-13T22:21:01,60,0,1,60
2022-03-13T22:29:33,60,0,1,60
2022-03-13T22:38:04,60,0,1,60
2022-03-13T22:46:36,60,0,1,60
2022-03-13T22:55:08,60,0,1,60
2022-03-13T23:03:40,60,0,1,60
2022-03-13T23:12:11,60,0,1,60
2022-03-13T23:20:43,60,0,1,60
2022-03-13T23:29:15,60,0,1,60
2022-03-13T23:37:47,60,0,1,60
2022-03-13T23:46:19,60,0,1,60
2022-03-13T23:54:50,60,0,1,60
2022-03-14T00:03:22,60,0,1,60
2022-03-14T00:11:54,60,0,1,60
2022-03-14T00:20:27,60,0,1,60
2022-03-14T00:29:09,60,0,1,60
2022-03-14T00:37:41,60,0,1,60
2022-03-14T00:46:15,60,0,1,60
2022-03-14T00:54:47,60,0,1,60
2022-03-14T01:03:19,60,0,1,60
2022-03-14T01:11:50,60,0,1,60
2022-03-14T01:20:24,60,0,1,60
2022-03-14T01:28:56,60,0,1,60
2022-03-14T01:37:29,60,0,1,60
2022-03-14T01:46:01,60,0,1,60
2022-03-14T01:54:33,60,0,1,60
2022-03-14T02:03:05,60,0,1,60
2022-03-14T02:11:37,60,0,1,60
2022-03-14T02:20:09,60,0,1,60
2022-03-14T02:28:41,60,0,1,60
2022-03-14T02:37:13,60,0,1,60
2022-03-14T02:45:45,60,0,1,60
2022-03-14T02:54:17,60,0,1,60
2022-03-14T03:02:48,60,0,1,60
2022-03-14T03:11:20,60,0,1,60
2022-03-14T03:19:52,60,0,1,60
2022-03-14T03:28:24,60,0,1,60
2022-03-14T03:36:56,60,0,1,60
2022-03-14T03:45:28,60,0,1,60
2022-03-14T03:54:00,60,0,1,60
2022-03-14T04:02:32,60,0,1,60
2022-03-14T04:24:52,60,0,1,60
2022-03-14T04:33:39,60,0,1,60
2022-03-14T04:42:57,60,0,1,60
2022-03-14T04:51:30,60,0,1,60
2022-03-14T05:00:03,60,0,1,60
2022-03-14T05:08:36,60,0,1,60
2022-03-14T05:17:08,60,0,1,60
2022-03-14T05:25:41,60,0,1,60
2022-03-14T05:34:13,60,0,1,60
2022-03-14T05:42:46,60,0,1,60
2022-03-14T05:51:19,60,0,1,60
2022-03-14T05:59:52,60,0,1,60
2022-03-14T06:08:24,60,0,1,60
2022-03-14T06:16:56,60,0,1,60
2022-03-14T06:25:29,60,0,1,60
2022-03-14T06:34:05,60,0,1,60
2022-03-14T06:42:37,60,0,1,60
2022-03-14T06:51:09,60,0,1,60
2022-03-14T06:59:41,60,0,1,60
2022-03-14T07:08:13,60,0,1,60
2022-03-14T07:16:45,60,0,1,60
2022-03-14T07:25:17,60,0,1,60
2022-03-14T07:33:50,60,0,1,60
2022-03-14T07:42:21,60,0,1,60
2022-03-14T07:50:53,60,0,1,60
2022-03-14T07:59:26,60,0,1,60
2022-03-14T08:07:59,60,0,1,60
2022-03-14T08:16:31,60,0,1,60
2022-03-14T08:25:04,60,0,1,60
2022-03-14T08:33:36,60,0,1,60
2022-03-14T08:42:08,60,0,1,60
2022-03-14T08:50:40,60,0,1,60
2022-03-14T08:59:12,60,0,1,60
2022-03-14T09:07:44,60,0,1,60
2022-03-14T09:16:16,60,0,1,60
2022-03-14T09:24:48,60,0,1,60
2022-03-14T09:33:20,60,0,1,60
2022-03-14T09:41:52,60,0,1,60
2022-03-14T09:50:24,60,0,1,60
2022-03-14T09:58:56,60,0,1,60
2022-03-14T10:07:28,60,0,1,60
2022-03-14T10:16:00,60,0,1,60
2022-03-14T10:24:32,60,0,1,60
2022-03-14T10:33:04,60,0,1,60
2022-03-14T10:41:36,60,0,1,60
2022-03-14T10:50:18,60,0,1,60
2022-03-14T10:58:50,60,0,1,60
2022-03-14T11:07:22,60,0,1,60
2022-03-14T11:15:54,60,0,1,60
2022-03-14T11:24:26,60,0,1,60
2022-03-14T11:32:58,60,0,1,60
2022-03-14T11:41:30,60,0,1,60
2022-03-14T11:50:02,60,0,1,60
2022-03-14T11:58:34,60,0,1,60
2022-03-14T12:07:08,60,0,1,60
2022-03-14T12:15:40,60,0,1,60
2022-03-14T12:24:12,60,0,1,60
2022-03-14T12:32:44,60,0,1,60
2022-03-14T12:41:16,60,0,1,60
2022-03-14T12:49:59,60,0,1,60
2022-03-14T12:58:31,60,0,1,60
2022-03-14T13:07:03,60,0,1,60
2022-03-14T13:15:35,60,0,1,60
2022-03-14T13:24:07,60,0,1,60
2022-03-14T13:32:39,60,0,1,60
2022-03-14T13:41:13,60,0,1,60
2022-03-14T13:49:45,60,0,1,60
2022-03-14T13:58:17,60,0,1,60
2022-03-14T14:06:50,60,0,1,60
2022-03-14T14:15:30,60,0,1,60
2022-03-14T14:24:02,60,0,1,60
2022-03-14T14:32:34,60,0,1,60
2022-03-14T14:41:06,60,0,1,60
2022-03-14T14:49:38,60,0,1,60
2022-03-14T14:58:10,60,0,1,60
2022-03-14T15:06:51,60,0,1,60
2022-03-14T15:15:23,60,0,1,60
2022-03-14T15:23:55,60,0,1,60
2022-03-14T15:32:28,60,0,1,60
2022-03-14T15:41:00,60,0,1,60
2022-03-14T15:49:32,60,0,1,60
2022-03-14T15:58:04,60,0,1,60
2022-03-14T16:06:36,60,0,1,60
2022-03-14T16:15:08,60,0,1,60
2022-03-14T16:23:39,60,0,1,60
2022-03-14T16:32:20,60,0,1,60
2022-03-14T16:40:52,60,0,1,60
2022-03-14T16:49:24,60,0,1,60
2022-03-14T16:57:56,60,0,1,60
2022-03-14T17:06:28,60,0,1,60
2022-03-14T17:15:00,60,0,1,60
2022-03-14T17:23:32,60,0,1,60
2022-03-14T17:32:04,60,0,1,60
2022-03-14T17:40:36,60,0,1,60
2022-03-14T17:49:07,60,0,1,60
2022-03-14T17:57:39,60,0,1,60
2022-03-14T18:06:21,60,0,1,60
2022-03-14T18:14:53,60,0,1,60
2022-03-14T18:23:26,60,0,1,60
2022-03-14T18:31:58,60,0,1,60
2022-03-14T18:40:30,60,0,1,60
2022-03-14T18:49:02,60,0,1,60
2022-03-14T18:57:33,60,0,1,60
2022-03-14T19:06:05,60,0,1,60
2022-03-14T19:14:37,60,0,1,60
2022-03-14T19:23:09,60,0,1,60
2022-03-14T19:31:41,60,0,1,60
2022-03-14T19:40:22,60,0,1,60
2022-03-14T19:48:53,60,0,1,60
2022-03-14T19:57:25,60,0,1,60
2022-03-14T20:05:57,60,0,1,60
2022-03-14T20:14:29,60,0,1,60
2022-03-14T20:23:01,60,0,1,60
2022-03-14T20:31:32,60,0,1,60
2022-03-14T20:40:04,60,0,1,60
2022-03-14T20:48:36,60,0,1,60
2022-03-14T20:57:08,60,0,1,60
2022-03-14T21:05:40,60,0,1,60
2022-03-14T21:14:12,60,0,1,60
2022-03-14T21:22:43,60,0,1,60
2022-03-14T21:31:15,60,0,1,60
2022-03-14T21:39:47,60,0,1,60
2022-03-14T21:48:29,60,0,1,60
2022-03-14T21:57:01,60,0,1,60
2022-03-14T22:05:33,60,0,1,60
2022-03-14T22:14:05,60,0,1,60
2022-03-14T22:22:37,60,0,1,60
2022-03-14T22:31:08,60,0,1,60
2022-03-14T22:39:40,60,0,1,60
2022-03-14T22:48:12,60,0,1,60
2022-03-14T22:56:44,60,0,1,60
2022-03-14T23:05:16,60,0,1,60
2022-03-14T23:13:48,60,0,1,60
2022-03-14T23:22:21,60,0,1,60
2022-03-14T23:30:53,60,0,1,60
2022-03-14T23:39:26,60,0,1,60
2022-03-14T23:47:59,60,0,1,60
2022-03-14T23:56:31,60,0,1,60
2022-03-15T00:05:04,60,0,1,60
2022-03-15T00:13:37,60,0,1,60
2022-03-15T00:22:10,60,0,1,60
2022-03-15T00:30:43,60,0,1,60
2022-03-15T00:39:16,60,0,1,60
2022-03-15T00:47:49,60,0,1,60
2022-03-15T00:56:22,60,0,1,60
2022-03-15T01:04:54,60,0,1,60
2022-03-15T01:13:26,60,0,1,60
2022-03-15T01:21:59,60,0,1,60
2022-03-15T01:30:40,60,0,1,60
2022-03-15T01:39:12,60,0,1,60
2022-03-15T01:47:44,60,0,1,60
2022-03-15T01:56:16,60,0,1,60
2022-03-15T02:04:48,60,0,1,60
2022-03-15T02:13:20,60,0,1,60
2022-03-15T02:21:52,60,0,1,60
2022-03-15T02:30:24,60,0,1,60
2022-03-15T02:38:55,60,0,1,60
2022-03-15T02:47:27,60,0,1,60
2022-03-15T02:55:59,60,0,1,60
2022-03-15T03:04:30,60,0,1,60
2022-03-15T03:13:02,60,0,1,60
2022-03-15T03:21:34,60,0,1,60
2022-03-15T03:30:07,60,0,1,60
2022-03-15T03:38:39,60,0,1,60
2022-03-15T03:47:11,60,0,1,60
2022-03-15T03:55:43,60,0,1,60
2022-03-15T04:04:15,60,0,1,60
2022-03-15T04:18:38,60,0,1,60
2022-03-15T04:29:16,60,0,1,60
2022-03-15T04:37:49,60,0,1,60
2022-03-15T04:47:36,60,0,1,60
2022-03-15T04:56:27,60,0,1,60
2022-03-15T05:04:59,60,0,1,60
2022-03-15T05:13:31,60,0,1,60
2022-03-15T05:22:04,60,0,1,60
2022-03-15T05:30:37,60,0,1,60
2022-03-15T05:39:09,60,0,1,60
2022-03-15T05:47:46,60,0,1,60
2022-03-15T05:56:20,60,0,1,60
2022-03-15T06:04:53,60,0,1,60
2022-03-15T06:13:25,60,0,1,60
2022-03-15T06:21:57,60,0,1,60
2022-03-15T06:30:29,60,0,1,60
2022-03-15T06:39:01,60,0,1,60
2022-03-15T06:47:34,60,0,1,60
2022-03-15T06:56:14,60,0,1,60
2022-03-15T07:04:46,60,0,1,60
2022-03-15T07:13:17,60,0,1,60
2022-03-15T07:21:49,60,0,1,60
2022-03-15T07:30:21,60,0,1,60
2022-03-15T07:38:53,60,0,1,60
2022-03-15T07:47:24,60,0,1,60
2022-03-15T07:55:56,60,0,1,60
2022-03-15T08:04:28,60,0,1,60
2022-03-15T08:13:00,60,0,1,60
2022-03-15T08:21:32,60,0,1,60
2022-03-15T08:30:04,60,0,1,60
2022-03-15T08:38:36,60,0,1,60
2022-03-15T08:47:08,60,0,1,60
2022-03-15T08:55:40,60,0,1,60
2022-03-15T09:04:11,60,0,1,60
2022-03-15T09:12:57,60,0,1,60
2022-03-15T09:21:29,60,0,1,60
2022-03-15T09:30:01,60,0,1,60
2022-03-15T09:38:33,60,0,1,60
2022-03-15T09:47:05,60,0,1,60
2022-03-15T09:55:37,60,0,1,60
2022-03-15T10:04:08,60,0,1,60
2022-03-15T10:12:40,60,0,1,60
2022-03-15T10:21:12,60,0,1,60
2022-03-15T10:29:44,60,0,1,60
2022-03-15T10:38:16,60,0,1,60
2022-03-15T10:46:48,60,0,1,60
2022-03-15T10:55:20,60,0,1,60
2022-03-15T11:04:00,60,0,1,60
2022-03-15T11:12:32,60,0,1,60
2022-03-15T11:21:04,60,0,1,60
2022-03-15T11:29:36,60,0,1,60
2022-03-15T11:38:08,60,0,1,60
2022-03-15T11:46:40,60,0,1,60
2022-03-15T11:55:12,60,0,1,60
2022-03-15T12:03:43,60,0,1,60
2022-03-15T12:12:15,60,0,1,60
2022-03-15T12:20:47,60,0,1,60
2022-03-15T12:29:19,60,0,1,60
2022-03-15T12:37:51,60,0,1,60
2022-03-15T12:46:23,60,0,1,60
2022-03-15T12:55:04,60,0,1,60
2022-03-15T13:03:36,60,0,1,60
2022-03-15T13:12:08,60,0,1,60
2022-03-15T13:20:40,60,0,1,60
2022-03-15T13:29:12,60,0,1,60
2022-03-15T13:37:44,60,0,1,60
2022-03-15T13:46:16,60,0,1,60
2022-03-15T13:54:48,60,0,1,60
2022-03-15T14:03:20,60,0,1,60
2022-03-15T14:11:52,60,0,1,60
2022-03-15T14:20:24,60,0,1,60
2022-03-15T14:29:08,60,0,1,60
2022-03-15T14:37:39,60,0,1,60
2022-03-15T14:46:12,60,0,1,60
2022-03-15T14:54:43,60,0,1,60
2022-03-15T15:03:16,60,0,1,60
2022-03-15T15:11:48,60,0,1,60
2022-03-15T15:20:20,60,0,1,60
2022-03-15T15:28:52,60,0,1,60
2022-03-15T15:37:25,60,0,1,60
2022-03-15T15:45:57,60,0,1,60
2022-03-15T15:54:38,60,0,1,60
2022-03-15T16:03:10,60,0,1,60
2022-03-15T16:11:42,60,0,1,60
2022-03-15T16:20:14,60,0,1,60
2022-03-15T16:28:46,60,0,1,60
2022-03-15T16:37:18,60,0,1,60
2022-03-15T16:45:50,60,0,1,60
2022-03-15T16:54:22,60,0,1,60
2022-03-15T17:02:54,60,0,1,60
2022-03-15T17:11:26,60,0,1,60
2022-03-15T17:20:09,60,0,1,60
2022-03-15T17:28:41,60,0,1,60
2022-03-15T17:37:13,60,0,1,60
2022-03-15T17:45:45,60,0,1,60
2022-03-15T17:54:17,60,0,1,60
2022-03-15T18:02:49,60,0,1,60
2022-03-15T18:11:21,60,0,1,60
2022-03-15T18:20:02,60,0,1,60
2022-03-15T18:28:34,60,0,1,60
2022-03-15T18:37:06,60,0,1,60
2022-03-15T18:45:38,60,0,1,60
2022-03-15T18:54:10,60,0,1,60
2022-03-15T19:02:42,60,0,1,60
2022-03-15T19:11:13,60,0,1,60
2022-03-15T19:19:45,60,0,1,60
2022-03-15T19:28:17,60,0,1,60
2022-03-15T19:36:49,60,0,1,60
2022-03-15T19:45:31,60,0,1,60
2022-03-15T19:54:03,60,0,1,60
2022-03-15T20:02:35,60,0,1,60
2022-03-15T20:11:07,60,0,1,60
2022-03-15T20:19:39,60,0,1,60
2022-03-15T20:28:10,60,0,1,60
2022-03-15T20:36:42,60,0,1,60
2022-03-15T20:45:14,60,0,1,60
2022-03-15T20:53:46,60,0,1,60
2022-03-15T21:02:17,60,0,1,60
2022-03-15T21:10:49,60,0,1,60
2022-03-15T21:19:21,60,0,1,60
2022-03-15T21:28:01,60,0,1,60
2022-03-15T21:36:32,60,0,1,60
2022-03-15T21:45:04,60,0,1,60
2022-03-15T21:53:36,60,0,1,60
2022-03-15T22:02:07,60,0,1,60
2022-03-15T22:10:39,60,0,1,60
2022-03-15T22:19:12,60,0,1,60
2022-03-15T22:27:44,60,0,1,60
2022-03-15T22:36:15,60,0,1,60
2022-03-15T22:44:47,60,0,1,60
2022-03-15T22:53:19,60,0,1,60
2022-03-15T23:02:00,60,0,1,60
2022-03-15T23:10:31,60,0,1,60
2022-03-15T23:19:03,60,0,1,60
2022-03-15T23:27:35,60,0,1,60
2022-03-15T23:36:07,60,0,1,60
2022-03-15T23:44:38,60,0,1,60
2022-03-15T23:53:10,60,0,1,60
2022-03-16T00:01:42,60,0,1,60
2022-03-16T00:10:14,60,0,1,60
2022-03-16T00:18:46,60,0,1,60
2022-03-16T00:27:18,60,0,1,60
2022-03-16T00:35:50,60,0,1,60
2022-03-16T00:44:22,60,0,1,60
2022-03-16T00:53:03,60,0,1,60
2022-03-16T01:01:35,60,0,1,60
2022-03-16T01:10:07,60,0,1,60
2022-03-16T01:18:39,60,0,1,60
2022-03-16T01:27:11,60,0,1,60
2022-03-16T01:35:43,60,0,1,60
2022-03-16T01:44:15,60,0,1,60
2022-03-16T01:52:46,60,0,1,60
2022-03-16T02:01:18,60,0,1,60
2022-03-16T02:09:50,60,0,1,60
2022-03-16T02:18:22,60,0,1,60
2022-03-16T02:27:03,60,0,1,60
2022-03-16T02:35:40,60,0,1,60
2022-03-16T02:44:12,60,0,1,60
2022-03-16T02:52:44,60,0,1,60
2022-03-16T03:01:16,60,0,1,60
2022-03-16T03:09:48,60,0,1,60
2022-03-16T03:18:20,60,0,1,60
2022-03-16T03:26:52,60,0,1,60
2022-03-16T03:35:24,60,0,1,60
2022-03-16T03:43:55,60,0,1,60
2022-03-16T03:52:27,60,0,1,60
2022-03-16T04:00:59,60,0,1,60
2022-03-16T04:10:53,60,0,1,60
2022-03-16T04:28:14,60,0,1,60
2022-03-16T04:37:03,60,0,1,60
2022-03-16T04:45:36,60,0,1,60
2022-03-16T04:54:09,60,0,1,60
2022-03-16T05:02:41,60,0,1,60
2022-03-16T05:11:14,60,0,1,60
2022-03-16T05:19:46,60,0,1,60
2022-03-16T05:28:18,60,0,1,60
2022-03-16T05:36:52,60,0,1,60
2022-03-16T05:45:24,60,0,1,60
2022-03-16T05:53:56,60,0,1,60
2022-03-16T06:02:29,60,0,1,60
2022-03-16T06:11:04,60,0,1,60
2022-03-16T06:19:36,60,0,1,60
2022-03-16T06:28:08,60,0,1,60
2022-03-16T06:36:41,60,0,1,60
2022-03-16T06:45:13,60,0,1,60
2022-03-16T06:53:45,60,0,1,60
2022-03-16T07:02:17,60,0,1,60
2022-03-16T07:10:49,60,0,1,60
2022-03-16T07:19:21,60,0,1,60
2022-03-16T07:27:53,60,0,1,60
2022-03-16T07:36:25,60,0,1,60
2022-03-16T07:44:56,60,0,1,60
2022-03-16T07:53:28,60,0,1,60
2022-03-16T08:02:00,60,0,1,60
2022-03-16T08:10:32,60,0,1,60
2022-03-16T08:19:04,60,0,1,60
2022-03-16T08:27:36,60,0,1,60
2022-03-16T08:36:08,60,0,1,60
2022-03-16T08:44:39,60,0,1,60
2022-03-16T08:53:11,60,0,1,60
2022-03-16T09:01:43,60,0,1,60
2022-03-16T09:10:15,60,0,1,60
2022-03-16T09:18:58,60,0,1,60
2022-03-16T09:27:29,60,0,1,60
2022-03-16T09:36:01,60,0,1,60
2022-03-16T09:44:33,60,0,1,60
2022-03-16T09:53:05,60,0,1,60
2022-03-16T10:01:37,60,0,1,60
2022-03-16T10:10:09,60,0,1,60
2022-03-16T10:18:41,60,0,1,60
2022-03-16T10:27:13,60,0,1,60
2022-03-16T10:35:45,60,0,1,60
2022-03-16T10:44:17,60,0,1,60
2022-03-16T10:52:49,60,0,1,60
2022-03-16T11:01:21,60,0,1,60
2022-03-16T11:09:53,60,0,1,60
2022-03-16T11:18:37,60,0,1,60
2022-03-16T11:27:09,60,0,1,60
2022-03-16T11:35:41,60,0,1,60
2022-03-16T11:44:13,60,0,1,60
2022-03-16T11:52:45,60,0,1,60
2022-03-16T12:01:17,60,0,1,60
2022-03-16T12:09:49,60,0,1,60
2022-03-16T12:18:21,60,0,1,60
2022-03-16T12:26:53,60,0,1,60
2022-03-16T12:35:25,60,0,1,60
2022-03-16T12:43:56,60,0,1,60
2022-03-16T12:52:39,60,0,1,60
2022-03-16T13:01:10,60,0,1,60
2022-03-16T13:09:42,60,0,1,60
2022-03-16T13:18:14,60,0,1,60
2022-03-16T13:26:47,60,0,1,60
2022-03-16T13:35:18,60,0,1,60
2022-03-16T13:43:52,60,0,1,60
2022-03-16T13:52:24,60,0,1,60
2022-03-16T14:01:05,60,0,1,60
2022-03-16T14:09:37,60,0,1,60
2022-03-16T14:18:09,60,0,1,60
2022-03-16T14:26:41,60,0,1,60
2022-03-16T14:35:14,60,0,1,60
2022-03-16T14:43:53,60,0,1,60
2022-03-16T14:52:26,60,0,1,60
2022-03-16T15:01:09,60,0,1,60
2022-03-16T15:09:41,60,0,1,60
2022-03-16T15:18:13,60,0,1,60
2022-03-16T15:26:46,60,0,1,60
2022-03-16T15:35:18,60,0,1,60
2022-03-16T15:43:50,60,0,1,60
2022-03-16T15:52:22,60,0,1,60
2022-03-16T16:00:54,60,0,1,60
2022-03-16T16:09:26,60,0,1,60
2022-03-16T16:17:58,60,0,1,60
2022-03-16T16:26:30,60,0,1,60
2022-03-16T16:35:02,60,0,1,60
2022-03-16T16:43:43,60,0,1,60
2022-03-16T16:52:15,60,0,1,60
2022-03-16T17:00:47,60,0,1,60
2022-03-16T17:09:19,60,0,1,60
2022-03-16T17:17:51,60,0,1,60
2022-03-16T17:26:23,60,0,1,60
2022-03-16T17:34:54,60,0,1,60
2022-03-16T17:43:26,60,0,1,60
2022-03-16T17:51:58,60,0,1,60
2022-03-16T18:00:38,60,0,1,60
2022-03-16T18:09:10,60,0,1,60
2022-03-16T18:17:41,60,0,1,60
2022-03-16T18:26:13,60,0,1,60
2022-03-16T18:34:45,60,0,1,60
2022-03-16T18:43:17,60,0,1,60
2022-03-16T18:51:49,60,0,1,60
2022-03-16T19:00:21,60,0,1,60
2022-03-16T19:09:01,60,0,1,60
2022-03-16T19:17:33,60,0,1,60
2022-03-16T19:26:05,60,0,1,60
2022-03-16T19:34:37,60,0,1,60
2022-03-16T19:43:09,60,0,1,60
2022-03-16T19:51:40,60,0,1,60
2022-03-16T20:00:12,60,0,1,60
2022-03-16T20:08:44,60,0,1,60
2022-03-16T20:17:16,60,0,1,60
2022-03-16T20:25:47,60,0,1,60
2022-03-16T20:34:30,60,0,1,60
2022-03-16T20:43:02,60,0,1,60
2022-03-16T20:51:34,60,0,1,60
2022-03-16T21:00:05,60,0,1,60
2022-03-16T21:08:37,60,0,1,60
2022-03-16T21:17:09,60,0,1,60
2022-03-16T21:25:41,60,0,1,60
2022-03-16T21:34:12,60,0,1,60
2022-03-16T21:42:44,60,0,1,60
2022-03-16T21:51:16,60,0,1,60
2022-03-16T21:59:48,60,0,1,60
2022-03-16T22:08:20,60,0,1,60
2022-03-16T22:17:00,60,0,1,60
2022-03-16T22:25:32,60,0,1,60
2022-03-16T22:34:04,60,0,1,60
2022-03-16T22:42:35,60,0,1,60
2022-03-16T22:51:07,60,0,1,60
2022-03-16T22:59:39,60,0,1,60
2022-03-16T23:08:11,60,0,1,60
2022-03-16T23:16:42,60,0,1,60
2022-03-16T23:25:14,60,0,1,60
2022-03-16T23:33:55,60,0,1,60
2022-03-16T23:42:27,60,0,1,60
2022-03-16T23:50:59,60,0,1,60
2022-03-16T23:59:30,60,0,1,60
2022-03-17T00:08:02,60,0,1,60
2022-03-17T00:16:34,60,0,1,60
2022-03-17T00:25:06,60,0,1,60
2022-03-17T00:33:38,60,0,1,60
2022-03-17T00:42:11,60,0,1,60
2022-03-17T00:50:43,60,0,1,60
2022-03-17T00:59:15,60,0,1,60
2022-03-17T01:07:47,60,0,1,60
2022-03-17T01:16:19,60,0,1,60
2022-03-17T01:24:59,60,0,1,60
2022-03-17T01:33:31,60,0,1,60
2022-03-17T01:42:03,60,0,1,60
2022-03-17T01:50:34,60,0,1,60
2022-03-17T01:59:06,60,0,1,60
2022-03-17T02:07:38,60,0,1,60
2022-03-17T02:16:09,60,0,1,60
2022-03-17T02:24:41,60,0,1,60
2022-03-17T02:33:14,60,0,1,60
2022-03-17T02:41:45,60,0,1,60
2022-03-17T02:50:18,60,0,1,60
2022-03-17T02:58:50,60,0,1,60
2022-03-17T03:07:22,60,0,1,60
2022-03-17T03:15:53,60,0,1,60
2022-03-17T03:24:34,60,0,1,60
2022-03-17T03:33:06,60,0,1,60
2022-03-17T03:41:37,60,0,1,60
2022-03-17T03:50:09,60,0,1,60
2022-03-17T03:58:41,60,0,1,60
2022-03-17T04:07:13,60,0,1,60
2022-03-17T04:18:51,60,0,1,60
2022-03-17T04:28:13,60,0,1,60
2022-03-17T04:36:55,60,0,1,60
2022-03-17T04:45:28,60,0,1,60
2022-03-17T04:54:01,60,0,1,60
2022-03-17T05:02:33,60,0,1,60
2022-03-17T05:11:06,60,0,1,60
2022-03-17T05:19:38,60,0,1,60
2022-03-17T05:28:10,60,0,1,60
2022-03-17T05:36:42,60,0,1,60
2022-03-17T05:45:14,60,0,1,60
2022-03-17T05:53:46,60,0,1,60
2022-03-17T06:02:18,60,0,1,60
2022-03-17T06:10:49,60,0,1,60
2022-03-17T06:19:21,60,0,1,60
2022-03-17T06:27:53,60,0,1,60
2022-03-17T06:36:25,60,0,1,60
2022-03-17T06:44:57,60,0,1,60
2022-03-17T06:53:29,60,0,1,60
2022-03-17T07:02:02,60,0,1,60
2022-03-17T07:10:35,60,0,1,60
2022-03-17T07:19:07,60,0,1,60
2022-03-17T07:27:39,60,0,1,60
2022-03-17T07:36:11,60,0,1,60
2022-03-17T07:44:43,60,0,1,60
2022-03-17T07:53:15,60,0,1,60
2022-03-17T08:01:46,60,0,1,60
2022-03-17T08:10:27,60,0,1,60
2022-03-17T08:18:59,60,0,1,60
2022-03-17T08:27:32,60,0,1,60
2022-03-17T08:36:04,60,0,1,60
2022-03-17T08:44:37,60,0,1,60
2022-03-17T08:53:09,60,0,1,60
2022-03-17T09:01:41,60,0,1,60
2022-03-17T09:10:14,60,0,1,60
2022-03-17T09:18:46,60,0,1,60
2022-03-17T09:27:18,60,0,1,60
2022-03-17T09:35:50,60,0,1,60
2022-03-17T09:44:22,60,0,1,60
2022-03-17T09:52:55,60,0,1,60
2022-03-17T10:01:27,60,0,1,60
2022-03-17T10:09:59,60,0,1,60
2022-03-17T10:18:31,60,0,1,60
2022-03-17T10:27:03,60,0,1,60
2022-03-17T10:35:44,60,0,1,60
2022-03-17T10:44:16,60,0,1,60
2022-03-17T10:52:49,60,0,1,60
2022-03-17T11:01:21,60,0,1,60
2022-03-17T11:09:53,60,0,1,60
2022-03-17T11:18:25,60,0,1,60
2022-03-17T11:26:57,60,0,1,60
2022-03-17T11:35:30,60,0,1,60
2022-03-17T11:44:01,60,0,1,60
2022-03-17T11:52:46,60,0,1,60
2022-03-17T12:01:18,60,0,1,60
2022-03-17T12:09:50,60,0,1,60
2022-03-17T12:18:22,60,0,1,60
2022-03-17T12:26:54,60,0,1,60
2022-03-17T12:35:26,60,0,1,60
2022-03-17T12:43:59,60,0,1,60
2022-03-17T12:52:31,60,0,1,60
2022-03-17T13:01:10,60,0,1,60
2022-03-17T13:09:42,60,0,1,60
2022-03-17T13:18:15,60,0,1,60
2022-03-17T13:26:47,60,0,1,60
2022-03-17T13:35:19,60,0,1,60
2022-03-17T13:43:52,60,0,1,60
2022-03-17T13:52:24,60,0,1,60
2022-03-17T14:00:57,60,0,1,60
2022-03-17T14:09:29,60,0,1,60
2022-03-17T14:18:02,60,0,1,60
2022-03-17T14:26:47,60,0,1,60
2022-03-17T14:35:19,60,0,1,60
2022-03-17T14:43:52,60,0,1,60
2022-03-17T14:52:24,60,0,1,60
2022-03-17T15:00:57,60,0,1,60
2022-03-17T15:09:29,60,0,1,60
2022-03-17T15:18:02,60,0,1,60
2022-03-17T15:26:46,60,0,1,60
2022-03-17T15:35:18,60,0,1,60
2022-03-17T15:43:51,60,0,1,60
2022-03-17T15:52:23,60,0,1,60
2022-03-17T16:01:03,60,0,1,60
2022-03-17T16:09:35,60,0,1,60
2022-03-17T16:18:07,60,0,1,60
2022-03-17T16:26:39,60,0,1,60
2022-03-17T16:35:11,60,0,1,60
2022-03-17T16:43:52,60,0,1,60
2022-03-17T16:52:24,60,0,1,60
2022-03-17T17:00:56,60,0,1,60
2022-03-17T17:09:28,60,0,1,60
2022-03-17T17:18:00,60,0,1,60
2022-03-17T17:26:32,60,0,1,60
2022-03-17T17:35:03,60,0,1,60
2022-03-17T17:43:44,60,0,1,60
2022-03-17T17:52:16,60,0,1,60
2022-03-17T18:00:48,60,0,1,60
2022-03-17T18:09:20,60,0,1,60
2022-03-17T18:17:52,60,0,1,60
2022-03-17T18:26:24,60,0,1,60
2022-03-17T18:35:05,60,0,1,60
2022-03-17T18:43:37,60,0,1,60
2022-03-17T18:52:09,60,0,1,60
2022-03-17T19:00:41,60,0,1,60
2022-03-17T19:09:13,60,0,1,60
2022-03-17T19:17:45,60,0,1,60
2022-03-17T19:26:16,60,0,1,60
2022-03-17T19:34:48,60,0,1,60
2022-03-17T19:43:20,60,0,1,60
2022-03-17T19:51:52,60,0,1,60
2022-03-17T20:00:32,60,0,1,60
2022-03-17T20:09:04,60,0,1,60
2022-03-17T20:17:36,60,0,1,60
2022-03-17T20:26:07,60,0,1,60
2022-03-17T20:34:39,60,0,1,60
2022-03-17T20:43:11,60,0,1,60
2022-03-17T20:51:43,60,0,1,60
2022-03-17T21:00:15,60,0,1,60
2022-03-17T21:08:57,60,0,1,60
2022-03-17T21:17:29,60,0,1,60
2022-03-17T21:26:01,60,0,1,60
2022-03-17T21:34:33,60,0,1,60
2022-03-17T21:43:04,60,0,1,60
2022-03-17T21:51:36,60,0,1,60
2022-03-17T22:00:08,60,0,1,60
2022-03-17T22:08:40,60,0,1,60
2022-03-17T22:17:12,60,0,1,60
2022-03-17T22:25:54,60,0,1,60
2022-03-17T22:34:25,60,0,1,60
2022-03-17T22:42:57,60,0,1,60
2022-03-17T22:51:29,60,0,1,60
2022-03-17T23:00:01,60,0,1,60
2022-03-17T23:08:36,60,0,1,60
2022-03-17T23:17:11,60,0,1,60
2022-03-17T23:25:45,60,0,1,60
2022-03-17T23:34:20,60,0,1,60
2022-03-17T23:42:55,60,0,1,60
2022-03-17T23:51:30,60,0,1,60
2022-03-18T00:00:15,60,0,1,60
2022-03-18T00:08:50,60,0,1,60
2022-03-18T00:17:25,60,0,1,60
2022-03-18T00:26:00,60,0,1,60
2022-03-18T00:34:35,60,0,1,60
2022-03-18T00:43:11,60,0,1,60
2022-03-18T00:51:46,60,0,1,60
2022-03-18T01:00:21,60,0,1,60
2022-03-18T01:08:57,60,0,1,60
2022-03-18T01:17:32,60,0,1,60
2022-03-18T01:26:07,60,0,1,60
2022-03-18T01:34:42,60,0,1,60
2022-03-18T01:43:17,60,0,1,60
2022-03-18T01:51:52,60,0,1,60
2022-03-18T02:00:38,60,0,1,60
2022-03-18T02:09:13,60,0,1,60
2022-03-18T02:17:47,60,0,1,60
2022-03-18T02:26:22,60,0,1,60
2022-03-18T02:34:57,60,0,1,60
2022-03-18T02:43:32,60,0,1,60
2022-03-18T02:52:06,60,0,1,60
2022-03-18T03:00:41,60,0,1,60
2022-03-18T03:09:26,60,0,1,60
2022-03-18T03:18:01,60,0,1,60
2022-03-18T03:26:36,60,0,1,60
2022-03-18T03:35:10,60,0,1,60
2022-03-18T03:43:45,60,0,1,60
2022-03-18T03:52:19,60,0,1,60
2022-03-18T04:00:54,60,0,1,60
2022-03-18T04:09:29,60,0,1,60
2022-03-18T04:33:35,60,0,1,60
2022-03-18T04:42:11,60,0,1,60
2022-03-18T04:50:46,60,0,1,60
2022-03-18T04:59:22,60,0,1,60
2022-03-18T05:07:58,60,0,1,60
2022-03-18T05:16:34,60,0,1,60
2022-03-18T05:25:09,60,0,1,60
2022-03-18T05:33:45,60,0,1,60
2022-03-18T05:42:20,60,0,1,60
2022-03-18T05:50:55,60,0,1,60
2022-03-18T05:59:31,60,0,1,60
2022-03-18T06:08:06,60,0,1,60
2022-03-18T06:16:41,60,0,1,60
2022-03-18T06:25:17,60,0,1,60
2022-03-18T06:33:52,60,0,1,60
2022-03-18T06:42:27,60,0,1,60
2022-03-18T06:51:02,60,0,1,60
2022-03-18T06:59:37,60,0,1,60
2022-03-18T07:08:12,60,0,1,60
2022-03-18T07:16:55,60,0,1,60
2022-03-18T07:25:30,60,0,1,60
2022-03-18T07:34:05,60,0,1,60
2022-03-18T07:42:40,60,0,1,60
2022-03-18T07:51:15,60,0,1,60
2022-03-18T07:59:50,60,0,1,60
2022-03-18T08:08:25,60,0,1,60
2022-03-18T08:17:00,60,0,1,60
2022-03-18T08:25:35,60,0,1,60
2022-03-18T08:34:11,60,0,1,60
2022-03-18T08:42:46,60,0,1,60
2022-03-18T08:51:21,60,0,1,60
2022-03-18T08:59:56,60,0,1,60
2022-03-18T09:08:31,60,0,1,60
2022-03-18T09:17:06,60,0,1,60
2022-03-18T09:25:41,60,0,1,60
2022-03-18T09:34:16,60,0,1,60
2022-03-18T09:42:51,60,0,1,60
2022-03-18T09:51:26,60,0,1,60
2022-03-18T10:00:01,60,0,1,60
2022-03-18T10:08:36,60,0,1,60
2022-03-18T10:17:11,60,0,1,60
2022-03-18T10:25:59,60,0,1,60
2022-03-18T10:34:34,60,0,1,60
2022-03-18T10:43:09,60,0,1,60
2022-03-18T10:51:45,60,0,1,60
2022-03-18T11:00:20,60,0,1,60
2022-03-18T11:08:55,60,0,1,60
2022-03-18T11:17:30,60,0,1,60
2022-03-18T11:26:06,60,0,1,60
2022-03-18T11:34:42,60,0,1,60
2022-03-18T11:43:18,60,0,1,60
2022-03-18T11:51:56,60,0,1,60
2022-03-18T12:00:33,60,0,1,60
2022-03-18T12:09:10,60,0,1,60
2022-03-18T12:17:58,60,0,1,60
2022-03-18T12:26:34,60,0,1,60
2022-03-18T12:35:13,60,0,1,60
2022-03-18T12:43:50,60,0,1,60
2022-03-18T12:52:28,60,0,1,60
2022-03-18T13:01:05,60,0,1,60
2022-03-18T13:09:41,60,0,1,60
2022-03-18T13:18:20,60,0,1,60
2022-03-18T13:26:56,60,0,1,60
2022-03-18T13:35:43,60,0,1,60
2022-03-18T13:44:19,60,0,1,60
2022-03-18T13:52:56,60,0,1,60
2022-03-18T14:01:32,60,0,1,60
2022-03-18T14:10:08,60,0,1,60
2022-03-18T14:18:44,60,0,1,60
2022-03-18T14:27:19,60,0,1,60
2022-03-18T14:35:54,60,0,1,60
2022-03-18T14:44:31,60,0,1,60
2022-03-18T14:53:06,60,0,1,60
2022-03-18T15:01:50,60,0,1,60
2022-03-18T15:10:25,60,0,1,60
2022-03-18T15:19:00,60,0,1,60
2022-03-18T15:27:35,60,0,1,60
2022-03-18T15:36:10,60,0,1,60
2022-03-18T15:44:45,60,0,1,60
2022-03-18T15:53:20,60,0,1,60
2022-03-18T16:01:55,60,0,1,60
2022-03-18T16:10:30,60,0,1,60
2022-03-18T16:19:13,60,0,1,60
2022-03-18T16:27:48,60,0,1,60
2022-03-18T16:36:23,60,0,1,60
2022-03-18T16:44:58,60,0,1,60
2022-03-18T16:53:33,60,0,1,60
2022-03-18T17:02:07,60,0,1,60
2022-03-18T17:10:42,60,0,1,60
2022-03-18T17:19:17,60,0,1,60
2022-03-18T17:27:52,60,0,1,60
2022-03-18T17:36:37,60,0,1,60
2022-03-18T17:45:11,60,0,1,60
2022-03-18T17:53:46,60,0,1,60
2022-03-18T18:02:21,60,0,1,60
2022-03-18T18:10:56,60,0,1,60
2022-03-18T18:19:31,60,0,1,60
2022-03-18T18:28:06,60,0,1,60
2022-03-18T18:36:41,60,0,1,60
2022-03-18T18:45:16,60,0,1,60
2022-03-18T18:53:51,60,0,1,60
2022-03-18T19:02:25,60,0,1,60
2022-03-18T19:11:00,60,0,1,60
2022-03-18T19:19:47,60,0,1,60
2022-03-18T19:28:22,60,0,1,60
2022-03-18T19:36:56,60,0,1,60
2022-03-18T19:45:31,60,0,1,60
2022-03-18T19:54:06,60,0,1,60
2022-03-18T20:02:41,60,0,1,60
2022-03-18T20:11:15,60,0,1,60
2022-03-18T20:19:50,60,0,1,60
2022-03-18T20:28:25,60,0,1,60
2022-03-18T20:37:00,60,0,1,60
2022-03-18T20:45:34,60,0,1,60
2022-03-18T20:54:09,60,0,1,60
2022-03-18T21:02:44,60,0,1,60
2022-03-18T21:11:19,60,0,1,60
2022-03-18T21:20:03,60,0,1,60
2022-03-18T21:28:38,60,0,1,60
2022-03-18T21:37:13,60,0,1,60
2022-03-18T21:45:48,60,0,1,60
2022-03-18T21:54:23,60,0,1,60
2022-03-18T22:02:58,60,0,1,60
2022-03-18T22:11:33,60,0,1,60
2022-03-18T22:20:07,60,0,1,60
2022-03-18T22:28:42,60,0,1,60
2022-03-18T22:37:27,60,0,1,60
2022-03-18T22:46:02,60,0,1,60
2022-03-18T22:54:37,60,0,1,60
2022-03-18T23:03:12,60,0,1,60
2022-03-18T23:11:46,60,0,1,60
2022-03-18T23:20:21,60,0,1,60
2022-03-18T23:28:56,60,0,1,60
2022-03-18T23:37:31,60,0,1,60
2022-03-18T23:46:06,60,0,1,60
2022-03-18T23:54:40,60,0,1,60
2022-03-19T00:03:15,60,0,1,60
2022-03-19T00:11:50,60,0,1,60
2022-03-19T00:20:36,60,0,1,60
2022-03-19T00:29:12,60,0,1,60
2022-03-19T00:37:47,60,0,1,60
2022-03-19T00:46:22,60,0,1,60
2022-03-19T00:54:57,60,0,1,60
2022-03-19T01:03:32,60,0,1,60
2022-03-19T01:12:07,60,0,1,60
2022-03-19T01:20:42,60,0,1,60
2022-03-19T01:29:17,60,0,1,60
2022-03-19T01:37:52,60,0,1,60
2022-03-19T01:46:28,60,0,1,60
2022-03-19T01:55:03,60,0,1,60
2022-03-19T02:03:38,60,0,1,60
2022-03-19T02:12:24,60,0,1,60
2022-03-19T02:20:59,60,0,1,60
2022-03-19T02:29:33,60,0,1,60
2022-03-19T02:38:08,60,0,1,60
2022-03-19T02:46:43,60,0,1,60
2022-03-19T02:55:18,60,0,1,60
2022-03-19T03:03:53,60,0,1,60
2022-03-19T03:12:28,60,0,1,60
2022-03-19T03:21:02,60,0,1,60
2022-03-19T03:29:37,60,0,1,60
2022-03-19T03:38:12,60,0,1,60
2022-03-19T03:46:46,60,0,1,60
2022-03-19T03:55:21,60,0,1,60
2022-03-19T04:03:56,60,0,1,60
2022-03-19T04:15:57,60,0,1,60
2022-03-19T04:24:32,60,0,1,60
2022-03-19T04:34:08,60,0,1,60
2022-03-19T04:43:00,60,0,1,60
2022-03-19T04:52:10,60,0,1,60
2022-03-19T05:00:46,60,0,1,60
2022-03-19T05:09:21,60,0,1,60
2022-03-19T05:17:57,60,0,1,60
2022-03-19T05:26:32,60,0,1,60
2022-03-19T05:35:07,60,0,1,60
2022-03-19T05:43:43,60,0,1,60
2022-03-19T05:52:18,60,0,1,60
2022-03-19T06:00:53,60,0,1,60
2022-03-19T06:09:28,60,0,1,60
2022-03-19T06:18:03,60,0,1,60
2022-03-19T06:26:39,60,0,1,60
2022-03-19T06:35:14,60,0,1,60
2022-03-19T06:43:49,60,0,1,60
2022-03-19T06:52:24,60,0,1,60
2022-03-19T07:00:59,60,0,1,60
2022-03-19T07:09:35,60,0,1,60
2022-03-19T07:18:10,60,0,1,60
2022-03-19T07:26:45,60,0,1,60
2022-03-19T07:35:20,60,0,1,60
2022-03-19T07:43:56,60,0,1,60
2022-03-19T07:52:40,60,0,1,60
2022-03-19T08:01:16,60,0,1,60
2022-03-19T08:09:52,60,0,1,60
2022-03-19T08:18:29,60,0,1,60
2022-03-19T08:27:05,60,0,1,60
2022-03-19T08:35:41,60,0,1,60
2022-03-19T08:44:17,60,0,1,60
2022-03-19T08:52:52,60,0,1,60
2022-03-19T09:01:29,60,0,1,60
2022-03-19T09:10:04,60,0,1,60
2022-03-19T09:18:40,60,0,1,60
2022-03-19T09:27:15,60,0,1,60
2022-03-19T09:35:50,60,0,1,60
2022-03-19T09:44:35,60,0,1,60
2022-03-19T09:53:10,60,0,1,60
2022-03-19T10:01:46,60,0,1,60
2022-03-19T10:10:21,60,0,1,60
2022-03-19T10:18:56,60,0,1,60
2022-03-19T10:27:30,60,0,1,60
2022-03-19T10:36:06,60,0,1,60
2022-03-19T10:44:41,60,0,1,60
2022-03-19T10:53:16,60,0,1,60
2022-03-19T11:01:51,60,0,1,60
2022-03-19T11:10:26,60,0,1,60
2022-03-19T11:19:01,60,0,1,60
2022-03-19T11:27:43,60,0,1,60
2022-03-19T11:36:18,60,0,1,60
2022-03-19T11:44:53,60,0,1,60
2022-03-19T11:53:28,60,0,1,60
2022-03-19T12:02:03,60,0,1,60
2022-03-19T12:10:37,60,0,1,60
2022-03-19T12:19:12,60,0,1,60
2022-03-19T12:27:47,60,0,1,60
2022-03-19T12:36:21,60,0,1,60
2022-03-19T12:45:04,60,0,1,60
2022-03-19T12:53:39,60,0,1,60
2022-03-19T13:02:14,60,0,1,60
2022-03-19T13:10:49,60,0,1,60
2022-03-19T13:19:23,60,0,1,60
2022-03-19T13:27:58,60,0,1,60
2022-03-19T13:36:33,60,0,1,60
2022-03-19T13:45:08,60,0,1,60
2022-03-19T13:53:42,60,0,1,60
2022-03-19T14:02:17,60,0,1,60
2022-03-19T14:10:52,60,0,1,60
2022-03-19T14:19:27,60,0,1,60
2022-03-19T14:28:08,60,0,1,60
2022-03-19T14:36:43,60,0,1,60
2022-03-19T14:45:17,60,0,1,60
2022-03-19T14:53:52,60,0,1,60
2022-03-19T15:02:27,60,0,1,60
2022-03-19T15:11:01,60,0,1,60
2022-03-19T15:19:36,60,0,1,60
2022-03-19T15:28:11,60,0,1,60
2022-03-19T15:36:46,60,0,1,60
2022-03-19T15:45:21,60,0,1,60
2022-03-19T15:53:55,60,0,1,60
2022-03-19T16:02:30,60,0,1,60
2022-03-19T16:11:05,60,0,1,60
2022-03-19T16:19:47,60,0,1,60
2022-03-19T16:28:22,60,0,1,60
2022-03-19T16:36:56,60,0,1,60
2022-03-19T16:45:31,60,0,1,60
2022-03-19T16:54:06,60,0,1,60
2022-03-19T17:02:40,60,0,1,60
2022-03-19T17:11:15,60,0,1,60
2022-03-19T17:19:50,60,0,1,60
2022-03-19T17:28:25,60,0,1,60
2022-03-19T17:37:00,60,0,1,60
2022-03-19T17:45:34,60,0,1,60
2022-03-19T17:54:09,60,0,1,60
2022-03-19T18:02:44,60,0,1,60
2022-03-19T18:11:18,60,0,1,60
2022-03-19T18:20:03,60,0,1,60
2022-03-19T18:28:38,60,0,1,60
2022-03-19T18:37:12,60,0,1,60
2022-03-19T18:45:47,60,0,1,60
2022-03-19T18:54:22,60,0,1,60
2022-03-19T19:02:57,60,0,1,60
2022-03-19T19:11:32,60,0,1,60
2022-03-19T19:20:06,60,0,1,60
2022-03-19T19:28:41,60,0,1,60
2022-03-19T19:37:16,60,0,1,60
2022-03-19T19:45:50,60,0,1,60
2022-03-19T19:54:25,60,0,1,60
2022-03-19T20:03:10,60,0,1,60
2022-03-19T20:11:45,60,0,1,60
2022-03-19T20:20:19,60,0,1,60
2022-03-19T20:28:54,60,0,1,60
2022-03-19T20:37:29,60,0,1,60
2022-03-19T20:46:04,60,0,1,60
2022-03-19T20:54:39,60,0,1,60
2022-03-19T21:03:14,60,0,1,60
2022-03-19T21:11:48,60,0,1,60
2022-03-19T21:20:23,60,0,1,60
2022-03-19T21:28:58,60,0,1,60
2022-03-19T21:37:42,60,0,1,60
2022-03-19T21:46:16,60,0,1,60
2022-03-19T21:54:51,60,0,1,60
2022-03-19T22:03:26,60,0,1,60
2022-03-19T22:12:00,60,0,1,60
2022-03-19T22:20:35,60,0,1,60
2022-03-19T22:29:10,60,0,1,60
2022-03-19T22:37:45,60,0,1,60
2022-03-19T22:46:19,60,0,1,60
2022-03-19T22:54:54,60,0,1,60
2022-03-19T23:03:29,60,0,1,60
2022-03-19T23:12:04,60,0,1,60
2022-03-19T23:20:38,60,0,1,60
2022-03-19T23:29:22,60,0,1,60
2022-03-19T23:37:56,60,0,1,60
2022-03-19T23:46:31,60,0,1,60
2022-03-19T23:55:06,60,0,1,60
2022-03-20T00:03:40,60,0,1,60
2022-03-20T00:12:15,60,0,1,60
2022-03-20T00:20:50,60,0,1,60
2022-03-20T00:29:25,60,0,1,60
2022-03-20T00:37:59,60,0,1,60
2022-03-20T01:01:04,60,0,1,60
2022-03-20T01:09:49,60,0,1,60
2022-03-20T01:18:24,60,0,1,60
2022-03-20T01:26:59,60,0,1,60
2022-03-20T01:35:34,60,0,1,60
2022-03-20T01:44:10,60,0,1,60
2022-03-20T01:52:45,60,0,1,60
2022-03-20T02:01:20,60,0,1,60
2022-03-20T02:09:59,60,0,1,60
2022-03-20T02:18:40,60,0,1,60
2022-03-20T02:27:15,60,0,1,60
2022-03-20T02:35:50,60,0,1,60
2022-03-20T02:44:25,60,0,1,60
2022-03-20T02:53:00,60,0,1,60
2022-03-20T03:01:34,60,0,1,60
2022-03-20T03:10:09,60,0,1,60
2022-03-20T03:18:44,60,0,1,60
2022-03-20T03:27:19,60,0,1,60
2022-03-20T03:35:53,60,0,1,60
2022-03-20T03:44:28,60,0,1,60
2022-03-20T03:53:03,60,0,1,60
2022-03-20T04:01:38,60,0,1,60
2022-03-20T04:14:25,60,0,1,60
2022-03-20T04:23:01,60,0,1,60
2022-03-20T04:31:36,60,0,1,60
2022-03-20T04:41:18,60,0,1,60
2022-03-20T04:50:10,60,0,1,60
2022-03-20T04:58:45,60,0,1,60
2022-03-20T05:07:21,60,0,1,60
2022-03-20T05:15:56,60,0,1,60
2022-03-20T05:24:32,60,0,1,60
2022-03-20T05:33:07,60,0,1,60
2022-03-20T05:41:42,60,0,1,60
2022-03-20T05:50:18,60,0,1,60
2022-03-20T05:58:53,60,0,1,60
2022-03-20T06:07:28,60,0,1,60
2022-03-20T06:16:03,60,0,1,60
2022-03-20T06:24:38,60,0,1,60
2022-03-20T06:33:13,60,0,1,60
2022-03-20T06:41:48,60,0,1,60
2022-03-20T06:50:23,60,0,1,60
2022-03-20T06:58:58,60,0,1,60
2022-03-20T07:07:33,60,0,1,60
2022-03-20T07:16:07,60,0,1,60
2022-03-20T07:24:42,60,0,1,60
2022-03-20T07:33:17,60,0,1,60
2022-03-20T07:41:52,60,0,1,60
2022-03-20T07:50:26,60,0,1,60
2022-03-20T07:59:01,60,0,1,60
2022-03-20T08:07:35,60,0,1,60
2022-03-20T08:16:10,60,0,1,60
2022-03-20T08:24:45,60,0,1,60
2022-03-20T08:33:20,60,0,1,60
2022-03-20T08:41:55,60,0,1,60
2022-03-20T08:50:37,60,0,1,60
2022-03-20T08:59:12,60,0,1,60
2022-03-20T09:07:47,60,0,1,60
2022-03-20T09:16:21,60,0,1,60
2022-03-20T09:24:56,60,0,1,60
2022-03-20T09:33:31,60,0,1,60
2022-03-20T09:42:06,60,0,1,60
2022-03-20T09:50:40,60,0,1,60
2022-03-20T09:59:15,60,0,1,60
2022-03-20T10:07:50,60,0,1,60
2022-03-20T10:16:25,60,0,1,60
2022-03-20T10:24:59,60,0,1,60
2022-03-20T10:33:35,60,0,1,60
2022-03-20T10:42:10,60,0,1,60
2022-03-20T10:50:56,60,0,1,60
2022-03-20T10:59:30,60,0,1,60
2022-03-20T11:08:05,60,0,1,60
2022-03-20T11:16:40,60,0,1,60
2022-03-20T11:25:15,60,0,1,60
2022-03-20T11:33:50,60,0,1,60
2022-03-20T11:42:25,60,0,1,60
2022-03-20T11:51:00,60,0,1,60
2022-03-20T11:59:35,60,0,1,60
2022-03-20T12:08:11,60,0,1,60
2022-03-20T12:16:45,60,0,1,60
2022-03-20T12:25:28,60,0,1,60
2022-03-20T12:34:03,60,0,1,60
2022-03-20T12:42:38,60,0,1,60
2022-03-20T12:51:13,60,0,1,60
2022-03-20T12:59:47,60,0,1,60
2022-03-20T13:08:22,60,0,1,60
2022-03-20T13:16:57,60,0,1,60
2022-03-20T13:25:31,60,0,1,60
2022-03-20T13:34:06,60,0,1,60
2022-03-20T13:42:51,60,0,1,60
2022-03-20T13:51:25,60,0,1,60
2022-03-20T14:00:00,60,0,1,60
2022-03-20T14:08:35,60,0,1,60
2022-03-20T14:17:10,60,0,1,60
2022-03-20T14:25:45,60,0,1,60
2022-03-20T14:34:19,60,0,1,60
2022-03-20T14:42:54,60,0,1,60
2022-03-20T14:51:29,60,0,1,60
2022-03-20T15:00:04,60,0,1,60
2022-03-20T15:08:47,60,0,1,60
2022-03-20T15:17:22,60,0,1,60
2022-03-20T15:25:57,60,0,1,60
2022-03-20T15:34:31,60,0,1,60
2022-03-20T15:43:06,60,0,1,60
2022-03-20T15:51:42,60,0,1,60
2022-03-20T16:00:17,60,0,1,60
2022-03-20T16:08:52,60,0,1,60
2022-03-20T16:17:34,60,0,1,60
2022-03-20T16:26:08,60,0,1,60
2022-03-20T16:34:43,60,0,1,60
2022-03-20T16:43:18,60,0,1,60
2022-03-20T16:51:53,60,0,1,60
2022-03-20T17:00:27,60,0,1,60
2022-03-20T17:09:02,60,0,1,60
2022-03-20T17:17:37,60,0,1,60
2022-03-20T17:26:12,60,0,1,60
2022-03-20T17:34:47,60,0,1,60
2022-03-20T17:43:21,60,0,1,60
2022-03-20T17:52:05,60,0,1,60
2022-03-20T18:00:39,60,0,1,60
2022-03-20T18:09:14,60,0,1,60
2022-03-20T18:17:49,60,0,1,60
2022-03-20T18:26:24,60,0,1,60
2022-03-20T18:34:59,60,0,1,60
2022-03-20T18:43:33,60,0,1,60
2022-03-20T18:52:08,60,0,1,60
2022-03-20T19:00:43,60,0,1,60
2022-03-20T19:09:18,60,0,1,60
2022-03-20T19:18:01,60,0,1,60
2022-03-20T19:26:36,60,0,1,60
2022-03-20T19:35:11,60,0,1,60
2022-03-20T19:43:46,60,0,1,60
2022-03-20T19:52:21,60,0,1,60
2022-03-20T20:00:56,60,0,1,60
2022-03-20T20:09:30,60,0,1,60
2022-03-20T20:18:05,60,0,1,60
2022-03-20T20:26:40,60,0,1,60
2022-03-20T20:35:25,60,0,1,60
2022-03-20T20:44:00,60,0,1,60
2022-03-20T20:52:35,60,0,1,60
2022-03-20T21:01:10,60,0,1,60
2022-03-20T21:09:45,60,0,1,60
2022-03-20T21:18:19,60,0,1,60
2022-03-20T21:26:54,60,0,1,60
2022-03-20T21:35:29,60,0,1,60
2022-03-20T21:44:04,60,0,1,60
2022-03-20T21:52:39,60,0,1,60
2022-03-20T22:01:23,60,0,1,60
2022-03-20T22:09:58,60,0,1,60
2022-03-20T22:18:33,60,0,1,60
2022-03-20T22:27:07,60,0,1,60
2022-03-20T22:35:42,60,0,1,60
2022-03-20T22:44:17,60,0,1,60
2022-03-20T22:52:52,60,0,1,60
2022-03-20T23:01:27,60,0,1,60
2022-03-20T23:10:01,60,0,1,60
2022-03-20T23:18:36,60,0,1,60
2022-03-20T23:27:19,60,0,1,60
2022-03-20T23:35:54,60,0,1,60
2022-03-20T23:44:29,60,0,1,60
2022-03-20T23:53:04,60,0,1,60
2022-03-21T00:01:39,60,0,1,60
2022-03-21T00:10:14,60,0,1,60
2022-03-21T00:18:49,60,0,1,60
2022-03-21T00:27:24,59,1,1,60
2022-03-21T00:36:00,59,1,1,60
2022-03-21T00:45:04,59,1,1,60
2022-03-21T00:53:44,59,1,1,60
2022-03-21T01:03:00,59,1,1,60
2022-03-21T01:18:00,59,1,1,60
2022-03-21T01:26:35,59,1,1,60
2022-03-21T01:35:11,59,1,1,60
2022-03-21T01:43:46,59,1,1,60
2022-03-21T01:52:22,59,1,1,60
2022-03-21T15:20:14,59,1,1,60
2022-03-21T15:28:49,59,1,1,60
2022-03-21T15:37:24,59,1,1,60
2022-03-21T15:45:59,59,1,1,60
2022-03-21T15:54:34,59,1,1,60
2022-03-21T16:03:09,59,1,1,60
2022-03-21T16:11:44,59,1,1,60
2022-03-21T16:20:29,59,1,1,60
2022-03-21T16:29:04,59,1,1,60
2022-03-21T16:37:39,59,1,1,60
2022-03-21T16:46:14,59,1,1,60
2022-03-21T16:54:49,59,1,1,60
2022-03-21T17:03:24,59,1,1,60
2022-03-21T17:11:59,59,1,1,60
2022-03-21T17:20:45,59,1,1,60
2022-03-21T17:29:20,59,1,1,60
2022-03-21T17:37:55,59,1,1,60
2022-03-21T17:46:30,59,1,1,60
2022-03-21T17:55:05,59,1,1,60
2022-03-21T18:03:40,59,1,1,60
2022-03-21T18:12:15,59,1,1,60
2022-03-21T18:21:01,59,1,1,60
2022-03-21T18:29:36,59,1,1,60
2022-03-21T18:38:11,59,1,1,60
2022-03-21T18:46:46,59,1,1,60
2022-03-21T18:55:21,59,1,1,60
2022-03-21T19:03:55,59,1,1,60
2022-03-21T19:12:30,59,1,1,60
2022-03-21T19:21:05,59,1,1,60
2022-03-21T19:29:40,59,1,1,60
2022-03-21T19:38:26,59,1,1,60
2022-03-21T19:47:01,59,1,1,60
2022-03-21T19:55:36,59,1,1,60
2022-03-21T20:04:11,59,1,1,60
2022-03-21T20:12:46,59,1,1,60
2022-03-21T20:21:21,59,1,1,60
2022-03-21T20:29:56,59,1,1,60
2022-03-21T20:38:30,59,1,1,60
2022-03-21T20:47:15,59,1,1,60
2022-03-21T20:55:50,59,1,1,60
2022-03-21T21:04:26,59,1,1,60
2022-03-21T21:13:01,59,1,1,60
2022-03-21T21:21:36,59,1,1,60
2022-03-21T21:30:11,59,1,1,60
2022-03-21T21:38:46,59,1,1,60
2022-03-21T21:47:33,59,1,1,60
2022-03-21T21:56:08,59,1,1,60
2022-03-21T22:04:43,59,1,1,60
2022-03-21T22:13:19,59,1,1,60
2022-03-21T22:21:54,59,1,1,60
2022-03-21T22:30:29,60,0,0,60
2022-03-21T22:39:05,60,0,0,60
2022-03-21T22:47:50,60,0,0,60
2022-03-21T22:56:24,60,0,0,60
2022-03-21T23:05:00,60,0,0,60
2022-03-21T23:13:35,60,0,0,60
2022-03-21T23:22:10,60,0,0,60
2022-03-21T23:30:45,60,0,0,60
2022-03-21T23:39:20,60,0,0,60
2022-03-21T23:48:06,60,0,0,60
2022-03-21T23:56:41,60,0,0,60
2022-03-22T00:05:16,60,0,0,60
2022-03-22T00:13:51,60,0,0,60
2022-03-22T00:22:26,60,0,0,60
2022-03-22T00:31:01,60,0,0,60
2022-03-22T00:39:37,60,0,0,60
2022-03-22T00:48:12,60,0,0,60
2022-03-22T00:56:57,60,0,0,60
2022-03-22T01:05:33,60,0,0,60
2022-03-22T01:14:08,60,0,0,60
2022-03-22T01:22:43,60,0,0,60
2022-03-22T01:31:19,60,0,0,60
2022-03-22T01:39:54,60,0,0,60
2022-03-22T01:48:29,60,0,0,60
2022-03-22T01:57:04,60,0,0,60
2022-03-22T02:05:51,60,0,0,60
2022-03-22T02:14:26,60,0,0,60
2022-03-22T02:23:01,60,0,0,60
2022-03-22T02:31:36,60,0,0,60
2022-03-22T02:40:11,60,0,0,60
2022-03-22T02:48:47,60,0,0,60
2022-03-22T02:57:21,60,0,0,60
2022-03-22T03:05:56,60,0,0,60
2022-03-22T03:14:31,60,0,0,60
2022-03-22T03:23:06,60,0,0,60
2022-03-22T03:31:41,60,0,0,60
2022-03-22T03:40:16,60,0,0,60
2022-03-22T03:48:51,60,0,0,60
2022-03-22T03:57:39,60,0,0,60
2022-03-22T04:06:14,60,0,0,60
2022-03-22T04:14:50,60,0,0,60
2022-03-22T04:27:40,60,0,0,60
2022-03-22T04:36:27,60,0,0,60
2022-03-22T04:45:03,60,0,0,60
2022-03-22T04:53:38,60,0,0,60
2022-03-22T05:02:14,60,0,0,60
2022-03-22T05:10:49,60,0,0,60
2022-03-22T05:19:25,60,0,0,60
2022-03-22T05:28:00,60,0,0,60
2022-03-22T05:36:36,60,0,0,60
2022-03-22T05:45:11,60,0,0,60
2022-03-22T05:53:47,60,0,0,60
2022-03-22T06:02:22,60,0,0,60
2022-03-22T06:10:57,60,0,0,60
2022-03-22T06:19:33,60,0,0,60
2022-03-22T06:28:08,60,0,0,60
2022-03-22T06:36:43,60,0,0,60
2022-03-22T06:45:18,60,0,0,60
2022-03-22T06:53:54,60,0,0,60
2022-03-22T07:02:29,60,0,0,60
2022-03-22T07:11:05,60,0,0,60
2022-03-22T07:19:40,60,0,0,60
2022-03-22T07:28:15,60,0,0,60
2022-03-22T07:36:51,60,0,0,60
2022-03-22T07:45:36,60,0,0,60
2022-03-22T07:54:11,60,0,0,60
2022-03-22T08:02:46,60,0,0,60
2022-03-22T08:11:21,60,0,0,60
2022-03-22T08:19:57,60,0,0,60
2022-03-22T08:28:32,60,0,0,60
2022-03-22T08:37:08,60,0,0,60
2022-03-22T08:45:45,60,0,0,60
2022-03-22T08:54:20,60,0,0,60
2022-03-22T09:02:56,60,0,0,60
2022-03-22T09:11:36,60,0,0,60
2022-03-22T09:20:12,60,0,0,60
2022-03-22T09:28:47,60,0,0,60
2022-03-22T09:37:22,60,0,0,60
2022-03-22T09:45:57,60,0,0,60
2022-03-22T09:54:33,60,0,0,60
2022-03-22T10:03:08,60,0,0,60
2022-03-22T10:11:53,60,0,0,60
2022-03-22T10:20:28,60,0,0,60
2022-03-22T10:29:04,60,0,0,60
2022-03-22T10:37:39,60,0,0,60
2022-03-22T10:46:14,60,0,0,60
2022-03-22T10:55:01,60,0,0,60
2022-03-22T11:03:36,60,0,0,60
2022-03-22T11:12:11,60,0,0,60
2022-03-22T11:20:47,60,0,0,60
2022-03-22T11:29:31,60,0,0,60
2022-03-22T11:38:06,60,0,0,60
2022-03-22T11:46:42,60,0,0,60
2022-03-22T11:55:17,60,0,0,60
2022-03-22T12:03:52,60,0,0,60
2022-03-22T12:12:44,60,0,0,60
2022-03-22T12:21:20,60,0,0,60
2022-03-22T12:29:55,60,0,0,60
2022-03-22T12:38:30,60,0,0,60
2022-03-22T12:47:15,60,0,0,60
2022-03-22T12:55:51,60,0,0,60
2022-03-22T13:04:26,60,0,0,60
2022-03-22T13:13:01,60,0,0,60
2022-03-22T13:21:47,60,0,0,60
2022-03-22T13:30:22,60,0,0,60
2022-03-22T13:38:57,60,0,0,60
2022-03-22T13:47:33,60,0,0,60
2022-03-22T13:56:21,60,0,0,60
2022-03-22T14:04:57,60,0,0,60
2022-03-22T14:13:32,60,0,0,60
2022-03-22T14:22:07,60,0,0,60
2022-03-22T14:30:53,60,0,0,60
2022-03-22T14:39:28,60,0,0,60
2022-03-22T14:48:03,60,0,0,60
2022-03-22T14:56:39,60,0,0,60
2022-03-22T15:05:26,60,0,0,60
2022-03-22T15:14:01,60,0,0,60
2022-03-22T15:22:37,60,0,0,60
2022-03-22T15:31:12,60,0,0,60
2022-03-22T15:39:57,60,0,0,60
2022-03-22T15:48:32,60,0,0,60
2022-03-22T15:57:07,60,0,0,60
2022-03-22T16:05:43,60,0,0,60
2022-03-22T16:14:28,60,0,0,60
2022-03-22T16:23:04,60,0,0,60
2022-03-22T16:31:39,60,0,0,60
2022-03-22T16:40:14,60,0,0,60
2022-03-22T16:48:59,60,0,0,60
2022-03-22T16:57:34,60,0,0,60
2022-03-22T17:06:09,60,0,0,60
2022-03-22T17:14:44,60,0,0,60
2022-03-22T17:23:19,60,0,0,60
2022-03-22T17:32:05,60,0,0,60
2022-03-22T17:40:40,60,0,0,60
2022-03-22T17:49:15,60,0,0,60
2022-03-22T17:57:50,60,0,0,60
2022-03-22T18:06:35,60,0,0,60
2022-03-22T18:15:10,60,0,0,60
2022-03-22T18:23:45,60,0,0,60
2022-03-22T18:32:20,60,0,0,60
2022-03-22T18:40:55,60,0,0,60
2022-03-22T18:49:37,60,0,0,60
2022-03-22T18:58:13,60,0,0,60
2022-03-22T19:06:48,60,0,0,60
2022-03-22T19:15:23,60,0,0,60
2022-03-22T19:23:58,60,0,0,60
2022-03-22T19:32:42,60,0,0,60
2022-03-22T19:41:17,60,0,0,60
2022-03-22T19:49:52,60,0,0,60
2022-03-22T19:58:27,60,0,0,60
2022-03-22T20:07:02,60,0,0,60
2022-03-22T20:15:46,60,0,0,60
2022-03-22T20:24:21,60,0,1,60
2022-03-22T20:32:56,60,0,1,60
2022-03-22T20:41:31,60,0,1,60
2022-03-22T20:50:06,60,0,1,60
2022-03-22T20:58:42,60,0,1,60
2022-03-22T21:07:27,60,0,1,60
2022-03-22T21:16:03,60,0,1,60
2022-03-22T21:24:38,60,0,1,60
2022-03-22T21:33:13,60,0,1,60
2022-03-22T21:41:51,60,0,1,60
2022-03-22T21:50:36,60,0,1,60
2022-03-22T21:59:11,60,0,1,60
2022-03-22T22:07:47,60,0,1,60
2022-03-22T22:16:22,60,0,1,60
2022-03-22T22:24:59,60,0,1,60
2022-03-22T22:33:45,60,0,1,60
2022-03-22T22:42:20,60,0,1,60
2022-03-22T22:50:55,60,0,1,60
2022-03-22T22:59:31,60,0,1,60
2022-03-22T23:08:16,60,0,1,60
2022-03-22T23:16:51,60,0,1,60
2022-03-22T23:25:27,60,0,1,60
2022-03-22T23:34:04,60,0,1,60
2022-03-22T23:42:50,60,0,1,60
2022-03-22T23:51:25,60,0,1,60
2022-03-23T00:00:00,60,0,1,60
2022-03-23T00:08:41,60,0,1,60
2022-03-23T00:17:28,60,0,1,60
2022-03-23T00:26:04,60,0,1,60
2022-03-23T00:34:40,60,0,1,60
2022-03-23T00:43:16,60,0,1,60
2022-03-23T00:52:02,60,0,1,60
2022-03-23T01:00:47,60,0,1,60
2022-03-23T01:09:22,60,0,1,60
2022-03-23T01:17:59,60,0,1,60
2022-03-23T01:26:50,60,0,1,60
2022-03-23T01:35:25,60,0,1,60
2022-03-23T01:44:02,60,0,1,60
2022-03-23T01:52:38,60,0,1,60
2022-03-23T02:01:13,60,0,1,60
2022-03-23T02:10:01,60,0,1,60
2022-03-23T02:18:37,60,0,1,60
2022-03-23T02:27:12,60,0,1,60
2022-03-23T02:35:47,60,0,1,60
2022-03-23T02:44:22,60,0,1,60
2022-03-23T02:52:57,60,0,1,60
2022-03-23T03:01:31,60,0,1,60
2022-03-23T03:10:15,60,0,1,60
2022-03-23T03:18:50,60,0,1,60
2022-03-23T03:27:25,60,0,1,60
2022-03-23T03:36:01,60,0,1,60
2022-03-23T03:44:36,60,0,1,60
2022-03-23T03:53:11,60,0,1,60
2022-03-23T04:01:46,60,0,1,60
2022-03-23T04:10:21,60,0,1,60
2022-03-23T04:24:48,60,0,1,60
2022-03-23T04:33:43,60,0,1,60
2022-03-23T04:42:19,60,0,1,60
2022-03-23T04:50:54,60,0,1,60
2022-03-23T04:59:29,60,0,1,60
2022-03-23T05:08:05,60,0,1,60
2022-03-23T05:17:46,60,0,1,60
2022-03-23T05:26:58,60,0,1,60
2022-03-23T05:35:34,60,0,1,60
2022-03-23T05:44:09,60,0,1,60
2022-03-23T05:52:44,60,0,1,60
2022-03-23T06:01:19,60,0,1,60
2022-03-23T06:09:55,60,0,1,60
2022-03-23T06:18:30,60,0,1,60
2022-03-23T06:27:05,60,0,1,60
2022-03-23T06:35:40,60,0,1,60
2022-03-23T06:44:16,60,0,1,60
2022-03-23T06:52:51,60,0,1,60
2022-03-23T07:01:37,60,0,1,60
2022-03-23T07:10:12,60,0,1,60
2022-03-23T07:18:47,60,0,1,60
2022-03-23T07:27:22,60,0,1,60
2022-03-23T07:35:58,60,0,1,60
2022-03-23T07:44:33,60,0,1,60
2022-03-23T07:53:08,60,0,1,60
2022-03-23T08:01:43,60,0,1,60
2022-03-23T08:10:28,60,0,1,60
2022-03-23T08:19:03,60,0,1,60
2022-03-23T08:27:39,60,0,1,60
2022-03-23T08:36:14,60,0,1,60
2022-03-23T08:44:49,60,0,1,60
2022-03-23T08:53:24,60,0,1,60
2022-03-23T09:01:59,60,0,1,60
2022-03-23T09:10:48,60,0,1,60
2022-03-23T09:19:24,60,0,1,60
2022-03-23T09:27:59,60,0,1,60
2022-03-23T09:36:34,60,0,1,60
2022-03-23T09:45:10,60,0,1,60
2022-03-23T09:53:56,60,0,1,60
2022-03-23T10:02:31,60,0,1,60
2022-03-23T10:11:07,60,0,1,60
2022-03-23T10:19:42,60,0,1,60
2022-03-23T10:28:27,60,0,1,60
2022-03-23T10:37:02,60,0,1,60
2022-03-23T10:45:38,60,0,1,60
2022-03-23T10:54:14,60,0,1,60
2022-03-23T11:03:01,60,0,1,60
2022-03-23T11:11:36,60,0,1,60
2022-03-23T11:20:11,60,0,1,60
2022-03-23T11:28:46,60,0,1,60
2022-03-23T11:37:31,60,0,1,60
2022-03-23T11:46:06,60,0,1,60
2022-03-23T11:54:42,60,0,1,60
2022-03-23T12:03:17,60,0,1,60
2022-03-23T12:12:02,60,0,1,60
2022-03-23T12:20:37,60,0,1,60
2022-03-23T12:29:12,60,0,1,60
2022-03-23T12:37:47,60,0,1,60
2022-03-23T12:46:22,60,0,1,60
2022-03-23T12:55:09,60,0,1,60
2022-03-23T13:03:44,60,0,1,60
2022-03-23T13:12:19,60,0,1,60
2022-03-23T13:20:54,60,0,1,60
2022-03-23T13:29:41,60,0,1,60
2022-03-23T13:38:16,60,0,1,60
2022-03-23T13:46:51,60,0,1,60
2022-03-23T13:55:26,60,0,1,60
2022-03-23T14:04:14,60,0,1,60
2022-03-23T14:12:49,60,0,1,60
2022-03-23T14:21:25,60,0,1,60
2022-03-23T14:30:00,60,0,1,60
2022-03-23T14:38:44,60,0,1,60
2022-03-23T14:47:19,60,0,1,60
2022-03-23T14:55:55,60,0,1,60
2022-03-23T15:04:30,60,0,1,60
2022-03-23T15:13:05,60,0,1,60
2022-03-23T15:21:40,60,0,1,60
2022-03-23T15:30:25,60,0,1,60
2022-03-23T15:39:00,60,0,1,60
2022-03-23T15:47:35,60,0,1,60
2022-03-23T15:56:10,60,0,1,60
2022-03-23T16:04:45,60,0,1,60
2022-03-23T16:13:20,60,0,1,60
2022-03-23T16:21:55,60,0,1,60
2022-03-23T16:30:41,60,0,1,60
2022-03-23T16:39:16,60,0,1,60
2022-03-23T16:47:50,60,0,1,60
2022-03-23T16:56:25,60,0,1,60
2022-03-23T17:05:00,60,0,0,60
2022-03-23T17:13:35,60,0,0,60
2022-03-23T17:22:22,60,0,0,60
2022-03-23T17:30:57,60,0,0,60
2022-03-23T17:39:32,60,0,0,60
2022-03-23T17:48:07,60,0,0,60
2022-03-23T17:56:42,60,0,0,60
2022-03-23T18:05:17,60,0,0,60
2022-03-23T18:13:52,60,0,0,60
2022-03-23T18:22:34,60,0,0,60
2022-03-23T18:31:09,60,0,0,60
2022-03-23T18:39:43,60,0,0,60
2022-03-23T18:48:18,60,0,0,60
2022-03-23T18:57:02,60,0,0,60
2022-03-23T19:05:36,60,0,0,60
2022-03-23T19:14:11,60,0,0,60
2022-03-23T19:22:46,60,0,0,60
2022-03-23T19:31:21,60,0,0,60
2022-03-23T19:40:04,60,0,0,60
2022-03-23T19:48:39,60,0,0,60
2022-03-23T19:57:14,60,0,0,60
2022-03-23T20:05:49,60,0,0,60
2022-03-23T20:14:24,60,0,0,60
2022-03-23T20:22:59,60,0,0,60
2022-03-23T20:31:43,60,0,0,60
2022-03-23T20:40:18,60,0,0,60
2022-03-23T20:48:53,60,0,0,60
2022-03-23T20:57:28,60,0,0,60
2022-03-23T21:06:03,60,0,0,60
2022-03-23T21:14:38,60,0,0,60
2022-03-23T21:23:22,60,0,0,60
2022-03-23T21:31:57,60,0,0,60
2022-03-23T21:40:32,60,0,0,60
2022-03-23T21:49:06,60,0,0,60
2022-03-23T21:57:41,60,0,0,60
2022-03-23T22:06:27,60,0,0,60
2022-03-23T22:15:02,60,0,0,60
2022-03-23T22:23:37,60,0,0,60
2022-03-23T22:32:11,60,0,0,60
2022-03-23T22:40:46,60,0,0,60
2022-03-23T22:49:21,60,0,0,60
2022-03-23T22:58:05,60,0,0,60
2022-03-23T23:06:40,60,0,0,60
2022-03-23T23:15:15,60,0,0,60
2022-03-23T23:23:50,60,0,0,60
2022-03-23T23:32:25,60,0,0,60
2022-03-23T23:41:00,60,0,0,60
2022-03-23T23:49:35,60,0,0,60
2022-03-23T23:58:23,60,0,0,60
2022-03-24T00:06:58,60,0,0,60
2022-03-24T00:15:33,60,0,0,60
2022-03-24T00:24:08,60,0,0,60
2022-03-24T00:32:43,60,0,0,60
2022-03-24T00:41:18,60,0,0,60
2022-03-24T00:49:54,60,0,0,60
2022-03-24T00:58:29,60,0,0,60
2022-03-24T01:07:15,60,0,0,60
2022-03-24T01:15:51,60,0,0,60
2022-03-24T01:24:26,60,0,0,60
2022-03-24T01:33:01,60,0,0,60
2022-03-24T01:41:36,60,0,0,60
2022-03-24T01:50:11,60,0,0,60
2022-03-24T01:58:47,60,0,0,60
2022-03-24T02:07:22,60,0,0,60
2022-03-24T02:15:57,60,0,0,60
2022-03-24T02:24:32,60,0,0,60
2022-03-24T02:33:07,60,0,0,60
2022-03-24T02:41:42,60,0,0,60
2022-03-24T02:50:17,60,0,0,60
2022-03-24T02:58:53,60,0,0,60
2022-03-24T03:07:41,60,0,0,60
2022-03-24T03:16:20,60,0,0,60
2022-03-24T03:24:56,60,0,0,60
2022-03-24T03:33:31,60,0,0,60
2022-03-24T03:42:06,60,0,0,60
2022-03-24T03:50:41,60,0,0,60
2022-03-24T03:59:16,60,0,0,60
2022-03-24T04:07:51,60,0,0,60
2022-03-24T04:18:22,60,0,0,60
2022-03-24T04:29:29,60,0,0,60
2022-03-24T04:38:24,60,0,0,60
2022-03-24T04:47:00,60,0,0,60
2022-03-24T04:55:35,60,0,0,60
2022-03-24T05:04:11,60,0,0,60
2022-03-24T05:12:47,60,0,0,60
2022-03-24T05:21:23,60,0,0,60
2022-03-24T05:29:58,60,0,0,60
2022-03-24T05:38:33,60,0,0,60
2022-03-24T05:47:09,60,0,0,60
2022-03-24T05:55:44,60,0,0,60
2022-03-24T06:04:19,60,0,0,60
2022-03-24T06:12:55,60,0,0,60
2022-03-24T06:21:31,60,0,0,60
2022-03-24T06:30:06,60,0,0,60
2022-03-24T06:38:40,60,0,0,60
2022-03-24T06:47:15,60,0,0,60
2022-03-24T06:55:59,60,0,0,60
2022-03-24T07:04:34,60,0,0,60
2022-03-24T07:13:09,60,0,0,60
2022-03-24T07:21:44,60,0,0,60
2022-03-24T07:30:19,60,0,0,60
2022-03-24T07:38:54,60,0,0,60
2022-03-24T07:47:29,60,0,0,60
2022-03-24T07:56:05,60,0,0,60
2022-03-24T08:04:40,60,0,0,60
2022-03-24T08:13:15,60,0,0,60
2022-03-24T08:21:50,60,0,0,60
2022-03-24T08:30:25,60,0,0,60
2022-03-24T08:39:00,60,0,0,60
2022-03-24T08:47:36,60,0,0,60
2022-03-24T08:56:23,60,0,0,60
2022-03-24T09:04:59,60,0,0,60
2022-03-24T09:13:36,60,0,0,60
2022-03-24T09:22:13,60,0,0,60
2022-03-24T09:30:49,60,0,0,60
2022-03-24T09:39:27,60,0,0,60
2022-03-24T09:48:05,60,0,0,60
2022-03-24T09:56:43,60,0,0,60
2022-03-24T10:05:20,60,0,0,60
2022-03-24T10:13:57,60,0,0,60
2022-03-24T10:22:34,60,0,0,60
2022-03-24T10:31:11,60,0,0,60
2022-03-24T10:39:48,60,0,0,60
2022-03-24T10:48:36,60,0,0,60
2022-03-24T10:57:12,60,0,0,60
2022-03-24T11:05:48,60,0,0,60
2022-03-24T11:14:24,60,0,0,60
2022-03-24T11:23:01,60,0,0,60
2022-03-24T11:31:37,60,0,0,60
2022-03-24T11:40:13,60,0,0,60
2022-03-24T11:48:49,60,0,0,60
2022-03-24T11:57:24,60,0,0,60
2022-03-24T12:06:06,60,0,0,60
2022-03-24T12:14:41,60,0,0,60
2022-03-24T12:23:16,60,0,0,60
2022-03-24T12:31:51,60,0,0,60
2022-03-24T12:40:26,60,0,0,60
2022-03-24T12:49:01,60,0,0,60
2022-03-24T12:57:44,60,0,0,60
2022-03-24T13:06:19,60,0,0,60
2022-03-24T13:14:54,60,0,0,60
2022-03-24T13:23:29,60,0,0,60
2022-03-24T13:32:04,60,0,0,60
2022-03-24T13:40:39,60,0,0,60
2022-03-24T13:49:14,60,0,0,60
2022-03-24T13:57:59,60,0,0,60
2022-03-24T14:06:34,60,0,0,60
2022-03-24T14:15:09,60,0,0,60
2022-03-24T14:23:44,60,0,0,60
2022-03-24T14:32:19,60,0,0,60
2022-03-24T14:40:54,60,0,0,60
2022-03-24T14:49:29,60,0,0,60
2022-03-24T14:58:04,60,0,0,60
2022-03-24T15:06:52,60,0,0,60
2022-03-24T15:15:27,60,0,0,60
2022-03-24T15:24:02,60,0,0,60
2022-03-24T15:32:37,60,0,0,60
2022-03-24T15:41:12,60,0,0,60
2022-03-24T15:49:47,60,0,0,60
2022-03-24T15:58:22,60,0,0,60
2022-03-24T16:06:57,60,0,0,60
2022-03-24T16:15:43,60,0,0,60
2022-03-24T16:24:18,60,0,0,60
2022-03-24T16:32:54,60,0,0,60
2022-03-24T16:41:28,60,0,0,60
2022-03-24T16:50:03,60,0,0,60
2022-03-24T16:58:38,60,0,0,60
2022-03-24T17:07:13,60,0,0,60
2022-03-24T17:15:48,60,0,0,60
2022-03-24T17:24:23,60,0,0,60
2022-03-24T17:32:58,60,0,0,60
2022-03-24T17:41:42,60,0,0,60
2022-03-24T17:50:17,60,0,0,60
2022-03-24T17:58:52,60,0,0,60
2022-03-24T18:07:27,60,0,0,60
2022-03-24T18:16:02,60,0,0,60
2022-03-24T18:24:36,60,0,0,60
2022-03-24T18:33:11,60,0,0,60
2022-03-24T18:41:55,60,0,0,60
2022-03-24T18:50:30,60,0,0,60
2022-03-24T18:59:05,60,0,0,60
2022-03-24T19:07:40,60,0,0,60
2022-03-24T19:16:15,60,0,0,60
2022-03-24T19:24:49,60,0,0,60
2022-03-24T19:33:24,60,0,0,60
2022-03-24T19:41:59,60,0,0,60
2022-03-24T19:50:43,60,0,0,60
2022-03-24T19:59:18,60,0,0,60
2022-03-24T20:07:53,60,0,0,60
2022-03-24T20:16:27,60,0,0,60
2022-03-24T20:25:02,60,0,0,60
2022-03-24T20:33:37,60,0,0,60
2022-03-24T20:42:12,60,0,0,60
2022-03-24T20:50:55,60,0,0,60
2022-03-24T20:59:30,60,0,0,60
2022-03-24T21:08:05,60,0,0,60
2022-03-24T21:16:39,60,0,0,60
2022-03-24T21:25:14,60,0,0,60
2022-03-24T21:33:49,60,0,0,60
2022-03-24T21:42:24,60,0,0,60
2022-03-24T21:51:09,60,0,0,60
2022-03-24T21:59:44,60,0,0,60
2022-03-24T22:08:19,60,0,0,60
2022-03-24T22:16:54,60,0,0,60
2022-03-24T22:25:29,60,0,0,60
2022-03-24T22:34:03,60,0,0,60
2022-03-24T22:42:38,60,0,0,60
2022-03-24T22:51:13,60,0,0,60
2022-03-24T22:59:48,60,0,0,60
2022-03-24T23:08:34,60,0,0,60
2022-03-24T23:17:09,60,0,0,60
2022-03-24T23:25:44,60,0,0,60
2022-03-24T23:34:19,60,0,0,60
2022-03-24T23:42:54,60,0,0,60
2022-03-24T23:51:28,60,0,0,60
2022-03-25T00:00:03,60,0,0,60
2022-03-25T00:08:38,60,0,0,60
2022-03-25T00:17:14,60,0,0,60
2022-03-25T00:25:59,60,0,0,60
2022-03-25T00:34:35,60,0,0,60
2022-03-25T00:43:10,60,0,0,60
2022-03-25T00:51:46,60,0,0,60
2022-03-25T01:00:21,60,0,0,60
2022-03-25T01:08:56,60,0,0,60
2022-03-25T01:17:32,60,0,0,60
2022-03-25T01:26:08,60,0,0,60
2022-03-25T01:34:44,60,0,0,60
2022-03-25T01:43:20,60,0,0,60
2022-03-25T01:51:56,60,0,0,60
2022-03-25T02:00:32,60,0,0,60
2022-03-25T02:09:09,60,0,0,60
2022-03-25T02:17:44,60,0,0,60
2022-03-25T02:26:20,60,0,0,60
2022-03-25T02:34:55,60,0,0,60
2022-03-25T02:43:42,60,0,0,60
2022-03-25T02:52:17,60,0,0,60
2022-03-25T03:00:53,60,0,0,60
2022-03-25T03:09:28,60,0,0,60
2022-03-25T03:18:27,60,0,0,60
2022-03-25T03:27:02,60,0,0,60
2022-03-25T03:35:37,60,0,0,60
2022-03-25T03:44:12,60,0,0,60
2022-03-25T03:52:48,60,0,0,60
2022-03-25T04:01:23,60,0,0,60
2022-03-25T04:16:44,60,0,0,60
2022-03-25T04:25:20,60,0,0,60
2022-03-25T04:35:08,60,0,0,60
2022-03-25T04:43:59,60,0,0,60
2022-03-25T04:52:34,60,0,0,60
2022-03-25T05:01:10,60,0,0,60
2022-03-25T05:09:45,60,0,0,60
2022-03-25T05:18:21,60,0,0,60
2022-03-25T05:26:56,60,0,0,60
2022-03-25T05:35:32,60,0,0,60
2022-03-25T05:44:07,60,0,0,60
2022-03-25T05:52:43,60,0,0,60
2022-03-25T06:01:18,60,0,0,60
2022-03-25T06:09:53,60,0,0,60
2022-03-25T06:18:28,60,0,0,60
2022-03-25T06:27:04,60,0,0,60
2022-03-25T06:35:39,60,0,0,60
2022-03-25T06:44:14,60,0,0,60
2022-03-25T06:52:49,60,0,0,60
2022-03-25T07:01:25,60,0,0,60
2022-03-25T07:10:08,60,0,0,60
2022-03-25T07:18:43,60,0,0,60
2022-03-25T07:27:18,60,0,0,60
2022-03-25T07:35:53,60,0,0,60
2022-03-25T07:44:28,60,0,0,60
2022-03-25T07:53:03,60,0,0,60
2022-03-25T08:01:38,60,0,0,60
2022-03-25T08:10:13,60,0,0,60
2022-03-25T08:18:48,60,0,0,60
2022-03-25T08:27:24,60,0,0,60
2022-03-25T08:35:59,60,0,0,60
2022-03-25T08:44:34,60,0,0,60
2022-03-25T08:53:09,60,0,0,60
2022-03-25T09:01:44,60,0,0,60
2022-03-25T09:10:32,60,0,0,60
2022-03-25T09:19:07,60,0,0,60
2022-03-25T09:27:42,60,0,0,60
2022-03-25T09:36:17,60,0,0,60
2022-03-25T09:44:51,60,0,0,60
2022-03-25T09:53:26,60,0,0,60
2022-03-25T10:02:01,60,0,0,60
2022-03-25T10:10:36,60,0,0,60
2022-03-25T10:19:11,60,0,0,60
2022-03-25T10:27:57,60,0,0,60
2022-03-25T10:36:32,60,0,0,60
2022-03-25T10:45:07,60,0,0,60
2022-03-25T10:53:42,60,0,0,60
2022-03-25T11:02:16,60,0,0,60
2022-03-25T11:10:51,60,0,0,60
2022-03-25T11:19:26,60,0,0,60
2022-03-25T11:28:01,60,0,0,60
2022-03-25T11:36:43,60,0,0,60
2022-03-25T11:45:18,60,0,0,60
2022-03-25T11:53:53,60,0,0,60
2022-03-25T12:02:28,60,0,0,60
2022-03-25T12:11:03,60,0,0,60
2022-03-25T12:19:37,60,0,0,60
2022-03-25T12:28:22,60,0,0,60
2022-03-25T12:36:57,60,0,0,60
2022-03-25T12:45:31,60,0,0,60
2022-03-25T12:54:06,60,0,0,60
2022-03-25T13:02:41,60,0,0,60
2022-03-25T13:11:16,60,0,0,60
2022-03-25T13:19:50,60,0,0,60
2022-03-25T13:28:35,60,0,0,60
2022-03-25T13:37:10,60,0,0,60
2022-03-25T13:45:45,60,0,0,60
2022-03-25T13:54:20,60,0,0,60
2022-03-25T14:02:55,60,0,0,60
2022-03-25T14:11:30,60,0,0,60
2022-03-25T14:20:14,60,0,0,60
2022-03-25T14:28:49,60,0,0,60
2022-03-25T14:37:24,60,0,0,60
2022-03-25T14:45:59,60,0,0,60
2022-03-25T14:54:34,60,0,0,60
2022-03-25T15:03:09,60,0,0,60
2022-03-25T15:11:43,60,0,0,60
2022-03-25T15:20:18,60,0,0,60
2022-03-25T15:29:03,60,0,0,60
2022-03-25T15:37:38,60,0,0,60
2022-03-25T15:46:13,60,0,0,60
2022-03-25T15:54:48,60,0,0,60
2022-03-25T16:03:22,60,0,0,60
2022-03-25T16:11:57,60,0,0,60
2022-03-25T16:20:32,60,0,0,60
2022-03-25T16:29:13,60,0,0,60
2022-03-25T16:37:48,60,0,0,60
2022-03-25T16:46:23,60,0,0,60
2022-03-25T16:54:57,60,0,0,60
2022-03-25T17:03:32,60,0,0,60
2022-03-25T17:12:07,60,0,0,60
2022-03-25T17:20:42,60,0,0,60
2022-03-25T17:29:16,60,0,0,60
2022-03-25T17:37:51,60,0,0,60
2022-03-25T17:46:35,60,0,0,60
2022-03-25T17:55:10,60,0,0,60
2022-03-25T18:03:46,60,0,0,60
2022-03-25T18:12:21,60,0,0,60
2022-03-25T18:20:56,60,0,0,60
2022-03-25T18:29:31,60,0,0,60
2022-03-25T18:38:05,60,0,0,60
2022-03-25T18:46:40,60,0,0,60
2022-03-25T18:55:25,60,0,0,60
2022-03-25T19:04:00,60,0,0,60
2022-03-25T19:12:34,60,0,0,60
2022-03-25T19:21:09,60,0,0,60
2022-03-25T19:29:44,60,0,0,60
2022-03-25T19:38:18,60,0,0,60
2022-03-25T19:46:53,60,0,0,60
2022-03-25T19:55:28,60,0,0,60
2022-03-25T20:04:03,60,0,0,60
2022-03-25T20:12:48,60,0,0,60
2022-03-25T20:21:23,60,0,0,60
2022-03-25T20:29:58,60,0,0,60
2022-03-25T20:38:33,60,0,0,60
2022-03-25T20:47:07,60,0,0,60
2022-03-25T20:55:42,60,0,0,60
2022-03-25T21:04:17,60,0,0,60
2022-03-25T21:12:52,60,0,0,60
2022-03-25T21:21:27,60,0,0,60
2022-03-25T21:30:14,60,0,0,60
2022-03-25T21:38:49,60,0,0,60
2022-03-25T21:47:23,60,0,0,60
2022-03-25T21:55:58,60,0,0,60
2022-03-25T22:04:33,60,0,0,60
2022-03-25T22:13:08,60,0,0,60
2022-03-25T22:21:43,60,0,0,60
2022-03-25T22:30:17,60,0,0,60
2022-03-25T22:38:52,60,0,0,60
2022-03-25T22:47:27,60,0,0,60
2022-03-25T22:56:12,60,0,0,60
2022-03-25T23:04:47,60,0,0,60
2022-03-25T23:13:22,60,0,0,60
2022-03-25T23:21:56,60,0,0,60
2022-03-25T23:30:31,60,0,0,60
2022-03-25T23:39:06,60,0,0,60
2022-03-25T23:47:41,60,0,0,60
2022-03-25T23:56:16,60,0,0,60
2022-03-26T00:04:51,60,0,0,60
2022-03-26T00:13:27,60,0,0,60
2022-03-26T00:22:03,60,0,0,60
2022-03-26T00:30:49,60,0,0,60
2022-03-26T00:39:24,60,0,0,60
2022-03-26T00:47:59,60,0,0,60
2022-03-26T00:56:34,60,0,0,60
2022-03-26T01:05:09,60,0,0,60
2022-03-26T01:13:44,60,0,0,60
2022-03-26T01:22:19,60,0,0,60
2022-03-26T01:30:54,60,0,0,60
2022-03-26T01:39:29,60,0,0,60
2022-03-26T01:48:04,60,0,0,60
2022-03-26T01:56:39,60,0,0,60
2022-03-26T02:05:25,60,0,0,60
2022-03-26T02:14:00,60,0,0,60
2022-03-26T02:22:35,60,0,0,60
2022-03-26T02:31:10,60,0,0,60
2022-03-26T02:39:45,60,0,0,60
2022-03-26T02:48:19,60,0,0,60
2022-03-26T02:56:54,60,0,0,60
2022-03-26T03:05:29,60,0,0,60
2022-03-26T03:14:04,60,0,0,60
2022-03-26T03:22:38,60,0,0,60
2022-03-26T03:31:13,60,0,0,60
2022-03-26T03:39:48,60,0,0,60
2022-03-26T03:48:23,60,0,0,60
2022-03-26T03:56:58,60,0,0,60
2022-03-26T04:05:33,60,0,0,60
2022-03-26T04:20:21,60,0,0,60
2022-03-26T04:29:17,60,0,0,60
2022-03-26T04:37:52,60,0,0,60
2022-03-26T04:46:28,60,0,0,60
2022-03-26T04:55:03,60,0,0,60
2022-03-26T05:03:39,60,0,0,60
2022-03-26T05:12:15,60,0,0,60
2022-03-26T05:20:50,60,0,0,60
2022-03-26T05:29:25,60,0,0,60
2022-03-26T05:38:01,60,0,0,60
2022-03-26T05:46:36,60,0,0,60
2022-03-26T05:55:11,60,0,0,60
2022-03-26T06:03:46,60,0,0,60
2022-03-26T06:12:27,60,0,0,60
2022-03-26T06:21:02,60,0,0,60
2022-03-26T06:29:37,60,0,0,60
2022-03-26T06:38:12,60,0,0,60
2022-03-26T06:46:47,60,0,0,60
2022-03-26T06:55:21,60,0,0,60
2022-03-26T07:03:56,60,0,0,60
2022-03-26T07:12:31,60,0,0,60
2022-03-26T07:21:06,60,0,0,60
2022-03-26T07:29:40,60,0,0,60
2022-03-26T07:38:15,60,0,0,60
2022-03-26T07:46:50,60,0,0,60
2022-03-26T07:55:33,60,0,0,60
2022-03-26T08:04:08,60,0,0,60
2022-03-26T08:12:43,60,0,0,60
2022-03-26T08:21:17,60,0,0,60
2022-03-26T08:29:52,60,0,0,60
2022-03-26T08:38:27,60,0,0,60
2022-03-26T08:47:02,60,0,0,60
2022-03-26T08:55:46,60,0,0,60
2022-03-26T09:04:20,60,0,0,60
2022-03-26T09:12:55,60,0,0,60
2022-03-26T09:21:30,60,0,0,60
2022-03-26T09:30:04,60,0,0,60
2022-03-26T09:38:39,60,0,0,60
2022-03-26T09:47:14,60,0,0,60
2022-03-26T09:55:48,60,0,0,60
2022-03-26T10:04:31,60,0,0,60
2022-03-26T10:13:06,60,0,0,60
2022-03-26T10:21:41,60,0,0,60
2022-03-26T10:30:15,60,0,0,60
2022-03-26T10:38:50,60,0,0,60
2022-03-26T10:47:25,60,0,0,60
2022-03-26T10:56:00,60,0,0,60
2022-03-26T11:04:34,60,0,0,60
2022-03-26T11:13:20,60,0,0,60
2022-03-26T11:21:55,60,0,0,60
2022-03-26T11:30:30,60,0,0,60
2022-03-26T11:39:04,60,0,0,60
2022-03-26T11:47:41,60,0,0,60
2022-03-26T11:56:15,60,0,0,60
2022-03-26T12:04:52,60,0,0,60
2022-03-26T12:13:35,60,0,0,60
2022-03-26T12:22:10,60,0,0,60
2022-03-26T12:30:45,60,0,0,60
2022-03-26T12:39:20,60,0,0,60
2022-03-26T12:47:55,60,0,0,60
2022-03-26T12:56:39,60,0,0,60
2022-03-26T13:05:14,60,0,0,60
2022-03-26T13:13:50,60,0,0,60
2022-03-26T13:22:25,60,0,0,60
2022-03-26T13:31:00,60,0,0,60
2022-03-26T13:39:34,60,0,0,60
2022-03-26T13:48:09,60,0,0,60
2022-03-26T13:56:43,60,0,0,60
2022-03-26T14:05:26,60,0,0,60
2022-03-26T14:14:00,60,0,0,60
2022-03-26T14:22:35,60,0,1,60
2022-03-26T14:31:10,60,0,1,60
2022-03-26T14:39:45,60,0,1,60
2022-03-26T14:48:19,60,0,1,60
2022-03-26T14:56:54,60,0,1,60
2022-03-26T15:05:29,60,0,1,60
2022-03-26T15:14:12,60,0,1,60
2022-03-26T15:22:47,60,0,1,60
2022-03-26T15:31:21,60,0,1,60
2022-03-26T15:39:56,60,0,1,60
2022-03-26T15:48:31,60,0,1,60
2022-03-26T15:57:06,60,0,1,60
2022-03-26T16:05:40,60,0,1,60
2022-03-26T16:14:15,60,0,1,60
2022-03-26T16:22:59,60,0,1,60
2022-03-26T16:31:34,60,0,1,60
2022-03-26T16:40:09,60,0,1,60
2022-03-26T16:48:43,60,0,1,60
2022-03-26T16:57:18,60,0,1,60
2022-03-26T17:05:53,60,0,1,60
2022-03-26T17:14:27,60,0,1,60
2022-03-26T17:23:02,60,0,1,60
2022-03-26T17:31:45,60,0,1,60
2022-03-26T17:40:20,60,0,1,60
2022-03-26T17:48:54,60,0,1,60
2022-03-26T17:57:29,60,0,1,60
2022-03-26T18:06:04,60,0,1,60
2022-03-26T18:14:39,60,0,1,60
2022-03-26T18:23:14,60,0,1,60
2022-03-26T18:31:48,60,0,1,60
2022-03-26T18:40:30,60,0,1,60
2022-03-26T18:49:05,60,0,1,60
2022-03-26T18:57:40,60,0,1,60
2022-03-26T19:06:15,60,0,1,60
2022-03-26T19:14:50,60,0,1,60
2022-03-26T19:23:24,60,0,1,60
2022-03-26T19:31:59,60,0,1,60
2022-03-26T19:40:34,60,0,1,60
2022-03-26T19:49:18,60,0,1,60
2022-03-26T19:57:52,60,0,1,60
2022-03-26T20:06:27,60,0,1,60
2022-03-26T20:15:02,60,0,1,60
2022-03-26T20:23:36,60,0,1,60
2022-03-26T20:32:11,60,0,1,60
2022-03-26T20:40:46,60,0,1,60
2022-03-26T20:49:20,60,0,1,60
2022-03-26T20:58:05,60,0,1,60
2022-03-26T21:06:39,60,0,1,60
2022-03-26T21:15:14,60,0,1,60
2022-03-26T21:23:49,60,0,1,60
2022-03-26T21:32:23,60,0,1,60
2022-03-26T21:40:58,60,0,1,60
2022-03-26T21:49:33,60,0,1,60
2022-03-26T21:58:18,60,0,1,60
2022-03-26T22:06:53,60,0,1,60
2022-03-26T22:15:28,60,0,1,60
2022-03-26T22:24:03,60,0,1,60
2022-03-26T22:32:37,60,0,1,60
2022-03-26T22:41:12,60,0,1,60
2022-03-26T22:49:47,60,0,1,60
2022-03-26T22:58:30,60,0,1,60
2022-03-26T23:07:05,60,0,1,60
2022-03-26T23:15:40,60,0,1,60
2022-03-26T23:24:15,60,0,1,60
2022-03-26T23:32:49,60,0,1,60
2022-03-26T23:41:24,60,0,1,60
2022-03-26T23:49:59,60,0,1,60
2022-03-26T23:58:34,60,0,1,60
2022-03-27T00:07:17,60,0,1,60
2022-03-27T00:15:53,60,0,1,60
2022-03-27T00:24:27,60,0,1,60
2022-03-27T00:33:02,60,0,1,60
2022-03-27T00:41:37,60,0,1,60
2022-03-27T00:50:11,60,0,1,60
2022-03-27T00:58:46,60,0,1,60
2022-03-27T01:07:21,60,0,1,60
2022-03-27T01:16:06,60,0,1,60
2022-03-27T01:24:41,60,0,1,60
2022-03-27T01:33:15,60,0,1,60
2022-03-27T01:41:50,60,0,1,60
2022-03-27T01:50:25,60,0,1,60
2022-03-27T01:58:59,60,0,1,60
2022-03-27T02:07:35,60,0,1,60
2022-03-27T02:16:11,60,0,1,60
2022-03-27T02:24:46,60,0,1,60
2022-03-27T02:33:22,60,0,1,60
2022-03-27T02:41:57,60,0,1,60
2022-03-27T02:50:33,60,0,1,60
2022-03-27T02:59:08,60,0,1,60
2022-03-27T03:07:45,60,0,1,60
2022-03-27T03:16:31,60,0,1,60
2022-03-27T03:25:06,60,0,1,60
2022-03-27T03:33:42,60,0,1,60
2022-03-27T03:42:17,60,0,1,60
2022-03-27T03:50:51,60,0,1,60
2022-03-27T03:59:26,60,0,1,60
2022-03-27T04:08:02,60,0,1,60
2022-03-27T04:21:58,60,0,1,60
2022-03-27T04:30:53,60,0,1,60
2022-03-27T04:39:28,60,0,1,60
2022-03-27T04:48:04,60,0,1,60
2022-03-27T04:56:39,60,0,1,60
2022-03-27T05:05:15,60,0,1,60
2022-03-27T05:13:50,60,0,1,60
2022-03-27T05:22:25,60,0,1,60
2022-03-27T05:31:00,60,0,1,60
2022-03-27T05:39:36,60,0,1,60
2022-03-27T05:48:19,60,0,1,60
2022-03-27T05:56:54,60,0,1,60
2022-03-27T06:05:29,60,0,1,60
2022-03-27T06:14:05,60,0,1,60
2022-03-27T06:22:40,60,0,1,60
2022-03-27T06:31:15,60,0,1,60
2022-03-27T06:39:50,60,0,1,60
2022-03-27T06:48:25,60,0,1,60
2022-03-27T06:57:00,60,0,1,60
2022-03-27T07:05:35,60,0,1,60
2022-03-27T07:14:10,60,0,1,60
2022-03-27T07:22:45,60,0,1,60
2022-03-27T07:31:20,60,0,1,60
2022-03-27T07:40:03,60,0,1,60
2022-03-27T07:48:38,60,0,1,60
2022-03-27T07:57:13,60,0,1,60
2022-03-27T08:05:47,60,0,1,60
2022-03-27T08:14:22,60,0,1,60
2022-03-27T08:22:57,60,0,1,60
2022-03-27T08:31:32,60,0,1,60
2022-03-27T08:40:07,60,0,1,60
2022-03-27T08:48:42,60,0,1,60
2022-03-27T08:57:17,60,0,1,60
2022-03-27T09:05:51,60,0,1,60
2022-03-27T09:14:26,60,0,1,60
2022-03-27T09:23:01,60,0,1,60
2022-03-27T09:31:35,60,0,1,60
2022-03-27T09:40:10,60,0,1,60
2022-03-27T09:48:55,60,0,1,60
2022-03-27T09:57:30,60,0,1,60
2022-03-27T10:06:05,60,0,1,60
2022-03-27T10:14:40,60,0,1,60
2022-03-27T10:23:14,60,0,1,60
2022-03-27T10:31:49,60,0,1,60
2022-03-27T10:40:24,60,0,1,60
2022-03-27T10:49:08,60,0,1,60
2022-03-27T10:57:43,60,0,1,60
2022-03-27T11:06:18,60,0,1,60
2022-03-27T11:14:53,60,0,1,60
2022-03-27T11:23:28,60,0,1,60
2022-03-27T11:32:03,60,0,1,60
2022-03-27T11:40:44,60,0,1,60
2022-03-27T11:49:19,60,0,1,60
2022-03-27T11:57:53,60,0,1,60
2022-03-27T12:06:28,60,0,1,60
2022-03-27T12:15:03,60,0,1,60
2022-03-27T12:23:38,60,0,1,60
2022-03-27T12:32:12,60,0,1,60
2022-03-27T12:40:56,60,0,1,60
2022-03-27T12:49:30,60,0,1,60
2022-03-27T12:58:05,60,0,1,60
2022-03-27T13:06:40,60,0,1,60
2022-03-27T13:15:15,60,0,1,60
2022-03-27T13:23:52,60,0,1,60
2022-03-27T13:32:27,60,0,1,60
2022-03-27T13:41:12,60,0,1,60
2022-03-27T13:49:47,60,0,1,60
2022-03-27T13:58:22,60,0,1,60
2022-03-27T14:06:57,60,0,1,60
2022-03-27T14:15:32,60,0,1,60
2022-03-27T14:24:06,60,0,1,60
2022-03-27T14:32:49,60,0,1,60
2022-03-27T14:41:24,60,0,1,60
2022-03-27T14:49:59,60,0,1,60
2022-03-27T14:58:34,60,0,1,60
2022-03-27T15:07:09,60,0,1,60
2022-03-27T15:15:44,60,0,1,60
2022-03-27T15:24:28,60,0,1,60
2022-03-27T15:33:03,60,0,1,60
2022-03-27T15:41:38,60,0,1,60
2022-03-27T15:50:13,60,0,1,60
2022-03-27T15:58:58,60,0,1,60
2022-03-27T16:07:32,60,0,1,60
2022-03-27T16:16:08,60,0,1,60
2022-03-27T16:24:43,60,0,1,60
2022-03-27T16:33:17,60,0,1,60
2022-03-27T16:41:59,60,0,1,60
2022-03-27T16:50:34,60,0,1,60
2022-03-27T16:59:09,60,0,1,60
2022-03-27T17:07:44,60,0,1,60
2022-03-27T17:16:19,60,0,1,60
2022-03-27T17:25:03,60,0,1,60
2022-03-27T17:33:37,60,0,1,60
2022-03-27T17:42:12,60,0,1,60
2022-03-27T17:50:47,60,0,1,60
2022-03-27T17:59:29,60,0,1,60
2022-03-27T18:08:05,60,0,1,60
2022-03-27T18:16:40,60,0,1,60
2022-03-27T18:25:14,60,0,1,60
2022-03-27T18:33:57,60,0,1,60
2022-03-27T18:42:32,60,0,1,60
2022-03-27T18:51:07,60,0,1,60
2022-03-27T18:59:43,60,0,1,60
2022-03-27T19:08:27,60,0,1,60
2022-03-27T19:17:03,60,0,1,60
2022-03-27T19:25:38,60,0,1,60
2022-03-27T19:34:12,60,0,1,60
2022-03-27T19:42:58,60,0,1,60
2022-03-27T19:51:33,60,0,1,60
2022-03-27T20:00:07,60,0,1,60
2022-03-27T20:08:42,60,0,1,60
2022-03-27T20:17:17,60,0,1,60
2022-03-27T20:26:00,60,0,0,60
2022-03-27T20:34:35,60,0,0,60
2022-03-27T20:43:10,60,0,0,60
2022-03-27T20:51:45,60,0,0,60
2022-03-27T21:00:28,60,0,0,60
2022-03-27T21:09:03,60,0,0,60
2022-03-27T21:17:38,60,0,0,60
2022-03-27T21:26:13,60,0,1,60
2022-03-27T21:34:48,60,0,1,60
2022-03-27T21:43:32,60,0,1,60
2022-03-27T21:52:06,60,0,1,60
2022-03-27T22:00:41,60,0,1,60
2022-03-27T22:09:16,60,0,1,60
2022-03-27T22:18:01,60,0,1,60
2022-03-27T22:26:36,60,0,1,60
2022-03-27T22:35:11,60,0,1,60
2022-03-27T22:43:46,60,0,1,60
2022-03-27T22:52:30,60,0,1,60
2022-03-27T23:01:05,60,0,1,60
2022-03-27T23:09:40,60,0,1,60
2022-03-27T23:18:15,60,0,1,60
2022-03-27T23:26:58,60,0,1,60
2022-03-27T23:35:33,60,0,1,60
2022-03-27T23:44:08,60,0,1,60
2022-03-27T23:52:43,60,0,1,60
2022-03-28T00:01:30,60,0,1,60
2022-03-28T00:10:06,60,0,1,60
2022-03-28T00:18:43,60,0,1,60
2022-03-28T00:27:18,60,0,1,60
2022-03-28T00:36:04,60,0,1,60
2022-03-28T00:44:39,60,0,1,60
2022-03-28T00:53:14,60,0,1,60
2022-03-28T01:01:49,60,0,1,60
2022-03-28T01:10:24,60,0,1,60
2022-03-28T01:19:09,60,0,1,60
2022-03-28T01:27:44,60,0,1,60
2022-03-28T01:36:19,60,0,1,60
2022-03-28T01:44:54,60,0,1,60
2022-03-28T01:53:29,60,0,1,60
2022-03-28T02:02:05,60,0,1,60
2022-03-28T02:10:57,60,0,1,60
2022-03-28T02:19:32,60,0,1,60
2022-03-28T02:28:07,60,0,1,60
2022-03-28T02:36:42,60,0,1,60
2022-03-28T02:45:17,60,0,1,60
2022-03-28T02:53:52,60,0,1,60
2022-03-28T03:02:26,60,0,1,60
2022-03-28T03:11:01,60,0,1,60
2022-03-28T03:19:36,60,0,1,60
2022-03-28T03:28:11,60,0,1,60
2022-03-28T03:36:46,60,0,1,60
2022-03-28T03:45:21,60,0,1,60
2022-03-28T03:54:04,60,0,1,60
2022-03-28T04:02:39,60,0,1,60
2022-03-28T04:11:14,60,0,1,60
2022-03-28T04:24:45,60,0,1,60
2022-03-28T04:33:21,60,0,1,60
2022-03-28T04:42:18,60,0,1,60
2022-03-28T04:50:54,60,0,1,60
2022-03-28T04:59:29,60,0,1,60
2022-03-28T05:08:05,60,0,1,60
2022-03-28T05:16:41,60,0,1,60
2022-03-28T05:25:16,60,0,1,60
2022-03-28T05:33:51,60,0,1,60
2022-03-28T05:42:32,60,0,1,60
2022-03-28T05:51:08,60,0,1,60
2022-03-28T05:59:43,60,0,1,60
2022-03-28T06:08:18,60,0,1,60
2022-03-28T06:16:53,60,0,1,60
2022-03-28T06:25:36,60,0,1,60
2022-03-28T06:34:11,60,0,1,60
2022-03-28T06:42:46,60,0,1,60
2022-03-28T06:51:20,60,0,1,60
2022-03-28T06:59:55,60,0,1,60
2022-03-28T07:08:30,60,0,1,60
2022-03-28T07:17:05,60,0,1,60
2022-03-28T07:25:40,60,0,1,60
2022-03-28T07:34:15,60,0,1,60
2022-03-28T07:42:59,60,0,2,60
2022-03-28T07:51:34,60,0,2,60
2022-03-28T08:00:09,60,0,2,60
2022-03-28T08:08:45,60,0,2,60
2022-03-28T08:17:21,60,0,2,60
2022-03-28T08:26:05,60,0,2,60
2022-03-28T08:34:41,60,0,2,60
2022-03-28T08:43:16,59,1,2,60
2022-03-28T08:51:52,59,1,2,60
2022-03-28T09:00:36,59,1,3,60
2022-03-28T09:09:11,59,1,3,60
2022-03-28T09:17:47,59,1,3,60
2022-03-28T09:26:31,59,1,3,60
2022-03-28T09:35:08,59,1,3,60
2022-03-28T09:43:53,59,1,3,60
2022-03-28T09:52:29,59,1,3,60
2022-03-28T10:01:15,59,1,3,60
2022-03-28T10:09:51,59,1,3,60
2022-03-28T10:18:37,59,1,3,60
2022-03-28T10:27:14,59,1,3,60
2022-03-28T10:36:02,59,1,3,60
2022-03-28T10:44:38,59,1,3,60
2022-03-28T10:53:23,59,1,3,60
2022-03-28T11:01:59,59,1,3,60
2022-03-28T11:10:35,59,1,3,60
2022-03-28T11:19:19,59,1,3,60
2022-03-28T11:28:05,59,1,3,60
2022-03-28T11:36:41,59,1,3,60
2022-03-28T11:45:17,59,1,3,60
2022-03-28T11:54:01,59,1,3,60
2022-03-28T12:02:36,59,1,3,60
2022-03-28T12:11:20,59,1,3,60
2022-03-28T12:19:56,59,1,3,60
2022-03-28T12:28:31,59,1,3,60
2022-03-28T12:37:17,59,1,3,60
2022-03-28T12:45:53,59,1,3,60
2022-03-28T12:54:33,59,1,4,60
2022-03-28T13:03:09,59,1,4,60
2022-03-28T13:11:55,59,1,4,60
2022-03-28T13:20:30,59,1,4,60
2022-03-28T13:29:06,59,1,4,60
2022-03-28T13:37:50,59,1,4,60
2022-03-28T13:46:26,59,1,4,60
2022-03-28T13:55:02,59,1,4,60
2022-03-28T14:03:49,59,1,4,60
2022-03-28T14:12:24,59,1,4,60
2022-03-28T14:21:09,59,1,4,60
2022-03-28T14:29:44,59,1,4,60
2022-03-28T14:38:19,59,1,4,60
2022-03-28T14:47:04,59,1,4,60
2022-03-28T14:55:39,59,1,4,60
2022-03-28T15:04:15,59,1,4,60
2022-03-28T15:13:00,59,1,4,60
2022-03-28T15:21:35,59,1,4,60
2022-03-28T15:30:22,59,1,4,60
2022-03-28T15:38:57,59,1,4,60
2022-03-28T15:47:32,59,1,4,60
2022-03-28T15:56:20,59,1,4,60
2022-03-28T16:04:55,59,1,4,60
2022-03-28T16:13:30,59,1,4,60
2022-03-28T16:22:17,59,1,4,60
2022-03-28T16:30:53,59,1,4,60
2022-03-28T16:39:28,59,1,4,60
2022-03-28T16:48:12,59,1,4,60
2022-03-28T16:56:47,59,1,4,60
2022-03-28T17:05:23,59,1,4,60
2022-03-28T17:13:58,59,1,4,60
2022-03-28T17:22:43,59,1,4,60
2022-03-28T17:31:18,59,1,4,60
2022-03-28T17:39:53,59,1,4,60
2022-03-28T17:48:39,59,1,4,60
2022-03-28T17:57:14,59,1,4,60
2022-03-28T18:05:49,59,1,4,60
2022-03-28T18:14:24,59,1,4,60
2022-03-28T18:23:08,59,1,4,60
2022-03-28T18:31:43,59,1,4,60
2022-03-28T18:40:18,59,1,4,60
2022-03-28T18:48:53,59,1,4,60
2022-03-28T18:57:28,59,1,4,60
2022-03-28T19:06:14,59,1,4,60
2022-03-28T19:14:49,59,1,4,60
2022-03-28T19:23:24,59,1,4,60
2022-03-28T19:31:59,59,1,4,60
2022-03-28T19:40:45,59,1,4,60
2022-03-28T19:49:20,59,1,4,60
2022-03-28T19:57:55,59,1,4,60
2022-03-28T20:06:31,59,1,4,60
2022-03-28T20:15:06,59,1,4,60
2022-03-28T20:23:50,59,1,4,60
2022-03-28T20:32:25,59,1,4,60
2022-03-28T20:41:00,59,1,4,60
2022-03-28T20:49:35,59,1,4,60
2022-03-28T20:58:10,59,1,4,60
2022-03-28T21:06:53,59,1,4,60
2022-03-28T21:15:28,59,1,4,60
2022-03-28T21:24:03,59,1,4,60
2022-03-28T21:32:38,59,1,4,60
2022-03-28T21:41:22,59,1,4,60
2022-03-28T21:49:57,59,1,4,60
2022-03-28T21:58:32,59,1,4,60
2022-03-28T22:07:07,59,1,4,60
2022-03-28T22:15:51,59,1,4,60
2022-03-28T22:24:26,59,1,4,60
2022-03-28T22:33:01,60,0,3,60
2022-03-28T22:41:36,60,0,3,60
2022-03-28T22:50:11,60,0,3,60
2022-03-28T22:58:57,60,0,3,60
2022-03-28T23:07:32,60,0,3,60
2022-03-28T23:16:07,60,0,3,60
2022-03-28T23:24:42,60,0,3,60
2022-03-28T23:33:27,60,0,3,60
2022-03-28T23:42:02,60,0,3,60
2022-03-28T23:50:37,60,0,3,60
2022-03-28T23:59:12,60,0,3,60
2022-03-29T00:07:47,60,0,3,60
2022-03-29T00:16:36,60,0,3,60
2022-03-29T00:25:11,60,0,3,60
2022-03-29T00:33:46,60,0,3,60
2022-03-29T00:42:21,60,0,3,60
2022-03-29T00:50:56,60,0,3,60
2022-03-29T00:59:42,60,0,3,60
2022-03-29T01:08:18,60,0,3,60
2022-03-29T01:16:53,60,0,3,60
2022-03-29T01:25:28,60,0,3,60
2022-03-29T01:34:04,60,0,3,60
2022-03-29T01:42:39,60,0,3,60
2022-03-29T01:51:14,60,0,3,60
2022-03-29T01:59:49,60,0,3,60
2022-03-29T02:08:24,60,0,3,60
2022-03-29T02:17:07,60,0,3,60
2022-03-29T02:25:42,60,0,3,60
2022-03-29T02:34:17,60,0,3,60
2022-03-29T02:42:52,60,0,3,60
2022-03-29T02:51:26,60,0,3,60
2022-03-29T03:00:01,60,0,3,60
2022-03-29T03:08:36,60,0,3,60
2022-03-29T03:17:10,60,0,3,60
2022-03-29T03:25:45,60,0,3,60
2022-03-29T03:34:20,60,0,3,60
2022-03-29T03:42:55,60,0,3,60
2022-03-29T03:51:30,60,0,3,60
2022-03-29T04:00:05,60,0,3,60
2022-03-29T04:10:47,60,0,3,60
2022-03-29T04:25:56,60,0,3,60
2022-03-29T04:34:38,60,0,3,60
2022-03-29T04:43:14,60,0,3,60
2022-03-29T04:51:49,60,0,3,60
2022-03-29T05:00:25,60,0,3,60
2022-03-29T05:09:01,60,0,3,60
2022-03-29T05:17:36,60,0,3,60
2022-03-29T05:26:11,60,0,3,60
2022-03-29T05:34:47,60,0,3,60
2022-03-29T05:43:22,60,0,3,60
2022-03-29T05:51:58,60,0,3,60
2022-03-29T06:00:33,60,0,3,60
2022-03-29T06:09:08,60,0,3,60
2022-03-29T06:17:43,60,0,3,60
2022-03-29T06:26:18,60,0,3,60
2022-03-29T06:34:54,60,0,3,60
2022-03-29T06:43:29,60,0,3,60
2022-03-29T06:52:04,60,0,3,60
2022-03-29T07:00:39,60,0,3,60
2022-03-29T07:09:14,60,0,3,60
2022-03-29T07:17:49,60,0,3,60
2022-03-29T07:26:32,60,0,3,60
2022-03-29T07:35:08,60,0,3,60
2022-03-29T07:43:43,60,0,3,60
2022-03-29T07:52:19,60,0,3,60
2022-03-29T08:00:54,60,0,3,60
2022-03-29T08:09:29,60,0,3,60
2022-03-29T08:18:04,60,0,3,60
2022-03-29T08:26:47,60,0,3,60
2022-03-29T08:35:22,60,0,3,60
2022-03-29T08:43:58,60,0,3,60
2022-03-29T08:52:35,60,0,3,60
2022-03-29T09:01:11,60,0,3,60
2022-03-29T09:09:56,60,0,3,60
2022-03-29T09:18:32,60,0,3,60
2022-03-29T09:27:08,60,0,3,60
2022-03-29T09:35:44,60,0,3,60
2022-03-29T09:44:28,60,0,3,60
2022-03-29T09:53:04,60,0,3,60
2022-03-29T10:01:40,60,0,3,60
2022-03-29T10:10:25,60,0,3,60
2022-03-29T10:19:00,60,0,3,60
2022-03-29T10:27:36,60,0,3,60
2022-03-29T10:36:11,60,0,3,60
2022-03-29T10:44:57,60,0,3,60
2022-03-29T10:53:33,60,0,3,60
2022-03-29T11:02:18,60,0,3,60
2022-03-29T11:10:53,60,0,3,60
2022-03-29T11:19:29,60,0,3,60
2022-03-29T11:28:15,60,0,3,60
2022-03-29T11:36:50,60,0,3,60
2022-03-29T11:45:26,60,0,3,60
2022-03-29T11:54:10,60,0,3,60
2022-03-29T12:02:46,60,0,3,60
2022-03-29T12:11:22,60,0,3,60
2022-03-29T12:20:06,60,0,3,60
2022-03-29T12:28:41,60,0,3,60
2022-03-29T12:37:16,60,0,3,60
2022-03-29T12:46:02,60,0,3,60
2022-03-29T12:54:37,60,0,3,60
2022-03-29T13:03:22,60,0,3,60
2022-03-29T13:11:57,60,0,3,60
2022-03-29T13:20:33,60,0,3,60
2022-03-29T13:29:20,60,0,3,60
2022-03-29T13:37:55,60,0,3,60
2022-03-29T13:46:44,60,0,3,60
2022-03-29T13:55:30,60,0,3,60
2022-03-29T14:04:05,60,0,3,60
2022-03-29T14:12:41,60,0,3,60
2022-03-29T14:21:26,60,0,3,60
2022-03-29T14:30:02,60,0,3,60
2022-03-29T14:38:37,60,0,3,60
2022-03-29T14:47:24,60,0,3,60
2022-03-29T14:55:59,60,0,3,60
2022-03-29T15:04:35,60,0,3,60
2022-03-29T15:13:19,60,0,3,60
2022-03-29T15:21:55,60,0,3,60
2022-03-29T15:30:30,60,0,3,60
2022-03-29T15:39:06,60,0,3,60
2022-03-29T15:47:41,60,0,3,60
2022-03-29T15:56:28,60,0,3,60
2022-03-29T16:05:03,60,0,3,60
2022-03-29T16:13:38,60,0,3,60
2022-03-29T16:22:37,60,0,3,60
2022-03-29T16:31:12,60,0,3,60
2022-03-29T16:39:47,60,0,3,60
2022-03-29T16:48:22,60,0,3,60
2022-03-29T16:57:07,60,0,3,60
2022-03-29T17:05:43,60,0,3,60
2022-03-29T17:14:18,60,0,3,60
2022-03-29T17:23:04,60,0,3,60
2022-03-29T17:31:39,60,0,3,60
2022-03-29T17:40:14,60,0,3,60
2022-03-29T17:48:49,60,0,3,60
2022-03-29T17:57:34,60,0,3,60
2022-03-29T18:06:09,60,0,3,60
2022-03-29T18:14:44,60,0,3,60
2022-03-29T18:23:19,60,0,3,60
2022-03-29T18:32:06,60,0,3,60
2022-03-29T18:40:41,60,0,3,60
2022-03-29T18:49:16,60,0,3,60
2022-03-29T18:57:51,60,0,3,60
2022-03-29T19:06:37,60,0,3,60
2022-03-29T19:15:11,60,0,3,60
2022-03-29T19:23:46,60,0,3,60
2022-03-29T19:32:21,60,0,3,60
2022-03-29T19:40:56,60,0,3,60
2022-03-29T19:49:39,60,0,3,60
2022-03-29T19:58:14,60,0,3,60
2022-03-29T20:06:49,60,0,3,60
2022-03-29T20:15:24,60,0,4,60
2022-03-29T20:23:59,60,0,4,60
2022-03-29T20:32:44,60,0,4,60
2022-03-29T20:41:19,60,0,4,60
2022-03-29T20:49:54,60,0,4,60
2022-03-29T20:58:29,60,0,4,60
2022-03-29T21:07:04,60,0,4,60
2022-03-29T21:15:39,60,0,4,60
2022-03-29T21:24:22,60,0,4,60
2022-03-29T21:32:56,60,0,4,60
2022-03-29T21:41:31,60,0,4,60
2022-03-29T21:50:06,60,0,4,60
2022-03-29T21:58:41,60,0,4,60
2022-03-29T22:07:16,60,0,4,60
2022-03-29T22:16:02,60,0,4,60
2022-03-29T22:24:37,60,0,4,60
2022-03-29T22:33:12,60,0,4,60
2022-03-29T22:41:47,60,0,4,60
2022-03-29T22:50:22,60,0,4,60
2022-03-29T22:58:57,60,0,4,60
2022-03-29T23:07:43,60,0,4,60
2022-03-29T23:16:18,60,0,4,60
2022-03-29T23:24:53,60,0,4,60
2022-03-29T23:33:28,60,0,4,60
2022-03-29T23:42:02,60,0,4,60
2022-03-29T23:50:37,60,0,4,60
2022-03-29T23:59:12,60,0,4,60
2022-03-30T00:07:56,60,0,4,60
2022-03-30T00:16:32,60,0,4,60
2022-03-30T00:25:07,60,0,4,60
2022-03-30T00:33:42,60,0,4,60
2022-03-30T00:42:17,60,0,4,60
2022-03-30T00:50:53,60,0,4,60
2022-03-30T00:59:28,60,0,4,60
2022-03-30T01:08:16,60,0,4,60
2022-03-30T01:16:51,60,0,4,60
2022-03-30T01:25:26,60,0,4,60
2022-03-30T01:34:01,60,0,4,60
2022-03-30T01:42:36,60,0,4,60
2022-03-30T01:51:10,60,0,4,60
2022-03-30T01:59:46,60,0,4,60
2022-03-30T02:08:21,60,0,4,60
2022-03-30T02:16:56,60,0,4,60
2022-03-30T02:25:31,60,0,4,60
2022-03-30T02:34:06,60,0,4,60
2022-03-30T02:42:40,60,0,4,60
2022-03-30T02:51:15,60,0,4,60
2022-03-30T03:00:00,60,0,4,60
2022-03-30T03:08:35,60,0,4,60
2022-03-30T03:17:09,60,0,4,60
2022-03-30T03:25:44,60,0,4,60
2022-03-30T03:34:19,60,0,4,60
2022-03-30T03:42:55,60,0,4,60
2022-03-30T03:51:30,60,0,4,60
2022-03-30T04:00:05,60,0,4,60
2022-03-30T04:08:40,60,0,4,60
2022-03-30T04:17:16,60,0,4,60
2022-03-30T04:33:46,60,0,4,60
2022-03-30T04:42:22,60,0,4,60
2022-03-30T04:50:58,60,0,4,60
2022-03-30T04:59:33,60,0,4,60
2022-03-30T05:08:08,60,0,4,60
2022-03-30T05:18:18,60,0,4,60
2022-03-30T05:26:53,60,0,4,60
2022-03-30T05:35:29,60,0,4,60
2022-03-30T05:44:04,60,0,4,60
2022-03-30T05:52:40,60,0,4,60
2022-03-30T06:01:15,60,0,4,60
2022-03-30T06:09:51,60,0,4,60
2022-03-30T06:18:26,60,0,4,60
2022-03-30T06:27:01,60,0,4,60
2022-03-30T06:35:36,60,0,4,60
2022-03-30T06:44:12,60,0,4,60
2022-03-30T06:52:47,60,0,4,60
2022-03-30T07:01:22,60,0,4,60
2022-03-30T07:09:58,60,0,4,60
2022-03-30T07:18:33,60,0,4,60
2022-03-30T07:27:09,60,0,4,60
2022-03-30T07:35:43,60,0,4,60
2022-03-30T07:44:18,60,0,4,60
2022-03-30T07:53:00,60,0,4,60
2022-03-30T08:01:35,60,0,4,60
2022-03-30T08:10:10,60,0,4,60
2022-03-30T08:18:45,60,0,4,60
2022-03-30T08:27:20,60,0,4,60
2022-03-30T08:35:55,60,0,4,60
2022-03-30T08:44:30,60,0,4,60
2022-03-30T08:53:06,60,0,4,60
2022-03-30T09:01:41,60,0,4,60
2022-03-30T09:10:17,60,0,4,60
2022-03-30T09:18:52,60,0,4,60
2022-03-30T09:27:41,60,0,4,60
2022-03-30T09:36:16,60,0,4,60
2022-03-30T09:44:52,60,0,4,60
2022-03-30T09:53:27,60,0,4,60
2022-03-30T10:02:03,60,0,4,60
2022-03-30T10:10:50,60,0,4,60
2022-03-30T10:19:25,60,0,4,60
2022-03-30T10:28:01,60,0,5,60
2022-03-30T10:36:36,60,0,5,60
2022-03-30T10:45:23,60,0,5,60
2022-03-30T10:53:58,60,0,5,60
2022-03-30T11:02:34,60,0,5,60
2022-03-30T11:11:23,60,0,5,60
2022-03-30T11:19:58,60,0,5,60
2022-03-30T11:28:34,60,0,5,60
2022-03-30T11:37:09,60,0,5,60
2022-03-30T11:45:44,60,0,5,60
2022-03-30T11:54:31,60,0,5,60
2022-03-30T12:03:06,60,0,5,60
2022-03-30T12:11:41,60,0,5,60
2022-03-30T12:20:28,60,0,5,60
2022-03-30T12:29:03,60,0,5,60
2022-03-30T12:37:38,60,0,5,60
2022-03-30T12:46:13,60,0,5,60
2022-03-30T12:54:57,60,0,5,60
2022-03-30T13:03:32,60,0,5,60
2022-03-30T13:12:07,60,0,5,60
2022-03-30T13:20:42,60,0,5,60
2022-03-30T13:29:27,60,0,5,60
2022-03-30T13:38:02,60,0,5,60
2022-03-30T13:46:39,60,0,5,60
2022-03-30T13:55:14,60,0,5,60
2022-03-30T14:03:59,60,0,5,60
2022-03-30T14:12:35,60,0,5,60
2022-03-30T14:21:10,60,0,5,60
2022-03-30T14:29:45,60,0,5,60
2022-03-30T14:38:31,60,0,5,60
2022-03-30T14:47:06,60,0,5,60
2022-03-30T14:55:42,60,0,5,60
2022-03-30T15:04:17,60,0,5,60
2022-03-30T15:13:03,60,0,5,60
2022-03-30T15:21:38,60,0,6,60
2022-03-30T15:30:13,60,0,6,60
2022-03-30T15:38:49,60,0,6,60
2022-03-30T15:47:35,60,0,6,60
2022-03-30T15:56:10,60,0,6,60
2022-03-30T16:04:45,60,0,6,60
2022-03-30T16:13:20,60,0,6,60
2022-03-30T16:21:55,60,0,6,60
2022-03-30T16:30:38,60,0,6,60
2022-03-30T16:39:13,60,0,6,60
2022-03-30T16:47:48,60,0,6,60
2022-03-30T16:56:23,60,0,6,60
2022-03-30T17:05:08,60,0,6,60
2022-03-30T17:13:43,60,0,6,60
2022-03-30T17:22:18,60,0,6,60
2022-03-30T17:30:53,60,0,6,60
2022-03-30T17:39:39,60,0,6,60
2022-03-30T17:48:14,60,0,6,60
2022-03-30T17:56:49,60,0,6,60
2022-03-30T18:05:24,60,0,6,60
2022-03-30T18:13:59,60,0,6,60
2022-03-30T18:22:44,60,0,6,60
2022-03-30T18:31:19,60,0,6,60
2022-03-30T18:39:54,60,0,6,60
2022-03-30T18:48:28,60,0,6,60
2022-03-30T18:57:03,60,0,6,60
2022-03-30T19:05:49,60,0,6,60
2022-03-30T19:14:24,60,0,6,60
2022-03-30T19:22:58,60,0,6,60
2022-03-30T19:31:33,60,0,6,60
2022-03-30T19:40:08,60,0,6,60
2022-03-30T19:48:48,60,0,6,60
2022-03-30T19:57:23,60,0,6,60
2022-03-30T20:06:08,59,1,6,60
2022-03-30T20:14:42,59,1,6,60
2022-03-30T20:23:17,59,1,6,60
2022-03-30T20:31:52,59,1,6,60
2022-03-30T20:40:27,59,1,6,60
2022-03-30T20:49:13,59,1,6,60
2022-03-30T20:57:47,59,1,6,60
2022-03-30T21:06:22,59,1,6,60
2022-03-30T21:14:57,59,1,6,60
2022-03-30T21:23:32,59,1,6,60
2022-03-30T21:32:07,59,1,6,60
2022-03-30T21:40:54,59,1,6,60
2022-03-30T21:49:29,59,1,6,60
2022-03-30T21:58:04,59,1,6,60
2022-03-30T22:06:38,59,1,6,60
2022-03-30T22:15:13,59,1,6,60
2022-03-30T22:23:48,59,1,6,60
2022-03-30T22:32:23,59,1,6,60
2022-03-30T22:40:58,59,1,6,60
2022-03-30T22:49:47,59,1,6,60
2022-03-30T22:58:22,60,0,5,60
2022-03-30T23:06:57,60,0,5,60
2022-03-30T23:15:32,60,0,5,60
2022-03-30T23:24:07,60,0,5,60
2022-03-30T23:32:42,60,0,5,60
2022-03-30T23:41:17,60,0,5,60
2022-03-30T23:50:04,60,0,5,60
2022-03-30T23:58:38,60,0,5,60
2022-03-31T00:07:13,60,0,5,60
2022-03-31T00:15:48,60,0,5,60
2022-03-31T00:24:24,60,0,5,60
2022-03-31T00:32:59,60,0,5,60
2022-03-31T00:41:34,60,0,5,60
2022-03-31T00:50:23,60,0,5,60
2022-03-31T00:58:59,60,0,5,60
2022-03-31T01:07:34,60,0,5,60
2022-03-31T01:16:09,60,0,5,60
2022-03-31T01:24:44,60,0,5,60
2022-03-31T01:33:19,60,0,5,60
2022-03-31T01:41:54,60,0,5,60
2022-03-31T01:50:29,60,0,5,60
2022-03-31T01:59:04,60,0,5,60
2022-03-31T02:07:39,60,0,5,60
2022-03-31T02:16:14,60,0,5,60
2022-03-31T02:24:49,60,0,5,60
2022-03-31T02:33:24,60,0,5,60
2022-03-31T02:41:58,60,0,5,60
2022-03-31T02:50:45,60,0,5,60
2022-03-31T02:59:20,60,0,5,60
2022-03-31T03:07:55,60,0,5,60
2022-03-31T03:16:30,60,0,5,60
2022-03-31T03:25:06,60,0,5,60
2022-03-31T03:33:41,60,0,5,60
2022-03-31T03:42:16,60,0,5,60
2022-03-31T03:50:51,60,0,5,60
2022-03-31T03:59:26,60,0,5,60
2022-03-31T04:08:02,60,0,5,60
2022-03-31T04:16:37,60,0,5,60
2022-03-31T04:32:00,60,0,5,60
2022-03-31T04:40:47,60,0,5,60
2022-03-31T04:49:23,60,0,5,60
2022-03-31T04:57:59,60,0,5,60
2022-03-31T05:06:35,60,0,5,60
2022-03-31T05:15:11,60,0,5,60
2022-03-31T05:23:47,60,0,5,60
2022-03-31T05:32:22,60,0,5,60
2022-03-31T05:40:58,60,0,5,60
2022-03-31T05:49:34,60,0,5,60
2022-03-31T05:58:09,60,0,5,60
2022-03-31T06:06:45,60,0,5,60
2022-03-31T06:15:21,60,0,5,60
2022-03-31T06:23:56,60,0,5,60
2022-03-31T06:32:32,60,0,5,60
2022-03-31T06:41:07,60,0,5,60
2022-03-31T06:49:42,60,0,5,60
2022-03-31T06:58:17,60,0,5,60
2022-03-31T07:06:52,60,0,5,60
2022-03-31T07:15:27,60,0,5,60
2022-03-31T07:24:02,60,0,5,60
2022-03-31T07:32:37,60,0,5,60
2022-03-31T07:41:12,60,0,5,60
2022-03-31T07:49:47,60,0,5,60
2022-03-31T07:58:29,60,0,5,60
2022-03-31T08:07:04,60,0,5,60
2022-03-31T08:15:39,60,0,5,60
2022-03-31T08:24:14,60,0,5,60
2022-03-31T08:32:49,60,0,5,60
2022-03-31T08:41:24,60,0,5,60
2022-03-31T08:49:59,60,0,5,60
2022-03-31T08:58:34,60,0,5,60
2022-03-31T09:07:17,60,0,5,60
2022-03-31T09:15:52,60,0,5,60
2022-03-31T09:24:27,60,0,5,60
2022-03-31T09:33:02,60,0,5,60
2022-03-31T09:41:38,60,0,5,60
2022-03-31T09:50:13,60,0,5,60
2022-03-31T09:59:00,60,0,5,60
2022-03-31T10:07:35,60,0,5,60
2022-03-31T10:16:10,60,0,5,60
2022-03-31T10:24:46,60,0,5,60
2022-03-31T10:33:21,60,0,5,60
2022-03-31T10:42:05,60,0,5,60
2022-03-31T10:50:41,60,0,5,60
2022-03-31T10:59:17,60,0,5,60
2022-03-31T11:07:54,60,0,5,60
2022-03-31T11:16:31,60,0,5,60
2022-03-31T11:25:08,60,0,5,60
2022-03-31T11:33:55,60,0,5,60
2022-03-31T11:42:33,60,0,5,60
2022-03-31T11:51:10,60,0,5,60
2022-03-31T11:59:47,60,0,5,60
2022-03-31T12:08:24,60,0,5,60
2022-03-31T12:17:10,60,0,5,60
2022-03-31T12:25:46,60,0,5,60
2022-03-31T12:34:22,60,0,5,60
2022-03-31T12:42:59,60,0,5,60
2022-03-31T12:51:35,60,0,5,60
2022-03-31T13:00:21,60,0,5,60
2022-03-31T13:08:57,60,0,5,60
2022-03-31T13:17:33,60,0,5,60
2022-03-31T13:26:09,60,0,5,60
2022-03-31T13:34:45,60,0,5,60
2022-03-31T13:43:30,60,0,5,60
2022-03-31T13:52:06,60,0,5,60
2022-03-31T14:00:41,60,0,5,60
2022-03-31T14:09:17,60,0,5,60
2022-03-31T14:17:53,60,0,5,60
2022-03-31T14:26:38,60,0,5,60
2022-03-31T14:35:13,60,0,5,60
2022-03-31T14:43:48,60,0,5,60
2022-03-31T14:52:23,60,0,5,60
2022-03-31T15:00:59,60,0,5,60
2022-03-31T15:09:44,60,0,5,60
2022-03-31T15:18:19,60,0,5,60
2022-03-31T15:26:55,60,0,5,60
2022-03-31T15:35:30,60,0,5,60
2022-03-31T15:44:06,60,0,5,60
2022-03-31T15:52:41,60,0,5,60
2022-03-31T16:01:28,60,0,5,60
2022-03-31T16:10:03,60,0,5,60
2022-03-31T16:18:38,60,0,5,60
2022-03-31T16:27:13,60,0,5,60
2022-03-31T16:35:48,60,0,5,60
2022-03-31T16:44:34,60,0,5,60
2022-03-31T16:53:09,60,0,5,60
2022-03-31T17:01:44,60,0,5,60
2022-03-31T17:10:19,60,0,5,60
2022-03-31T17:18:54,60,0,5,60
2022-03-31T17:27:38,60,0,5,60
2022-03-31T17:36:12,60,0,5,60
2022-03-31T17:44:47,60,0,5,60
2022-03-31T17:53:22,60,0,5,60
2022-03-31T18:01:57,60,0,5,60
2022-03-31T18:10:41,60,0,5,60
2022-03-31T18:19:16,60,0,5,60
2022-03-31T18:27:51,60,0,5,60
2022-03-31T18:36:26,60,0,5,60
2022-03-31T18:45:01,60,0,5,60
2022-03-31T18:53:35,60,0,5,60
2022-03-31T19:02:10,60,0,5,60
2022-03-31T19:10:45,60,0,5,60
2022-03-31T19:19:30,60,0,5,60
2022-03-31T19:28:05,60,0,5,60
2022-03-31T19:36:40,60,0,5,60
2022-03-31T19:45:15,60,0,5,60
2022-03-31T19:53:50,60,0,5,60
2022-03-31T20:02:25,60,0,5,60
2022-03-31T20:11:09,60,0,5,60
2022-03-31T20:19:44,60,0,5,60
2022-03-31T20:28:19,60,0,5,60
2022-03-31T20:36:53,60,0,5,60
2022-03-31T20:45:28,60,0,5,60
2022-03-31T20:54:03,60,0,5,60
2022-03-31T21:02:38,60,0,5,60
2022-03-31T21:11:12,60,0,5,60
2022-03-31T21:19:56,60,0,5,60
2022-03-31T21:28:31,60,0,5,60
2022-03-31T21:37:06,60,0,5,60
2022-03-31T21:45:41,60,0,5,60
2022-03-31T21:54:16,60,0,5,60
2022-03-31T22:02:50,60,0,5,60
2022-03-31T22:11:25,60,0,5,60
2022-03-31T22:20:00,60,0,5,60
2022-03-31T22:28:35,60,0,5,60
2022-03-31T22:37:20,60,0,5,60
2022-03-31T22:45:55,60,0,5,60
2022-03-31T22:54:29,60,0,5,60
2022-03-31T23:03:04,60,0,5,60
2022-03-31T23:11:39,60,0,5,60
2022-03-31T23:20:14,60,0,5,60
2022-03-31T23:28:49,60,0,5,60
2022-03-31T23:37:24,60,0,5,60
2022-03-31T23:45:59,60,0,5,60
2022-03-31T23:54:44,60,0,5,60
2022-04-01T00:03:19,60,0,5,60
2022-04-01T00:11:54,60,0,5,60
2022-04-01T00:20:30,60,0,5,60
2022-04-01T00:29:04,60,0,5,60
2022-04-01T00:37:39,60,0,5,60
2022-04-01T00:46:15,60,0,5,60
2022-04-01T00:54:50,60,0,5,60
2022-04-01T01:03:25,60,0,5,60
2022-04-01T01:12:00,60,0,5,60
2022-04-01T01:20:44,60,0,5,60
2022-04-01T01:29:19,60,0,5,60
2022-04-01T01:37:54,60,0,5,60
2022-04-01T01:46:29,60,0,5,60
2022-04-01T01:55:04,60,0,5,60
2022-04-01T02:03:38,60,0,5,60
2022-04-01T02:12:13,60,0,5,60
2022-04-01T02:20:48,60,0,5,60
2022-04-01T02:29:23,60,0,5,60
2022-04-01T02:37:57,60,0,5,60
2022-04-01T02:46:32,60,0,5,60
2022-04-01T02:55:08,60,0,5,60
2022-04-01T03:03:43,60,0,5,60
2022-04-01T03:12:18,60,0,5,60
2022-04-01T03:20:53,60,0,5,60
2022-04-01T03:29:28,60,0,5,60
2022-04-01T03:38:03,60,0,5,60
2022-04-01T03:46:38,60,0,5,60
2022-04-01T03:55:13,60,0,5,60
2022-04-01T04:03:48,60,0,5,60
2022-04-01T04:12:23,60,0,5,60
2022-04-01T17:50:16,60,0,4,60
2022-04-01T17:58:54,60,0,4,60
2022-04-01T18:07:32,60,0,4,60
2022-04-01T18:16:10,60,0,4,60
2022-04-01T18:24:58,60,0,4,60
2022-04-01T18:33:36,60,0,4,60
2022-04-01T18:42:14,60,0,4,60
2022-04-01T18:50:52,60,0,4,60
2022-04-01T18:59:29,60,0,4,60
2022-04-01T19:08:07,60,0,4,60
2022-04-01T19:16:45,60,0,4,60
2022-04-01T19:25:23,60,0,4,60
2022-04-01T19:34:19,60,0,4,60
2022-04-01T19:42:57,60,0,4,60
2022-04-01T19:51:35,60,0,4,60
2022-04-01T20:00:12,60,0,4,60
2022-04-01T20:08:50,60,0,4,60
2022-04-01T20:17:28,60,0,4,60
2022-04-01T20:26:05,60,0,4,60
2022-04-01T20:34:43,60,0,4,60
2022-04-01T20:43:21,60,0,4,60
2022-04-01T20:51:58,60,0,4,60
2022-04-01T21:00:45,60,0,4,60
2022-04-01T21:09:23,60,0,4,60
2022-04-01T21:18:01,60,0,4,60
2022-04-01T21:26:38,60,0,4,60
2022-04-01T21:35:16,60,0,4,60
2022-04-01T21:43:54,60,0,4,60
2022-04-01T21:52:32,60,0,4,60
2022-04-01T22:01:09,60,0,4,60
2022-04-01T22:09:47,60,0,4,60
2022-04-01T22:18:25,60,0,4,60
2022-04-01T22:27:03,60,0,4,60
2022-04-01T22:35:41,60,0,4,60
2022-04-01T22:44:18,60,0,4,60
2022-04-01T22:52:56,60,0,4,60
2022-04-01T23:01:55,60,0,4,60
2022-04-01T23:10:33,60,0,4,60
2022-04-01T23:19:11,60,0,4,60
2022-04-01T23:27:49,60,0,4,60
2022-04-01T23:36:27,60,0,4,60
2022-04-01T23:45:05,60,0,4,60
2022-04-01T23:53:42,60,0,4,60
2022-04-02T00:02:20,60,0,4,60
2022-04-02T00:10:58,60,0,4,60
2022-04-02T00:19:36,60,0,4,60
2022-04-02T00:28:15,60,0,4,60
2022-04-02T00:36:53,60,0,4,60
2022-04-02T00:45:31,60,0,4,60
2022-04-02T00:54:29,60,0,4,60
2022-04-02T01:03:08,60,0,4,60
2022-04-02T01:11:46,60,0,4,60
2022-04-02T01:20:24,60,0,4,60
2022-04-02T01:29:03,60,0,4,60
2022-04-02T01:37:41,60,0,4,60
2022-04-02T01:46:19,60,0,4,60
2022-04-02T01:54:57,60,0,4,60
2022-04-02T02:03:36,60,0,4,60
2022-04-02T02:12:14,60,0,4,60
2022-04-02T02:20:51,60,0,4,60
2022-04-02T02:29:29,60,0,4,60
2022-04-02T02:38:07,60,0,4,60
2022-04-02T02:46:44,60,0,4,60
2022-04-02T02:55:22,60,0,4,60
2022-04-02T03:04:00,60,0,4,60
2022-04-02T03:12:39,60,0,4,60
2022-04-02T03:21:38,60,0,4,60
2022-04-02T03:30:17,60,0,4,60
2022-04-02T03:38:55,60,0,4,60
2022-04-02T03:47:34,60,0,4,60
2022-04-02T03:56:12,60,0,4,60
2022-04-02T04:04:51,60,0,4,60
2022-04-02T04:14:07,60,0,4,60
2022-04-02T04:25:17,60,0,4,60
2022-04-02T04:34:18,60,0,4,60
2022-04-02T04:42:57,60,0,4,60
2022-04-02T04:51:35,60,0,4,60
2022-04-02T05:00:14,60,0,4,60
2022-04-02T05:08:53,60,0,4,60
2022-04-02T05:17:32,60,0,4,60
2022-04-02T05:26:11,60,0,4,60
2022-04-02T05:34:49,60,0,4,60
2022-04-02T05:43:28,60,0,4,60
2022-04-02T05:52:07,60,0,4,60
2022-04-02T06:00:45,60,0,4,60
2022-04-02T06:09:24,60,0,4,60
2022-04-02T06:18:02,60,0,4,60
2022-04-02T06:26:40,60,0,4,60
2022-04-02T06:35:21,60,0,4,60
2022-04-02T06:43:59,60,0,4,60
2022-04-02T06:52:38,60,0,4,60
2022-04-02T07:01:16,60,0,4,60
2022-04-02T07:09:54,60,0,4,60
2022-04-02T07:18:33,60,0,4,60
2022-04-02T07:27:11,60,0,4,60
2022-04-02T07:35:49,60,0,4,60
2022-04-02T07:44:27,60,0,4,60
2022-04-02T07:53:05,60,0,4,60
2022-04-02T08:01:43,60,0,4,60
2022-04-02T08:10:32,60,0,4,60
2022-04-02T08:19:10,60,0,4,60
2022-04-02T08:27:48,60,0,4,60
2022-04-02T08:36:26,60,0,4,60
2022-04-02T08:45:05,60,0,4,60
2022-04-02T08:53:43,60,0,4,60
2022-04-02T09:02:21,60,0,4,60
2022-04-02T09:10:59,60,0,4,60
2022-04-02T09:19:38,60,0,4,60
2022-04-02T09:28:27,60,0,4,60
2022-04-02T09:37:05,60,0,4,60
2022-04-02T09:45:43,60,0,4,60
2022-04-02T09:54:21,60,0,4,60
2022-04-02T10:02:59,60,0,4,60
2022-04-02T10:11:37,60,0,4,60
2022-04-02T10:20:15,60,0,4,60
2022-04-02T10:28:53,60,0,4,60
2022-04-02T10:37:30,60,0,4,60
2022-04-02T10:46:08,60,0,4,60
2022-04-02T10:54:46,60,0,4,60
2022-04-02T11:03:24,60,0,4,60
2022-04-02T11:12:02,60,0,4,60
2022-04-02T11:20:40,60,0,4,60
2022-04-02T11:29:18,60,0,4,60
2022-04-02T11:37:56,60,0,4,60
2022-04-02T11:46:34,60,0,4,60
2022-04-02T11:55:21,60,0,4,60
2022-04-02T12:03:59,60,0,4,60
2022-04-02T12:12:37,60,0,4,60
2022-04-02T12:21:14,60,0,4,60
2022-04-02T12:29:53,60,0,4,60
2022-04-02T12:38:31,60,0,4,60
2022-04-02T12:47:08,60,0,4,60
2022-04-02T12:55:46,60,0,4,60
2022-04-02T13:04:33,60,0,4,60
2022-04-02T13:13:11,60,0,4,60
2022-04-02T13:21:49,60,0,4,60
2022-04-02T13:30:27,60,0,4,60
2022-04-02T13:39:05,60,0,4,60
2022-04-02T13:47:43,60,0,4,60
2022-04-02T13:56:20,60,0,4,60
2022-04-02T14:04:58,60,0,4,60
2022-04-02T14:13:36,60,0,4,60
2022-04-02T14:22:14,60,0,4,60
2022-04-02T14:31:01,60,0,4,60
2022-04-02T14:39:39,60,0,4,60
2022-04-02T14:48:17,60,0,4,60
2022-04-02T14:56:55,60,0,4,60
2022-04-02T15:05:32,60,0,4,60
2022-04-02T15:14:10,60,0,4,60
2022-04-02T15:22:49,60,0,4,60
2022-04-02T15:31:27,60,0,4,60
2022-04-02T15:40:04,60,0,4,60
2022-04-02T15:48:42,60,0,4,60
2022-04-02T15:57:31,60,0,4,60
2022-04-02T16:06:09,60,0,4,60
2022-04-02T16:14:46,60,0,4,60
2022-04-02T16:23:24,60,0,4,60
2022-04-02T16:32:02,60,0,4,60
2022-04-02T16:40:40,60,0,4,60
2022-04-02T16:49:18,60,0,4,60
2022-04-02T16:57:55,60,0,4,60
2022-04-02T17:06:34,60,0,4,60
2022-04-02T17:15:21,60,0,4,60
2022-04-02T17:23:59,60,0,4,60
2022-04-02T17:32:37,60,0,4,60
2022-04-02T17:41:15,60,0,4,60
2022-04-02T17:49:53,60,0,4,60
2022-04-02T17:58:30,60,0,4,60
2022-04-02T18:07:08,60,0,4,60
2022-04-02T18:15:46,60,0,4,60
2022-04-02T18:24:24,60,0,4,60
2022-04-02T18:33:02,60,0,4,60
2022-04-02T18:41:47,60,0,4,60
2022-04-02T18:50:24,60,0,4,60
2022-04-02T18:59:02,60,0,4,60
2022-04-02T19:07:40,60,0,4,60
2022-04-02T19:16:18,60,0,4,60
2022-04-02T19:24:56,60,0,4,60
2022-04-02T19:33:33,60,0,4,60
2022-04-02T19:42:11,60,0,4,60
2022-04-02T19:50:49,60,0,4,60
2022-04-02T19:59:27,60,0,4,60
2022-04-02T20:08:14,60,0,4,60
2022-04-02T20:16:52,60,0,4,60
2022-04-02T20:25:30,60,0,4,60
2022-04-02T20:34:08,60,0,4,60
2022-04-02T20:42:46,60,0,4,60
2022-04-02T20:51:24,60,0,4,60
2022-04-02T21:00:01,60,0,4,60
2022-04-02T21:08:48,60,0,4,60
2022-04-02T21:17:26,60,0,4,60
2022-04-02T21:26:04,60,0,4,60
2022-04-02T21:34:42,60,0,4,60
2022-04-02T21:43:20,60,0,4,60
2022-04-02T21:51:58,60,0,4,60
2022-04-02T22:00:35,60,0,4,60
2022-04-02T22:09:13,60,0,4,60
2022-04-02T22:17:51,60,0,4,60
2022-04-02T22:26:29,60,0,4,60
2022-04-02T22:35:07,60,0,4,60
2022-04-02T22:43:53,60,0,4,60
2022-04-02T22:52:30,60,0,4,60
2022-04-02T23:01:08,60,0,4,60
2022-04-02T23:09:46,60,0,4,60
2022-04-02T23:18:24,60,0,4,60
2022-04-02T23:27:02,60,0,4,60
2022-04-02T23:35:40,60,0,4,60
2022-04-02T23:44:18,60,0,4,60
2022-04-02T23:52:56,60,0,4,60
2022-04-03T00:01:33,60,0,4,60
2022-04-03T00:10:11,60,0,4,60
2022-04-03T00:18:50,60,0,4,60
2022-04-03T00:27:28,60,0,4,60
2022-04-03T00:36:06,60,0,4,60
2022-04-03T00:44:44,60,0,4,60
2022-04-03T00:53:23,60,0,4,60
2022-04-03T01:02:01,60,0,4,60
2022-04-03T01:10:47,60,0,4,60
2022-04-03T01:19:25,60,0,4,60
2022-04-03T01:28:03,60,0,4,60
2022-04-03T01:36:41,60,0,4,60
2022-04-03T01:45:19,60,0,4,60
2022-04-03T01:53:58,60,0,4,60
2022-04-03T02:02:39,60,0,4,60
2022-04-03T02:11:18,60,0,4,60
2022-04-03T02:19:56,60,0,4,60
2022-04-03T02:28:34,60,0,4,60
2022-04-03T02:37:12,60,0,4,60
2022-04-03T02:45:50,60,0,4,60
2022-04-03T02:54:28,60,0,4,60
2022-04-03T03:03:06,60,0,4,60
2022-04-03T03:11:44,60,0,4,60
2022-04-03T03:20:22,60,0,4,60
2022-04-03T03:29:00,60,0,4,60
2022-04-03T03:37:38,60,0,4,60
2022-04-03T03:46:16,60,0,4,60
2022-04-03T03:54:54,60,0,4,60
2022-04-03T04:03:33,60,0,4,60
2022-04-03T04:13:54,60,0,4,60
2022-04-03T04:34:31,60,0,4,60
2022-04-03T04:43:10,60,0,4,60
2022-04-03T04:51:49,60,0,4,60
2022-04-03T05:00:28,60,0,4,60
2022-04-03T05:09:07,60,0,4,60
2022-04-03T05:17:46,60,0,4,60
2022-04-03T05:26:25,60,0,4,60
2022-04-03T05:35:03,60,0,4,60
2022-04-03T05:43:41,60,0,4,60
2022-04-03T05:52:20,60,0,4,60
2022-04-03T06:00:58,60,0,4,60
2022-04-03T06:09:36,60,0,4,60
2022-04-03T06:18:15,60,0,4,60
2022-04-03T06:26:53,60,0,4,60
2022-04-03T06:35:31,60,0,4,60
2022-04-03T06:44:09,60,0,4,60
2022-04-03T06:52:50,60,0,4,60
2022-04-03T07:01:28,60,0,4,60
2022-04-03T07:10:05,60,0,4,60
2022-04-03T07:18:43,60,0,4,60
2022-04-03T07:27:21,60,0,4,60
2022-04-03T07:35:59,60,0,4,60
2022-04-03T07:44:37,60,0,4,60
2022-04-03T07:53:14,60,0,4,60
2022-04-03T08:01:52,60,0,4,60
2022-04-03T08:10:30,60,0,4,60
2022-04-03T08:19:09,60,0,4,60
2022-04-03T08:27:48,60,0,4,60
2022-04-03T08:36:26,60,0,4,60
2022-04-03T08:45:07,60,0,4,60
2022-04-03T08:53:53,60,0,4,60
2022-04-03T09:02:31,60,0,4,60
2022-04-03T09:11:09,60,0,4,60
2022-04-03T09:19:47,60,0,4,60
2022-04-03T09:28:25,60,0,4,60
2022-04-03T09:37:03,60,0,4,60
2022-04-03T09:45:42,60,0,4,60
2022-04-03T09:54:20,60,0,4,60
2022-04-03T10:02:58,60,0,4,60
2022-04-03T10:11:36,60,0,4,60
2022-04-03T10:20:14,60,0,4,60
2022-04-03T10:28:53,60,0,4,60
2022-04-03T10:37:32,60,0,4,60
2022-04-03T10:46:10,60,0,4,60
2022-04-03T10:54:49,60,0,4,60
2022-04-03T11:03:36,60,0,4,60
2022-04-03T11:12:15,60,0,4,60
2022-04-03T11:20:53,60,0,4,60
2022-04-03T11:29:32,60,0,4,60
2022-04-03T11:38:10,60,0,4,60
2022-04-03T11:46:49,60,0,4,60
2022-04-03T11:55:27,60,0,4,60
2022-04-03T12:04:05,60,0,4,60
2022-04-03T12:12:43,60,0,4,60
2022-04-03T12:21:21,60,0,4,60
2022-04-03T12:29:59,60,0,4,60
2022-04-03T12:38:45,60,0,4,60
2022-04-03T12:47:23,60,0,4,60
2022-04-03T12:56:00,60,0,4,60
2022-04-03T13:04:38,60,0,4,60
2022-04-03T13:13:16,60,0,4,60
2022-04-03T13:21:54,60,0,4,60
2022-04-03T13:30:32,60,0,4,60
2022-04-03T13:39:09,60,0,4,60
2022-04-03T13:47:47,60,0,4,60
2022-04-03T13:56:25,60,0,4,60
2022-04-03T14:05:03,60,0,4,60
2022-04-03T14:13:41,60,0,4,60
2022-04-03T14:22:19,60,0,4,60
2022-04-03T14:31:07,60,0,4,60
2022-04-03T14:39:45,60,0,4,60
2022-04-03T14:48:23,60,0,4,60
2022-04-03T14:57:01,60,0,4,60
2022-04-03T15:05:38,60,0,4,60
2022-04-03T15:14:16,60,0,4,60
2022-04-03T15:22:54,60,0,4,60
2022-04-03T15:31:32,60,0,4,60
2022-04-03T15:40:17,60,0,4,60
2022-04-03T15:48:55,60,0,4,60
2022-04-03T15:57:32,60,0,4,60
2022-04-03T16:06:10,60,0,4,60
2022-04-03T16:14:49,60,0,4,60
2022-04-03T16:23:26,60,0,4,60
2022-04-03T16:32:05,60,0,4,60
2022-04-03T16:40:42,60,0,4,60
2022-04-03T16:49:20,60,0,4,60
2022-04-03T16:57:58,60,0,4,60
2022-04-03T17:06:45,60,0,4,60
2022-04-03T17:15:23,60,0,4,60
2022-04-03T17:24:01,60,0,4,60
2022-04-03T17:32:39,60,0,4,60
2022-04-03T17:41:17,60,0,4,60
2022-04-03T17:49:55,60,0,4,60
2022-04-03T17:58:33,60,0,4,60
2022-04-03T18:07:10,60,0,4,60
2022-04-03T18:15:48,60,0,4,60
2022-04-03T18:24:26,60,0,4,60
2022-04-03T18:33:04,60,0,4,60
2022-04-03T18:41:49,60,0,4,60
2022-04-03T18:50:27,60,0,4,60
2022-04-03T18:59:05,60,0,4,60
2022-04-03T19:07:43,60,0,4,60
2022-04-03T19:16:21,60,0,4,60
2022-04-03T19:24:59,60,0,4,60
2022-04-03T19:33:36,60,0,4,60
2022-04-03T19:42:14,60,0,4,60
2022-04-03T19:50:52,60,0,4,60
2022-04-03T19:59:30,60,0,4,60
2022-04-03T20:08:17,60,0,4,60
2022-04-03T20:16:55,60,0,4,60
2022-04-03T20:25:32,60,0,4,60
2022-04-03T20:34:10,60,0,4,60
2022-04-03T20:42:48,60,0,4,60
2022-04-03T20:51:26,60,0,4,60
2022-04-03T21:00:03,60,0,4,60
2022-04-03T21:08:41,60,0,4,60
2022-04-03T21:17:19,60,0,4,60
2022-04-03T21:25:57,60,0,4,60
2022-04-03T21:34:35,60,0,4,60
2022-04-03T21:43:23,60,0,4,60
2022-04-03T21:52:01,60,0,3,60
2022-04-03T22:00:39,60,0,3,60
2022-04-03T22:09:17,60,0,4,60
2022-04-03T22:17:55,60,0,4,60
2022-04-03T22:26:33,60,0,4,60
2022-04-03T22:35:11,60,0,4,60
2022-04-03T22:43:49,60,0,4,60
2022-04-03T22:52:35,60,0,4,60
2022-04-03T23:01:13,60,0,4,60
2022-04-03T23:09:51,60,0,4,60
2022-04-03T23:18:29,60,0,4,60
2022-04-03T23:27:07,60,0,4,60
2022-04-03T23:35:45,60,0,4,60
2022-04-03T23:44:23,60,0,4,60
2022-04-03T23:53:01,60,0,4,60
2022-04-04T00:01:38,60,0,4,60
2022-04-04T00:10:24,60,0,4,60
2022-04-04T00:19:03,60,0,4,60
2022-04-04T00:27:41,60,0,4,60
2022-04-04T00:36:19,60,0,4,60
2022-04-04T00:44:57,60,0,4,60
2022-04-04T00:53:35,60,0,4,60
2022-04-04T01:02:13,60,0,4,60
2022-04-04T01:10:51,60,0,4,60
2022-04-04T01:19:30,60,0,4,60
2022-04-04T01:28:08,60,0,4,60
2022-04-04T01:36:47,60,0,4,60
2022-04-04T01:45:25,60,0,4,60
2022-04-04T01:54:12,60,0,4,60
2022-04-04T02:02:50,60,0,4,60
2022-04-04T02:11:28,60,0,4,60
2022-04-04T02:20:07,60,0,4,60
2022-04-04T02:28:45,60,0,4,60
2022-04-04T02:37:23,60,0,4,60
2022-04-04T02:46:01,60,0,4,60
2022-04-04T02:54:40,60,0,4,60
2022-04-04T03:03:17,60,0,4,60
2022-04-04T03:11:55,60,0,4,60
2022-04-04T03:20:33,60,0,4,60
2022-04-04T03:29:11,60,0,4,60
2022-04-04T03:37:49,60,0,4,60
2022-04-04T03:46:38,60,0,4,60
2022-04-04T03:55:17,60,0,4,60
2022-04-04T04:03:55,60,0,4,60
2022-04-04T04:30:44,60,0,4,60
2022-04-04T04:39:23,60,0,4,60
2022-04-04T04:48:03,60,0,4,60
2022-04-04T04:56:41,60,0,4,60
2022-04-04T05:05:21,60,0,4,60
2022-04-04T05:14:00,60,0,4,60
2022-04-04T05:22:39,60,0,4,60
2022-04-04T05:31:17,60,0,4,60
2022-04-04T05:39:56,60,0,4,60
2022-04-04T05:48:34,60,0,4,60
2022-04-04T05:57:12,60,0,4,60
2022-04-04T06:05:51,60,0,4,60
2022-04-04T06:14:29,60,0,4,60
2022-04-04T06:23:08,60,0,4,60
2022-04-04T06:31:46,60,0,4,60
2022-04-04T06:40:26,60,0,4,60
2022-04-04T06:49:04,60,0,4,60
2022-04-04T06:57:42,60,0,4,60
2022-04-04T07:06:19,60,0,4,60
2022-04-04T07:14:57,60,0,4,60
2022-04-04T07:23:35,60,0,4,60
2022-04-04T07:32:13,60,0,4,60
2022-04-04T07:40:51,60,0,4,60
2022-04-04T07:49:39,60,0,4,60
2022-04-04T07:58:17,60,0,4,60
2022-04-04T08:06:55,60,0,4,60
2022-04-04T08:15:33,60,0,4,60
2022-04-04T08:24:11,60,0,4,60
2022-04-04T08:32:49,60,0,4,60
2022-04-04T08:41:27,60,0,4,60
2022-04-04T08:50:05,60,0,4,60
2022-04-04T08:58:43,60,0,4,60
2022-04-04T09:07:21,60,0,4,60
2022-04-04T09:16:09,60,0,4,60
2022-04-04T09:24:48,60,0,4,60
2022-04-04T09:33:26,60,0,4,60
2022-04-04T09:42:04,60,0,4,60
2022-04-04T09:50:42,60,0,4,60
2022-04-04T09:59:20,60,0,4,60
2022-04-04T10:07:58,60,0,4,60
2022-04-04T10:16:49,60,0,4,60
2022-04-04T10:25:27,60,0,4,60
2022-04-04T10:34:05,60,0,4,60
2022-04-04T10:42:43,60,0,4,60
2022-04-04T10:51:21,60,0,4,60
2022-04-04T11:00:10,60,0,4,60
2022-04-04T11:08:48,60,0,4,60
2022-04-04T11:17:28,60,0,4,60
2022-04-04T11:26:06,60,0,4,60
2022-04-04T11:34:47,60,0,4,60
2022-04-04T11:43:25,60,0,4,60
2022-04-04T11:52:13,60,0,4,60
2022-04-04T12:00:52,60,0,4,60
2022-04-04T12:09:30,60,0,4,60
2022-04-04T12:18:08,60,0,4,60
2022-04-04T12:26:46,60,0,4,60
2022-04-04T12:35:34,60,0,4,60
2022-04-04T12:44:12,60,0,4,60
2022-04-04T12:52:50,60,0,4,60
2022-04-04T13:01:28,60,0,4,60
2022-04-04T13:10:06,60,0,4,60
2022-04-04T13:18:45,60,0,4,60
2022-04-04T13:27:30,60,0,4,60
2022-04-04T13:36:08,60,0,4,60
2022-04-04T13:44:47,60,0,4,60
2022-04-04T13:53:25,60,0,4,60
2022-04-04T14:02:03,60,0,4,60
2022-04-04T14:10:52,60,0,4,60
2022-04-04T14:19:31,60,0,4,60
2022-04-04T14:28:09,60,0,4,60
2022-04-04T14:36:47,60,0,4,60
2022-04-04T14:45:25,60,0,4,60
2022-04-04T14:54:15,60,0,4,60
2022-04-04T15:02:54,60,0,4,60
2022-04-04T15:11:32,60,0,4,60
2022-04-04T15:20:10,60,0,3,60
2022-04-04T15:28:48,60,0,3,60
2022-04-04T15:37:37,60,0,3,60
2022-04-04T15:46:15,60,0,3,60
2022-04-04T15:54:53,60,0,3,60
2022-04-04T16:03:31,60,0,3,60
2022-04-04T16:12:09,60,0,3,60
2022-04-04T16:20:56,60,0,3,60
2022-04-04T16:29:34,60,0,3,60
2022-04-04T16:38:12,60,0,3,60
2022-04-04T16:46:50,60,0,3,60
2022-04-04T16:55:28,60,0,3,60
2022-04-04T17:04:16,60,0,3,60
2022-04-04T17:12:54,60,0,3,60
2022-04-04T17:21:32,60,0,3,60
2022-04-04T17:30:10,60,0,3,60
2022-04-04T17:38:48,60,0,3,60
2022-04-04T17:47:26,60,0,3,60
2022-04-04T17:56:06,60,0,3,60
2022-04-04T18:04:55,60,0,3,60
2022-04-04T18:13:33,60,0,3,60
2022-04-04T18:22:11,60,0,3,60
2022-04-04T18:30:49,60,0,3,60
2022-04-04T18:39:38,60,0,3,60
2022-04-04T18:48:15,60,0,3,60
2022-04-04T18:56:53,60,0,3,60
2022-04-04T19:05:31,60,0,3,60
2022-04-04T19:14:09,60,0,3,60
2022-04-04T19:22:47,60,0,3,60
2022-04-04T19:31:25,60,0,3,60
2022-04-04T19:40:11,60,0,3,60
2022-04-04T19:48:49,60,0,3,60
2022-04-04T19:57:27,60,0,3,60
2022-04-04T20:06:05,60,0,3,60
2022-04-04T20:14:42,60,0,3,60
2022-04-04T20:23:20,60,0,3,60
2022-04-04T20:31:58,60,0,3,60
2022-04-04T20:40:36,60,0,3,60
2022-04-04T20:49:14,60,0,3,60
2022-04-04T20:57:52,60,0,3,60
2022-04-04T21:06:38,60,0,3,60
2022-04-04T21:15:16,60,0,3,60
2022-04-04T21:23:54,60,0,3,60
2022-04-04T21:32:32,60,0,3,60
2022-04-04T21:41:10,60,0,3,60
2022-04-04T21:49:48,60,0,3,60
2022-04-04T21:58:26,60,0,3,60
2022-04-04T22:07:04,60,0,3,60
2022-04-04T22:15:51,60,0,3,60
2022-04-04T22:24:30,60,0,3,60
2022-04-04T22:33:09,60,0,3,60
2022-04-04T22:41:48,60,0,3,60
2022-04-04T22:50:26,60,0,3,60
2022-04-04T22:59:05,60,0,3,60
2022-04-04T23:07:44,60,0,3,60
2022-04-04T23:16:22,60,0,3,60
2022-04-04T23:25:01,60,0,3,60
2022-04-04T23:33:48,60,0,3,60
2022-04-04T23:42:26,60,0,3,60
2022-04-04T23:51:04,60,0,3,60
2022-04-04T23:59:42,60,0,3,60
2022-04-05T00:08:20,60,0,3,60
2022-04-05T00:16:58,60,0,3,60
2022-04-05T00:25:37,60,0,3,60
2022-04-05T00:34:14,60,0,3,60
2022-04-05T00:42:53,60,0,3,60
2022-04-05T00:51:31,60,0,3,60
2022-04-05T01:00:22,60,0,3,60
2022-04-05T01:09:00,60,0,3,60
2022-04-05T01:17:38,60,0,3,60
2022-04-05T01:26:16,60,0,3,60
2022-04-05T01:34:54,60,0,3,60
2022-04-05T01:43:32,60,0,3,60
2022-04-05T01:52:10,60,0,3,60
2022-04-05T02:00:48,60,0,3,60
2022-04-05T02:09:26,60,0,3,60
2022-04-05T02:18:04,60,0,3,60
2022-04-05T02:26:42,60,0,3,60
2022-04-05T02:35:20,60,0,3,60
2022-04-05T02:43:58,60,0,3,60
2022-04-05T02:52:36,60,0,3,60
2022-04-05T03:01:14,60,0,3,60
2022-04-05T03:09:51,60,0,3,60
2022-04-05T03:18:30,60,0,3,60
2022-04-05T03:27:08,60,0,3,60
2022-04-05T03:35:46,60,0,3,60
2022-04-05T03:44:24,60,0,3,60
2022-04-05T03:53:02,60,0,3,60
2022-04-05T04:01:41,60,0,3,60
2022-04-05T04:12:28,60,0,3,60
2022-04-05T04:29:14,60,0,3,60
2022-04-05T04:38:10,60,0,3,60
2022-04-05T04:46:49,60,0,3,60
2022-04-05T04:55:28,60,0,3,60
2022-04-05T05:04:07,60,0,3,60
2022-04-05T05:12:46,60,0,3,60
2022-04-05T05:21:24,60,0,3,60
2022-04-05T05:30:03,60,0,3,60
2022-04-05T05:38:42,60,0,3,60
2022-04-05T05:47:20,60,0,3,60
2022-04-05T05:55:58,60,0,3,60
2022-04-05T06:04:37,60,0,3,60
2022-04-05T06:13:15,60,0,3,60
2022-04-05T06:21:54,60,0,3,60
2022-04-05T06:30:32,60,0,3,60
2022-04-05T06:39:10,60,0,3,60
2022-04-05T06:47:49,60,0,3,60
2022-04-05T06:56:27,60,0,3,60
2022-04-05T07:05:06,60,0,3,60
2022-04-05T07:13:44,60,0,3,60
2022-04-05T07:22:28,60,0,3,60
2022-04-05T07:31:07,60,0,3,60
2022-04-05T07:39:44,60,0,3,60
2022-04-05T07:48:22,60,0,3,60
2022-04-05T07:57:00,60,0,3,60
2022-04-05T08:05:39,60,0,3,60
2022-04-05T08:14:17,60,0,3,60
2022-04-05T08:22:55,60,0,3,60
2022-04-05T08:31:33,60,0,3,60
2022-04-05T08:40:11,60,0,3,60
2022-04-05T08:48:49,60,0,3,60
2022-04-05T08:57:27,60,0,3,60
2022-04-05T09:06:05,60,0,3,60
2022-04-05T09:14:43,60,0,3,60
2022-04-05T09:23:35,60,0,3,60
2022-04-05T09:32:20,60,0,3,60
2022-04-05T09:40:58,60,0,3,60
2022-04-05T09:49:36,60,0,3,60
2022-04-05T09:58:14,60,0,3,60
2022-04-05T10:06:52,60,0,3,60
2022-04-05T10:15:30,60,0,3,60
2022-04-05T10:24:08,60,0,3,60
2022-04-05T10:32:58,60,0,3,60
2022-04-05T10:41:36,60,0,3,60
2022-04-05T10:50:14,60,0,3,60
2022-04-05T10:58:52,60,0,3,60
2022-04-05T11:07:30,60,0,3,60
2022-04-05T11:16:09,60,0,3,60
2022-04-05T11:24:47,60,0,3,60
2022-04-05T11:33:32,60,0,3,60
2022-04-05T11:42:11,60,0,3,60
2022-04-05T11:50:49,60,0,3,60
2022-04-05T11:59:27,60,0,3,60
2022-04-05T12:08:05,60,0,3,60
2022-04-05T12:16:43,60,0,3,60
2022-04-05T12:25:21,60,0,3,60
2022-04-05T12:34:12,60,0,3,60
2022-04-05T12:42:51,60,0,3,60
2022-04-05T12:51:29,60,0,3,60
2022-04-05T13:00:07,60,0,3,60
2022-04-05T13:08:46,60,0,3,60
2022-04-05T13:17:24,60,0,3,60
2022-04-05T13:26:02,60,0,3,60
2022-04-05T13:34:53,60,0,3,60
2022-04-05T13:43:31,60,0,3,60
2022-04-05T13:52:10,60,0,3,60
2022-04-05T14:00:48,60,0,3,60
2022-04-05T14:09:26,60,0,3,60
2022-04-05T14:18:04,60,0,3,60
2022-04-05T14:26:43,60,0,3,60
2022-04-05T14:35:22,60,0,3,60
2022-04-05T14:44:10,60,0,3,60
2022-04-05T14:52:48,60,0,3,60
2022-04-05T15:01:26,60,0,3,60
2022-04-05T15:10:05,60,0,3,60
2022-04-05T15:18:43,60,0,3,60
2022-04-05T15:27:21,60,0,3,60
2022-04-05T15:35:59,60,0,3,60
2022-04-05T15:44:47,60,0,3,60
2022-04-05T15:53:25,60,0,3,60
2022-04-05T16:02:04,60,0,3,60
2022-04-05T16:10:42,60,0,3,60
2022-04-05T16:19:20,60,0,3,60
2022-04-05T16:27:58,60,0,3,60
2022-04-05T16:36:36,60,0,3,60
2022-04-05T16:45:31,60,0,3,60
2022-04-05T16:54:09,60,0,3,60
2022-04-05T17:02:47,60,0,3,60
2022-04-05T17:11:25,60,0,3,60
2022-04-05T17:20:03,60,0,3,60
2022-04-05T17:28:41,60,0,3,60
2022-04-05T17:37:19,60,0,3,60
2022-04-05T17:46:06,60,0,3,60
2022-04-05T17:59:44,60,0,3,60
2022-04-05T18:08:22,60,0,3,60
2022-04-05T18:16:59,60,0,3,60
2022-04-05T18:25:37,60,0,3,60
2022-04-05T18:34:15,60,0,3,60
2022-04-05T18:42:53,60,0,3,60
2022-04-05T18:51:31,60,0,3,60
2022-04-05T19:00:09,60,0,3,60
2022-04-05T19:08:47,60,0,3,60
2022-04-05T19:17:36,60,0,3,60
2022-04-05T19:26:14,60,0,3,60
2022-04-05T19:34:52,60,0,3,60
2022-04-05T19:43:30,60,0,3,60
2022-04-05T19:52:08,60,0,3,60
2022-04-05T20:00:46,60,0,3,60
2022-04-05T20:09:24,60,0,3,60
2022-04-05T20:18:02,60,0,3,60
2022-04-05T20:26:40,60,0,3,60
2022-04-05T20:35:17,60,0,3,60
2022-04-05T20:43:55,60,0,3,60
2022-04-05T20:52:33,60,0,3,60
2022-04-05T21:01:11,60,0,3,60
2022-04-05T21:09:48,60,0,3,60
2022-04-05T21:18:26,60,0,3,60
2022-04-05T21:27:24,60,0,3,60
2022-04-05T21:36:02,60,0,3,60
2022-04-05T21:44:40,60,0,3,60
2022-04-05T21:53:18,60,0,3,60
2022-04-05T22:01:56,60,0,3,60
2022-04-05T22:10:34,60,0,3,60
2022-04-05T22:19:12,60,0,3,60
2022-04-05T22:27:50,60,0,3,60
2022-04-05T22:36:28,60,0,3,60
2022-04-05T22:45:06,60,0,3,60
2022-04-05T22:53:44,60,0,3,60
2022-04-05T23:02:21,60,0,3,60
2022-04-05T23:11:09,60,0,3,60
2022-04-05T23:19:48,60,0,3,60
2022-04-05T23:28:25,60,0,3,60
2022-04-05T23:37:03,60,0,3,60
2022-04-05T23:45:41,60,0,3,60
2022-04-05T23:54:19,60,0,3,60
2022-04-06T00:02:57,60,0,3,60
2022-04-06T00:11:35,60,0,3,60
2022-04-06T00:20:14,60,0,3,60
2022-04-06T00:28:52,60,0,3,60
2022-04-06T00:37:30,60,0,3,60
2022-04-06T00:46:09,60,0,3,60
2022-04-06T00:54:47,60,0,3,60
2022-04-06T01:03:25,60,0,3,60
2022-04-06T01:12:04,60,0,3,60
2022-04-06T01:20:42,60,0,3,60
2022-04-06T01:29:20,60,0,3,60
2022-04-06T01:38:09,60,0,3,60
2022-04-06T01:46:47,60,0,3,60
2022-04-06T01:55:25,60,0,3,60
2022-04-06T02:04:03,60,0,3,60
2022-04-06T02:12:41,60,0,3,60
2022-04-06T02:21:19,60,0,3,60
2022-04-06T02:29:57,60,0,3,60
2022-04-06T02:38:35,60,0,3,60
2022-04-06T02:47:17,60,0,3,60
2022-04-06T02:55:56,60,0,3,60
2022-04-06T03:04:34,60,0,3,60
2022-04-06T03:13:12,60,0,3,60
2022-04-06T03:21:51,60,0,3,60
2022-04-06T03:30:28,60,0,3,60
2022-04-06T03:39:06,60,0,3,60
2022-04-06T03:47:45,60,0,3,60
2022-04-06T03:56:23,60,0,3,60
2022-04-06T04:05:01,60,0,3,60
2022-04-06T04:15:58,60,0,3,60
2022-04-06T04:34:27,60,0,3,60
2022-04-06T04:43:06,60,0,3,60
2022-04-06T04:51:44,60,0,3,60
2022-04-06T05:00:23,60,0,3,60
2022-04-06T05:09:02,60,0,3,60
2022-04-06T05:17:41,60,0,3,60
2022-04-06T05:26:19,60,0,3,60
2022-04-06T05:34:58,60,0,3,60
2022-04-06T05:43:36,60,0,3,60
2022-04-06T05:52:15,60,0,3,60
2022-04-06T06:00:54,60,0,3,60
2022-04-06T06:09:32,60,0,3,60
2022-04-06T06:18:11,60,0,3,60
2022-04-06T06:26:49,60,0,3,60
2022-04-06T06:35:28,60,0,3,60
2022-04-06T06:44:05,60,0,3,60
2022-04-06T06:52:43,60,0,3,60
2022-04-06T07:01:21,60,0,3,60
2022-04-06T07:09:59,60,0,3,60
2022-04-06T07:18:37,60,0,3,60
2022-04-06T07:27:15,60,0,3,60
2022-04-06T07:35:56,60,0,3,60
2022-04-06T07:44:34,60,0,3,60
2022-04-06T07:53:12,60,0,3,60
2022-04-06T08:01:50,60,0,3,60
2022-04-06T08:10:28,60,0,3,60
2022-04-06T08:19:06,60,0,3,60
2022-04-06T08:27:51,60,0,3,60
2022-04-06T08:36:29,60,0,3,60
2022-04-06T08:45:07,60,0,3,60
2022-04-06T08:53:45,60,0,3,60
2022-04-06T09:02:23,60,0,3,60
2022-04-06T09:11:01,60,0,3,60
2022-04-06T09:19:39,60,0,3,60
2022-04-06T09:28:17,60,0,3,60
2022-04-06T09:36:55,60,0,3,60
2022-04-06T09:45:34,60,0,3,60
2022-04-06T09:54:12,60,0,3,60
2022-04-06T10:02:50,60,0,3,60
2022-04-06T10:11:28,60,0,3,60
2022-04-06T10:20:17,60,0,3,60
2022-04-06T10:28:55,60,0,3,60
2022-04-06T10:37:33,60,0,3,60
2022-04-06T10:46:11,60,0,3,60
2022-04-06T10:54:49,60,0,3,60
2022-04-06T11:03:28,60,0,3,60
2022-04-06T11:12:06,60,0,3,60
2022-04-06T11:20:44,60,0,3,60
2022-04-06T11:29:33,60,0,3,60
2022-04-06T11:38:11,60,0,3,60
2022-04-06T11:46:49,60,0,3,60
2022-04-06T11:55:27,60,0,3,60
2022-04-06T12:04:05,60,0,3,60
2022-04-06T12:12:43,60,0,3,60
2022-04-06T12:21:21,60,0,3,60
2022-04-06T12:29:59,60,0,3,60
2022-04-06T12:38:49,60,0,3,60
2022-04-06T12:47:27,60,0,3,60
2022-04-06T12:56:05,60,0,3,60
2022-04-06T13:04:43,60,0,3,60
2022-04-06T13:13:21,60,0,3,60
2022-04-06T13:22:00,60,0,3,60
2022-04-06T13:30:38,60,0,3,60
2022-04-06T13:39:16,60,0,3,60
2022-04-06T13:48:06,60,0,3,60
2022-04-06T13:56:45,60,0,3,60
2022-04-06T14:05:23,60,0,3,60
2022-04-06T14:14:01,60,0,3,60
2022-04-06T14:22:39,60,0,3,60
2022-04-06T14:31:17,60,0,3,60
2022-04-06T14:39:55,60,0,3,60
2022-04-06T14:48:33,60,0,3,60
2022-04-06T14:57:21,60,0,3,60
2022-04-06T15:05:59,60,0,3,60
2022-04-06T15:14:37,60,0,3,60
2022-04-06T15:23:15,60,0,3,60
2022-04-06T15:31:53,60,0,3,60
2022-04-06T15:40:32,60,0,3,60
2022-04-06T15:49:10,60,0,3,60
2022-04-06T15:57:50,60,0,3,60
2022-04-06T16:06:28,60,0,3,60
2022-04-06T16:15:15,60,0,3,60
2022-04-06T16:23:54,60,0,3,60
2022-04-06T16:32:32,60,0,3,60
2022-04-06T16:41:10,60,0,3,60
2022-04-06T16:49:48,60,0,3,60
2022-04-06T16:58:25,60,0,3,60
2022-04-06T17:07:04,60,0,3,60
2022-04-06T17:15:42,60,0,3,60
2022-04-06T17:24:19,60,0,3,60
2022-04-06T17:33:11,60,0,3,60
2022-04-06T17:41:49,60,0,3,60
2022-04-06T17:50:26,60,0,3,60
2022-04-06T17:59:04,60,0,3,60
2022-04-06T18:07:42,60,0,3,60
2022-04-06T18:16:20,60,0,3,60
2022-04-06T18:24:58,60,0,3,60
2022-04-06T18:33:47,60,0,3,60
2022-04-06T18:42:26,60,0,3,60
2022-04-06T18:51:03,60,0,3,60
2022-04-06T18:59:41,60,0,3,60
2022-04-06T19:08:19,60,0,3,60
2022-04-06T19:16:57,60,0,3,60
2022-04-06T19:25:35,60,0,3,60
2022-04-06T19:34:13,60,0,3,60
2022-04-06T19:43:01,60,0,3,60
2022-04-06T19:51:39,60,0,3,60
2022-04-06T20:00:17,60,0,3,60
2022-04-06T20:08:55,60,0,3,60
2022-04-06T20:17:32,60,0,3,60
2022-04-06T20:26:10,60,0,3,60
2022-04-06T20:34:48,60,0,3,60
2022-04-06T20:43:26,60,0,3,60
2022-04-06T20:52:04,60,0,3,60
2022-04-06T21:00:42,60,0,3,60
2022-04-06T21:09:30,60,0,3,60
2022-04-06T21:18:08,60,0,3,60
2022-04-06T21:26:46,60,0,3,60
2022-04-06T21:35:24,60,0,3,60
2022-04-06T21:44:01,60,0,3,60
2022-04-06T21:52:39,60,0,3,60
2022-04-06T22:01:17,60,0,3,60
2022-04-06T22:09:55,60,0,3,60
2022-04-06T22:18:33,60,0,3,60
2022-04-06T22:27:11,60,0,3,60
2022-04-06T22:35:49,60,0,3,60
2022-04-06T22:44:36,60,0,3,60
2022-04-06T22:53:14,60,0,3,60
2022-04-06T23:01:52,60,0,3,60
2022-04-06T23:10:30,60,0,3,60
2022-04-06T23:19:08,60,0,3,60
2022-04-06T23:27:45,60,0,3,60
2022-04-06T23:36:24,60,0,3,60
2022-04-06T23:45:01,60,0,3,60
2022-04-06T23:53:39,60,0,3,60
2022-04-07T00:02:17,60,0,3,60
2022-04-07T00:11:04,60,0,3,60
2022-04-07T00:19:43,60,0,3,60
2022-04-07T00:28:21,60,0,3,60
2022-04-07T00:36:59,60,0,3,60
2022-04-07T00:45:38,60,0,3,60
2022-04-07T00:54:16,60,0,3,60
2022-04-07T01:02:54,60,0,3,60
2022-04-07T01:11:32,60,0,3,60
2022-04-07T01:20:11,60,0,3,60
2022-04-07T01:28:48,60,0,3,60
2022-04-07T01:37:26,60,0,3,60
2022-04-07T01:46:05,60,0,3,60
2022-04-07T01:54:43,60,0,3,60
2022-04-07T02:03:21,60,0,3,60
2022-04-07T02:11:59,60,0,3,60
2022-04-07T02:20:37,60,0,3,60
2022-04-07T02:29:24,60,0,3,60
2022-04-07T02:38:01,60,0,3,60
2022-04-07T02:46:39,60,0,3,60
2022-04-07T02:55:17,60,0,3,60
2022-04-07T03:03:56,60,0,3,60
2022-04-07T03:12:35,60,0,3,60
2022-04-07T03:21:13,60,0,3,60
2022-04-07T03:29:51,60,0,3,60
2022-04-07T03:38:30,60,0,3,60
2022-04-07T03:47:08,60,0,3,60
2022-04-07T03:55:46,60,0,3,60
2022-04-07T04:04:24,60,0,3,60
2022-04-07T04:28:28,60,0,3,60
2022-04-07T04:37:07,60,0,3,60
2022-04-07T04:45:45,60,0,3,60
2022-04-07T04:54:24,60,0,3,60
2022-04-07T05:03:03,60,0,3,60
2022-04-07T05:11:42,60,0,3,60
2022-04-07T05:20:20,60,0,3,60
2022-04-07T05:28:59,60,0,3,60
2022-04-07T05:37:38,60,0,3,60
2022-04-07T05:46:16,60,0,3,60
2022-04-07T05:54:54,60,0,3,60
2022-04-07T06:03:33,60,0,3,60
2022-04-07T06:12:11,60,0,3,60
2022-04-07T06:20:50,60,0,3,60
2022-04-07T06:29:28,60,0,3,60
2022-04-07T06:38:09,60,0,3,60
2022-04-07T06:46:47,60,0,3,60
2022-04-07T06:55:25,60,0,3,60
2022-04-07T07:04:03,60,0,3,60
2022-04-07T07:12:41,60,0,3,60
2022-04-07T07:21:19,60,0,3,60
2022-04-07T07:29:57,60,0,3,60
2022-04-07T07:38:44,60,0,3,60
2022-04-07T07:47:22,60,0,3,60
2022-04-07T07:56:00,60,0,3,60
2022-04-07T08:04:39,60,0,3,60
2022-04-07T08:13:17,60,0,3,60
2022-04-07T08:21:55,60,0,3,60
2022-04-07T08:30:33,60,0,3,60
2022-04-07T08:39:11,60,0,3,60
2022-04-07T08:47:49,60,0,3,60
2022-04-07T08:56:27,60,0,3,60
2022-04-07T09:05:05,60,0,3,60
2022-04-07T09:13:43,60,0,3,60
2022-04-07T09:22:22,60,0,3,60
2022-04-07T09:31:00,60,0,3,60
2022-04-07T09:39:38,60,0,3,60
2022-04-07T09:48:16,60,0,3,60
2022-04-07T09:56:54,60,0,3,60
2022-04-07T10:05:44,60,0,3,60
2022-04-07T10:14:22,60,0,3,60
2022-04-07T10:23:00,60,0,3,60
2022-04-07T10:31:38,60,0,3,60
2022-04-07T10:40:16,60,0,3,60
2022-04-07T10:48:54,60,0,3,60
2022-04-07T10:57:32,60,0,3,60
2022-04-07T11:06:11,60,0,3,60
2022-04-07T11:14:49,60,0,3,60
2022-04-07T11:23:27,60,0,3,60
2022-04-07T11:32:05,60,0,3,60
2022-04-07T11:40:43,60,0,3,60
2022-04-07T11:49:22,60,0,3,60
2022-04-07T11:58:11,60,0,3,60
2022-04-07T12:06:49,60,0,3,60
2022-04-07T12:15:27,60,0,3,60
2022-04-07T12:24:05,60,0,3,60
2022-04-07T12:32:43,60,0,3,60
2022-04-07T12:41:21,60,0,3,60
2022-04-07T12:49:59,60,0,3,60
2022-04-07T12:58:37,60,0,3,60
2022-04-07T13:07:15,60,0,3,60
2022-04-07T13:16:01,60,0,3,60
2022-04-07T13:24:39,60,0,3,60
2022-04-07T13:33:17,60,0,3,60
2022-04-07T13:41:56,60,0,3,60
2022-04-07T13:50:34,60,0,3,60
2022-04-07T13:59:12,60,0,3,60
2022-04-07T14:07:50,60,0,3,60
2022-04-07T14:16:41,60,0,3,60
2022-04-07T14:25:19,60,0,3,60
2022-04-07T14:33:59,60,0,3,60
2022-04-07T14:42:37,60,0,3,60
2022-04-07T14:51:15,60,0,3,60
2022-04-07T14:59:53,60,0,3,60
2022-04-07T15:08:31,60,0,3,60
2022-04-07T15:17:09,60,0,3,60
2022-04-07T15:25:47,60,0,3,60
2022-04-07T15:34:26,60,0,3,60
2022-04-07T15:43:04,60,0,3,60
2022-04-07T15:51:42,60,0,3,60
2022-04-07T16:00:20,60,0,3,60
2022-04-07T16:09:08,60,0,3,60
2022-04-07T16:17:46,60,0,3,60
2022-04-07T16:26:25,60,0,3,60
2022-04-07T16:35:03,60,0,3,60
2022-04-07T16:43:41,60,0,3,60
2022-04-07T16:52:19,60,0,3,60
2022-04-07T17:00:57,60,0,3,60
2022-04-07T17:09:35,60,0,3,60
2022-04-07T17:18:13,60,0,3,60
2022-04-07T17:26:51,60,0,3,60
2022-04-07T17:35:39,60,0,3,60
2022-04-07T17:44:17,60,0,3,60
2022-04-07T17:52:55,60,0,3,60
2022-04-07T18:01:33,60,0,3,60
2022-04-07T18:10:11,60,0,3,60
2022-04-07T18:18:49,60,0,3,60
2022-04-07T18:27:27,60,0,3,60
2022-04-07T18:36:16,60,0,3,60
2022-04-07T18:44:54,60,0,3,60
2022-04-07T18:53:32,60,0,3,60
2022-04-07T19:02:09,60,0,3,60
2022-04-07T19:10:47,60,0,3,60
2022-04-07T19:19:25,60,0,3,60
2022-04-07T19:28:03,60,0,3,60
2022-04-07T19:36:41,60,0,3,60
2022-04-07T19:45:19,60,0,3,60
2022-04-07T19:53:57,60,0,3,60
2022-04-07T20:02:46,60,0,3,60
2022-04-07T20:11:23,60,0,3,60
2022-04-07T20:20:01,60,0,3,60
2022-04-07T20:28:39,60,0,3,60
2022-04-07T20:37:17,60,0,3,60
2022-04-07T20:45:55,60,0,3,60
2022-04-07T20:54:33,60,0,3,60
2022-04-07T21:03:10,60,0,3,60
2022-04-07T21:11:48,60,0,3,60
2022-04-07T21:20:26,60,0,2,60
2022-04-07T21:29:04,60,0,2,60
2022-04-07T21:37:42,60,0,2,60
2022-04-07T21:46:20,60,0,2,60
2022-04-07T21:55:08,60,0,2,60
2022-04-07T22:03:46,60,0,2,60
2022-04-07T22:12:24,60,0,2,60
2022-04-07T22:21:03,60,0,2,60
2022-04-07T22:29:41,60,0,2,60
2022-04-07T22:38:18,60,0,2,60
2022-04-07T22:46:56,60,0,2,60
2022-04-07T22:55:34,60,0,2,60
2022-04-07T23:04:12,60,0,2,60
2022-04-07T23:12:50,60,0,2,60
2022-04-07T23:21:29,60,0,2,60
2022-04-07T23:30:18,60,0,2,60
2022-04-07T23:38:55,60,0,2,60
2022-04-07T23:47:33,60,0,2,60
2022-04-07T23:56:11,60,0,2,60
2022-04-08T00:04:49,60,0,2,60
2022-04-08T00:13:28,60,0,2,60
2022-04-08T00:22:06,60,0,2,60
2022-04-08T00:30:44,59,1,2,60
2022-04-08T00:39:23,59,1,2,60
2022-04-08T00:48:01,59,1,2,60
2022-04-08T00:56:39,59,1,2,60
2022-04-08T01:05:17,59,1,2,60
2022-04-08T01:13:56,59,1,2,60
2022-04-08T01:22:34,59,1,2,60
2022-04-08T01:31:12,59,1,2,60
2022-04-08T01:39:50,59,1,2,60
2022-04-08T01:48:28,59,1,2,60
2022-04-08T01:57:06,59,1,2,60
2022-04-08T02:05:44,59,1,2,60
2022-04-08T02:14:22,59,1,2,60
2022-04-08T02:23:00,59,1,2,60
2022-04-08T02:31:38,59,1,2,60
2022-04-08T02:40:19,59,1,2,60
2022-04-08T02:48:57,59,1,2,60
2022-04-08T02:57:36,59,1,2,60
2022-04-08T03:06:15,59,1,2,60
2022-04-08T03:14:53,59,1,2,60
2022-04-08T03:23:32,59,1,2,60
2022-04-08T03:32:10,59,1,2,60
2022-04-08T03:40:48,59,1,2,60
2022-04-08T03:49:27,59,1,2,60
2022-04-08T04:00:03,59,1,2,60
2022-04-08T04:08:59,59,1,2,60
2022-04-08T04:17:38,59,1,2,60
2022-04-08T04:29:33,59,1,2,60
2022-04-08T04:38:31,59,1,2,60
2022-04-08T04:47:12,59,1,2,60
2022-04-08T04:55:53,59,1,2,60
2022-04-08T05:04:34,59,1,2,60
2022-04-08T05:13:15,59,1,2,60
2022-04-08T05:21:55,59,1,2,60
2022-04-08T05:30:35,59,1,2,60
2022-04-08T05:39:16,59,1,2,60
2022-04-08T05:47:56,59,1,2,60
2022-04-08T05:56:35,59,1,2,60
2022-04-08T06:05:14,59,1,2,60
2022-04-08T06:13:54,59,1,2,60
2022-04-08T06:22:35,59,1,2,60
2022-04-08T06:31:14,59,1,2,60
2022-04-08T06:39:54,59,1,2,60
2022-04-08T06:48:33,59,1,2,60
2022-04-08T06:57:12,59,1,2,60
2022-04-08T07:05:51,59,1,2,60
2022-04-08T07:14:31,59,1,2,60
2022-04-08T07:23:10,59,1,2,60
2022-04-08T07:31:49,59,1,2,60
2022-04-08T07:40:28,59,1,2,60
2022-04-08T07:49:06,59,1,2,60
2022-04-08T07:57:45,59,1,2,60
2022-04-08T08:06:24,59,1,2,60
2022-04-08T08:15:02,59,1,2,60
2022-04-08T08:23:40,59,1,2,60
2022-04-08T08:32:18,59,1,2,60
2022-04-08T08:40:56,59,1,2,60
2022-04-08T08:49:46,59,1,2,60
2022-04-08T08:58:24,59,1,2,60
2022-04-08T09:07:02,59,1,2,60
2022-04-08T09:15:40,59,1,2,60
2022-04-08T09:24:19,59,1,2,60
2022-04-08T09:32:58,59,1,2,60
2022-04-08T09:41:37,59,1,2,60
2022-04-08T09:50:16,59,1,2,60
2022-04-08T09:58:54,59,1,2,60
2022-04-08T10:07:33,59,1,2,60
2022-04-08T10:16:11,59,1,2,60
2022-04-08T10:24:49,59,1,2,60
2022-04-08T10:33:38,59,1,2,60
2022-04-08T10:42:16,59,1,2,60
2022-04-08T10:50:54,59,1,2,60
2022-04-08T10:59:32,59,1,2,60
2022-04-08T11:08:10,59,1,2,60
2022-04-08T11:16:49,59,1,2,60
2022-04-08T11:25:26,59,1,2,60
2022-04-08T11:34:05,59,1,2,60
2022-04-08T11:42:43,59,1,2,60
2022-04-08T11:51:21,60,0,1,60
2022-04-08T12:00:09,60,0,0,60
2022-04-08T12:08:47,60,0,0,60
2022-04-08T12:17:25,60,0,0,60
2022-04-08T12:26:03,60,0,0,60
2022-04-08T12:34:41,60,0,0,60
2022-04-08T12:43:20,60,0,0,60
2022-04-08T12:51:58,60,0,0,60
2022-04-08T13:00:36,60,0,0,60
2022-04-08T13:09:14,60,0,0,60
2022-04-08T13:17:52,60,0,0,60
2022-04-08T13:26:39,60,0,0,60
2022-04-08T13:35:18,60,0,0,60
2022-04-08T13:43:56,60,0,0,60
2022-04-08T13:52:34,60,0,0,60
2022-04-08T14:01:12,60,0,0,60
2022-04-08T14:09:50,60,0,0,60
2022-04-08T14:18:28,60,0,0,60
2022-04-08T14:27:13,60,0,0,60
2022-04-08T14:35:52,60,0,0,60
2022-04-08T14:44:30,60,0,0,60
2022-04-08T14:53:08,60,0,0,60
2022-04-08T15:01:46,60,0,0,60
2022-04-08T15:10:24,60,0,0,60
2022-04-08T15:19:02,60,0,0,60
2022-04-08T15:27:40,60,0,0,60
2022-04-08T15:36:18,60,0,0,60
2022-04-08T15:44:56,60,0,0,60
2022-04-08T15:53:34,60,0,0,60
2022-04-08T16:02:12,60,0,0,60
2022-04-08T16:10:50,60,0,0,60
2022-04-08T16:19:37,60,0,0,60
2022-04-08T16:28:15,60,0,0,60
2022-04-08T16:36:53,60,0,0,60
2022-04-08T16:45:31,60,0,0,60
2022-04-08T16:54:09,60,0,0,60
2022-04-08T17:02:46,60,0,0,60
2022-04-08T17:11:24,60,0,0,60
2022-04-08T17:20:02,60,0,0,60
2022-04-08T17:28:40,60,0,0,60
2022-04-08T17:37:18,60,0,0,60
2022-04-08T17:45:56,60,0,0,60
2022-04-08T17:54:34,60,0,0,60
2022-04-08T18:03:12,60,0,0,60
2022-04-08T18:11:58,60,0,0,60
2022-04-08T18:20:36,60,0,0,60
2022-04-08T18:29:14,60,0,0,60
2022-04-08T18:37:52,60,0,0,60
2022-04-08T18:46:30,60,0,0,60
2022-04-08T18:55:07,60,0,0,60
2022-04-08T19:03:45,60,0,0,60
2022-04-08T19:12:23,60,0,0,60
2022-04-08T19:21:01,60,0,0,60
2022-04-08T19:29:39,60,0,0,60
2022-04-08T19:38:17,60,0,0,60
2022-04-08T19:46:54,60,0,0,60
2022-04-08T19:55:32,60,0,0,60
2022-04-08T20:04:10,60,0,0,60
2022-04-08T20:12:48,60,0,0,60
2022-04-08T20:21:26,60,0,0,60
2022-04-08T20:30:04,60,0,0,60
2022-04-08T20:38:42,60,0,0,60
2022-04-08T20:47:30,60,0,0,60
2022-04-08T20:56:07,60,0,0,60
2022-04-08T21:04:45,60,0,0,60
2022-04-08T21:13:23,60,0,0,60
2022-04-08T21:22:01,60,0,0,60
2022-04-08T21:30:39,60,0,0,60
2022-04-08T21:39:16,60,0,0,60
2022-04-08T21:47:54,60,0,0,60
2022-04-08T21:56:32,60,0,0,60
2022-04-08T22:05:10,60,0,0,60
2022-04-08T22:13:48,60,0,0,60
2022-04-08T22:34:13,60,0,0,60
2022-04-08T22:43:01,60,0,0,60
2022-04-08T22:51:40,60,0,0,60
2022-04-08T23:00:18,60,0,0,60
2022-04-08T23:08:56,60,0,0,60
2022-04-08T23:17:34,60,0,0,60
2022-04-08T23:26:15,60,0,0,60
2022-04-08T23:34:53,60,0,0,60
2022-04-08T23:43:30,60,0,0,60
2022-04-08T23:52:08,60,0,0,60
2022-04-09T00:00:46,60,0,0,60
2022-04-09T00:09:24,60,0,0,60
2022-04-09T00:18:02,60,0,0,60
2022-04-09T00:26:40,60,0,0,60
2022-04-09T00:35:19,60,0,0,60
2022-04-09T00:43:57,60,0,0,60
2022-04-09T00:52:36,60,0,0,60
2022-04-09T01:01:14,60,0,0,60
2022-04-09T01:09:52,60,0,0,60
2022-04-09T01:18:31,60,0,0,60
2022-04-09T01:27:09,60,0,0,60
2022-04-09T01:35:48,60,0,0,60
2022-04-09T01:44:26,60,0,0,60
2022-04-09T01:53:05,60,0,0,60
2022-04-09T02:01:43,60,0,0,60
2022-04-09T02:10:21,60,0,0,60
2022-04-09T02:18:59,60,0,0,60
2022-04-09T02:27:36,60,0,0,60
2022-04-09T02:36:14,60,0,0,60
2022-04-09T02:44:52,60,0,0,60
2022-04-09T02:53:30,60,0,0,60
2022-04-09T03:02:08,60,0,0,60
2022-04-09T03:10:58,60,0,0,60
2022-04-09T03:19:36,60,0,0,60
2022-04-09T03:28:15,60,0,0,60
2022-04-09T03:36:53,60,0,0,60
2022-04-09T03:45:31,60,0,0,60
2022-04-09T03:54:10,60,0,0,60
2022-04-09T04:02:48,60,0,0,60
2022-04-09T04:11:27,60,0,0,60
2022-04-09T04:22:07,60,0,0,60
2022-04-09T04:30:46,60,0,0,60
2022-04-09T04:40:23,60,0,0,60
2022-04-09T04:49:13,60,0,0,60
2022-04-09T04:57:52,60,0,0,60
2022-04-09T05:06:31,60,0,0,60
2022-04-09T05:15:10,60,0,0,60
2022-04-09T05:23:48,60,0,0,60
2022-04-09T05:32:27,60,0,0,60
2022-04-09T05:41:06,60,0,0,60
2022-04-09T05:49:45,60,0,0,60
2022-04-09T05:58:23,60,0,0,60
2022-04-09T06:07:02,60,0,0,60
2022-04-09T06:15:40,60,0,0,60
2022-04-09T06:24:19,60,0,0,60
2022-04-09T06:32:58,60,0,0,60
2022-04-09T06:41:36,60,0,0,60
2022-04-09T06:50:15,60,0,0,60
2022-04-09T06:58:53,60,0,0,60
2022-04-09T07:07:32,60,0,0,60
2022-04-09T07:16:11,60,0,0,60
2022-04-09T07:24:49,60,0,0,60
2022-04-09T07:33:28,60,0,0,60
2022-04-09T07:42:06,60,0,0,60
2022-04-09T07:50:44,60,0,0,60
2022-04-09T07:59:23,60,0,0,60
2022-04-09T08:08:01,60,0,0,60
2022-04-09T08:16:39,60,0,0,60
2022-04-09T08:25:18,60,0,0,60
2022-04-09T08:33:56,60,0,0,60
2022-04-09T08:42:34,60,0,0,60
2022-04-09T08:51:12,60,0,0,60
2022-04-09T08:59:50,60,0,0,60
2022-04-09T09:08:28,60,0,0,60
2022-04-09T09:17:06,60,0,0,60
2022-04-09T09:25:44,60,0,0,60
2022-04-09T09:34:22,60,0,0,60
2022-04-09T09:42:59,60,0,0,60
2022-04-09T09:51:37,60,0,0,60
2022-04-09T10:00:15,60,0,0,60
2022-04-09T10:08:53,60,0,0,60
2022-04-09T10:17:30,60,0,0,60
2022-04-09T10:26:08,60,0,0,60
2022-04-09T10:34:46,60,0,0,60
2022-04-09T10:43:24,60,0,0,60
2022-04-09T10:52:02,60,0,0,60
2022-04-09T11:00:49,60,0,0,60
2022-04-09T11:09:26,60,0,0,60
2022-04-09T11:18:04,60,0,0,60
2022-04-09T11:26:42,60,0,0,60
2022-04-09T11:35:19,60,0,0,60
2022-04-09T11:43:57,60,0,0,60
2022-04-09T11:52:35,60,0,0,60
2022-04-09T12:01:13,60,0,0,60
2022-04-09T12:09:51,60,0,0,60
2022-04-09T12:18:28,60,0,0,60
2022-04-09T12:27:06,60,0,0,60
2022-04-09T12:35:44,60,0,0,60
